nohup: ignoring input
Resetting to a992f29451b9e140424f35ac5e20177db4afbdc0
From https://github.com/llvm/llvm-project
 * branch                      a992f29451b9e140424f35ac5e20177db4afbdc0 -> FETCH_HEAD
HEAD is now at a992f29451b9 [AMDGPU] Emit amdgpu.max_num_named_barrier resource symbol (#169851)
Configuring with -G Ninja -DCMAKE_BUILD_TYPE=RelWithDebInfo -DLLVM_CCACHE_BUILD=OFF -DLLVM_ENABLE_ASSERTIONS=ON -DCMAKE_C_COMPILER=clang -DCMAKE_CXX_COMPILER=clang++ -DLLVM_ENABLE_LLD=ON -DBUILD_SHARED_LIBS=OFF -DLLVM_OPTIMIZED_TABLEGEN=ON -DMLIR_ENABLE_BINDINGS_PYTHON=OFF -DLLVM_ENABLE_ZSTD=OFF -DLLVM_TARGETS_TO_BUILD=Native;NVPTX;AMDGPU -DCMAKE_EXPORT_COMPILE_COMMANDS=1 -DLLVM_ENABLE_PROJECTS=mlir;llvm;lld -DCMAKE_INSTALL_PREFIX=/home/zick/prj/triton_custom/llvm-project/install -B/home/zick/prj/triton_custom/llvm-project/build /home/zick/prj/triton_custom/llvm-project/llvm
-- bolt project is disabled
-- clang project is disabled
-- clang-tools-extra project is disabled
-- compiler-rt project is disabled
-- cross-project-tests project is disabled
-- libclc project is disabled
-- lld project is enabled
-- lldb project is disabled
-- mlir project is enabled
-- openmp project is disabled
-- polly project is disabled
-- flang project is disabled
-- libc project is disabled
-- Could NOT find LibEdit (missing: LibEdit_INCLUDE_DIRS LibEdit_LIBRARIES) 
-- LLVM host triple: x86_64-unknown-linux-gnu
-- Native target architecture is X86
-- Threads enabled.
-- Doxygen disabled.
-- Ninja version: 1.11.1
-- Could NOT find OCaml (missing: OCAMLFIND OCAML_VERSION OCAML_STDLIB_PATH) 
-- Could NOT find OCaml (missing: OCAMLFIND OCAML_VERSION OCAML_STDLIB_PATH) 
-- OCaml bindings disabled.
-- LLVM default target triple: x86_64-unknown-linux-gnu
-- Building with -fPIC
-- Setting native build dir to /home/zick/prj/triton_custom/llvm-project/build/NATIVE
-- Setting native stamp dir to /home/zick/prj/triton_custom/llvm-project/build/NATIVE-stamps
-- Targeting NVPTX
-- Targeting AMDGPU
-- Targeting X86
-- LLD version: 22.0.0
-- Could not find nvcc, please set CUDAToolkit_ROOT.
-- Registering ExampleIRTransforms as a pass plugin (static build: OFF)
-- Registering Bye as a pass plugin (static build: OFF)
-- Failed to find LLVM FileCheck
-- Google Benchmark version: v0.0.0, normalized to 0.0.0
-- Enabling additional flags: -DINCLUDE_DIRECTORIES=/home/zick/prj/triton_custom/llvm-project/third-party/benchmark/include
-- Performing Test HAVE_THREAD_SAFETY_ATTRIBUTES -- success
-- Performing Test HAVE_GNU_POSIX_REGEX -- failed to compile
-- Performing Test HAVE_POSIX_REGEX -- success
-- Performing Test HAVE_STEADY_CLOCK -- success
-- Performing Test HAVE_PTHREAD_AFFINITY -- success
-- Configuring done (7.0s)
-- Generating done (4.8s)
-- Build files have been written to: /home/zick/prj/triton_custom/llvm-project/build
Building LLVM
ninja: Entering directory `/home/zick/prj/triton_custom/llvm-project/build'
[1/3563] Generating VCSRevision.h
[2/3560] Building X86GenCallingConv.inc...
[3/3560] Building X86GenAsmWriter1.inc...
[4/3560] Building X86GenAsmWriter.inc...
[5/3560] Building X86GenAsmMatcher.inc...
[6/3560] Building X86GenDisassemblerTables.inc...
[7/3560] Building X86GenExegesis.inc...
[8/3560] Building X86GenFoldTables.inc...
[9/3560] Building X86GenDAGISel.inc...
[10/3560] Building X86GenFastISel.inc...
[11/3560] Building X86GenGlobalISel.inc...
[12/3560] Building X86GenInstrMapping.inc...
[13/3560] Building X86GenMnemonicTables.inc...
[14/3560] Building X86GenRegisterBank.inc...
[15/3560] Building X86GenRegisterInfo.inc...
[16/3560] Building AMDGPUGenSDNodeInfo.inc...
[17/3560] Building CXX object lib/SandboxIR/CMakeFiles/LLVMSandboxIR.dir/Argument.cpp.o
[18/3560] Building AMDGPUGenSubtargetInfo.inc...
[19/3560] Building AMDGPUGenSearchableTables.inc...
[20/3560] Building CXX object lib/SandboxIR/CMakeFiles/LLVMSandboxIR.dir/Constant.cpp.o
[21/3560] Building CXX object lib/SandboxIR/CMakeFiles/LLVMSandboxIR.dir/Function.cpp.o
[22/3560] Building CXX object lib/SandboxIR/CMakeFiles/LLVMSandboxIR.dir/BasicBlock.cpp.o
[23/3560] Building X86GenInstrInfo.inc...
[24/3560] Building CXX object lib/SandboxIR/CMakeFiles/LLVMSandboxIR.dir/Pass.cpp.o
[25/3560] Building CXX object lib/SandboxIR/CMakeFiles/LLVMSandboxIR.dir/PassManager.cpp.o
[26/3560] Building CXX object lib/SandboxIR/CMakeFiles/LLVMSandboxIR.dir/Module.cpp.o
[27/3560] Building CXX object lib/SandboxIR/CMakeFiles/LLVMSandboxIR.dir/Type.cpp.o
[28/3560] Building CXX object lib/SandboxIR/CMakeFiles/LLVMSandboxIR.dir/Use.cpp.o
[29/3560] Building CXX object lib/SandboxIR/CMakeFiles/LLVMSandboxIR.dir/User.cpp.o
[30/3560] Building CXX object lib/Target/NVPTX/CMakeFiles/LLVMNVPTXCodeGen.dir/NVPTXTargetTransformInfo.cpp.o
[31/3560] Building X86GenSubtargetInfo.inc...
[32/3560] Building CXX object lib/AsmParser/CMakeFiles/LLVMAsmParser.dir/AsmParserContext.cpp.o
[33/3560] Building CXX object lib/SandboxIR/CMakeFiles/LLVMSandboxIR.dir/Value.cpp.o
[34/3560] Building CXX object lib/SandboxIR/CMakeFiles/LLVMSandboxIR.dir/Region.cpp.o
[35/3560] Building CXX object lib/SandboxIR/CMakeFiles/LLVMSandboxIR.dir/Tracker.cpp.o
[36/3560] Building CXX object lib/Target/NVPTX/CMakeFiles/LLVMNVPTXCodeGen.dir/NVPTXTargetMachine.cpp.o
[37/3560] Building CXX object lib/AsmParser/CMakeFiles/LLVMAsmParser.dir/LLLexer.cpp.o
[38/3560] Building CXX object lib/SandboxIR/CMakeFiles/LLVMSandboxIR.dir/Context.cpp.o
[39/3560] Building CXX object lib/SandboxIR/CMakeFiles/LLVMSandboxIR.dir/Instruction.cpp.o
[40/3560] Building CXX object lib/Target/X86/CMakeFiles/LLVMX86CodeGen.dir/X86AvoidTrailingCall.cpp.o
[41/3560] Building CXX object lib/Target/X86/CMakeFiles/LLVMX86CodeGen.dir/X86ArgumentStackSlotRebase.cpp.o
[42/3560] Building CXX object lib/Target/X86/CMakeFiles/LLVMX86CodeGen.dir/X86CallFrameOptimization.cpp.o
[43/3560] Building CXX object lib/Target/X86/CMakeFiles/LLVMX86CodeGen.dir/X86CmovConversion.cpp.o
[44/3560] Building CXX object lib/Target/X86/CMakeFiles/LLVMX86CodeGen.dir/X86AsmPrinter.cpp.o
[45/3560] Building AMDGPUGenCallingConv.inc...
[46/3560] Building CXX object lib/Target/X86/CMakeFiles/LLVMX86CodeGen.dir/X86DomainReassignment.cpp.o
[47/3560] Building CXX object lib/Target/X86/CMakeFiles/LLVMX86CodeGen.dir/X86CallingConv.cpp.o
[48/3560] Building AMDGPUGenAsmWriter.inc...
[49/3560] Building CXX object lib/Target/X86/CMakeFiles/LLVMX86CodeGen.dir/X86LowerTileCopy.cpp.o
[50/3560] Building CXX object lib/Target/X86/CMakeFiles/LLVMX86CodeGen.dir/X86LowerAMXType.cpp.o
[51/3560] Building CXX object lib/Target/X86/CMakeFiles/LLVMX86CodeGen.dir/X86TileConfig.cpp.o
[52/3560] Building AMDGPUGenGlobalISel.inc...
[53/3560] Building AMDGPUGenInstrInfo.inc...
[54/3560] Building CXX object lib/Target/X86/CMakeFiles/LLVMX86CodeGen.dir/X86LowerAMXIntrinsics.cpp.o
[55/3560] Building AMDGPUGenDAGISel.inc...
[56/3560] Building CXX object lib/Target/X86/CMakeFiles/LLVMX86CodeGen.dir/X86FastTileConfig.cpp.o
[57/3560] Building CXX object lib/Target/X86/CMakeFiles/LLVMX86CodeGen.dir/X86FastPreTileConfig.cpp.o
[58/3560] Building CXX object lib/Target/X86/CMakeFiles/LLVMX86CodeGen.dir/X86ExpandPseudo.cpp.o
[59/3560] Building CXX object lib/Target/X86/CMakeFiles/LLVMX86CodeGen.dir/X86FixupBWInsts.cpp.o
[60/3560] Building CXX object lib/Target/X86/CMakeFiles/LLVMX86CodeGen.dir/X86PreTileConfig.cpp.o
[61/3560] Building CXX object lib/Target/X86/CMakeFiles/LLVMX86CodeGen.dir/X86FixupInstTuning.cpp.o
[62/3560] Building CXX object lib/Target/X86/CMakeFiles/LLVMX86CodeGen.dir/X86FixupLEAs.cpp.o
[63/3560] Building CXX object lib/Target/X86/CMakeFiles/LLVMX86CodeGen.dir/X86FixupSetCC.cpp.o
[64/3560] Building CXX object lib/AsmParser/CMakeFiles/LLVMAsmParser.dir/LLParser.cpp.o
[65/3560] Building CXX object lib/Target/X86/CMakeFiles/LLVMX86CodeGen.dir/X86DynAllocaExpander.cpp.o
[66/3560] Building CXX object lib/Target/X86/CMakeFiles/LLVMX86CodeGen.dir/X86FixupVectorConstants.cpp.o
[67/3560] Building CXX object lib/Target/X86/CMakeFiles/LLVMX86CodeGen.dir/X86AvoidStoreForwardingBlocks.cpp.o
[68/3560] Building CXX object lib/Target/X86/CMakeFiles/LLVMX86CodeGen.dir/X86FloatingPoint.cpp.o
[69/3560] Building AMDGPUGenRegisterBank.inc...
[70/3560] Building CXX object lib/Target/X86/CMakeFiles/LLVMX86CodeGen.dir/X86FlagsCopyLowering.cpp.o
[71/3560] Building CXX object lib/Target/X86/CMakeFiles/LLVMX86CodeGen.dir/X86CodeGenPassBuilder.cpp.o
[72/3560] Building CXX object lib/Target/X86/CMakeFiles/LLVMX86CodeGen.dir/X86IndirectBranchTracking.cpp.o
[73/3560] Building CXX object lib/Target/X86/CMakeFiles/LLVMX86CodeGen.dir/X86InstrFMA3Info.cpp.o
[74/3560] Building CXX object lib/Target/X86/CMakeFiles/LLVMX86CodeGen.dir/X86InstrFoldTables.cpp.o
[75/3560] Building CXX object lib/Target/X86/CMakeFiles/LLVMX86CodeGen.dir/X86IndirectThunks.cpp.o
[76/3560] Building CXX object lib/Target/X86/CMakeFiles/LLVMX86CodeGen.dir/X86CompressEVEX.cpp.o
[77/3560] Building CXX object lib/Target/X86/CMakeFiles/LLVMX86CodeGen.dir/X86InterleavedAccess.cpp.o
[78/3560] Building AMDGPUGenAsmMatcher.inc...
[79/3560] Building CXX object lib/Target/X86/CMakeFiles/LLVMX86CodeGen.dir/X86FastISel.cpp.o
[80/3560] Building CXX object lib/Target/X86/CMakeFiles/LLVMX86CodeGen.dir/X86LoadValueInjectionRetHardening.cpp.o
[81/3560] Building CXX object lib/Target/X86/CMakeFiles/LLVMX86CodeGen.dir/X86MachineFunctionInfo.cpp.o
[82/3560] Building CXX object lib/Target/X86/CMakeFiles/LLVMX86CodeGen.dir/X86FrameLowering.cpp.o
[83/3560] Building CXX object lib/Target/X86/CMakeFiles/LLVMX86CodeGen.dir/X86ISelLoweringCall.cpp.o
[84/3560] Building CXX object lib/Target/X86/CMakeFiles/LLVMX86CodeGen.dir/X86MacroFusion.cpp.o
[85/3560] Building AMDGPUGenRegisterInfo.inc...
[86/3560] Building CXX object lib/Target/X86/CMakeFiles/LLVMX86CodeGen.dir/X86ShuffleDecodeConstantPool.cpp.o
[87/3560] Building CXX object lib/Target/X86/CMakeFiles/LLVMX86CodeGen.dir/X86PadShortFunction.cpp.o
[88/3560] Building CXX object lib/Target/X86/CMakeFiles/LLVMX86CodeGen.dir/X86LoadValueInjectionLoadHardening.cpp.o
[89/3560] Building CXX object lib/Target/X86/CMakeFiles/LLVMX86CodeGen.dir/X86OptimizeLEAs.cpp.o
[90/3560] Building CXX object lib/Target/X86/CMakeFiles/LLVMX86CodeGen.dir/X86InstCombineIntrinsic.cpp.o
[91/3560] Building CXX object lib/Target/X86/CMakeFiles/LLVMX86CodeGen.dir/X86SelectionDAGInfo.cpp.o
[92/3560] Building CXX object lib/Target/X86/CMakeFiles/LLVMX86CodeGen.dir/X86PartialReduction.cpp.o
[93/3560] Building CXX object lib/Target/X86/CMakeFiles/LLVMX86CodeGen.dir/X86SpeculativeExecutionSideEffectSuppression.cpp.o
[94/3560] Building CXX object lib/Target/X86/CMakeFiles/LLVMX86CodeGen.dir/X86ReturnThunks.cpp.o
[95/3560] Building CXX object lib/Target/X86/CMakeFiles/LLVMX86CodeGen.dir/X86TargetObjectFile.cpp.o
[96/3560] Building CXX object lib/Target/X86/CMakeFiles/LLVMX86CodeGen.dir/X86MCInstLower.cpp.o
[97/3560] Building CXX object lib/Target/X86/CMakeFiles/LLVMX86CodeGen.dir/X86SuppressAPXForReloc.cpp.o
[98/3560] Building CXX object lib/Target/X86/CMakeFiles/LLVMX86CodeGen.dir/X86ISelDAGToDAG.cpp.o
[99/3560] Building CXX object lib/Target/X86/CMakeFiles/LLVMX86CodeGen.dir/X86RegisterInfo.cpp.o
[100/3560] Building CXX object lib/Target/X86/CMakeFiles/LLVMX86CodeGen.dir/X86InstrInfo.cpp.o
[101/3560] Building CXX object lib/Target/X86/CMakeFiles/LLVMX86CodeGen.dir/X86WinEHUnwindV2.cpp.o
[102/3560] Building CXX object lib/Target/X86/CMakeFiles/LLVMX86CodeGen.dir/X86VZeroUpper.cpp.o
[103/3560] Building CXX object lib/Target/X86/CMakeFiles/LLVMX86CodeGen.dir/X86SpeculativeLoadHardening.cpp.o
[104/3560] Building CXX object lib/Target/X86/CMakeFiles/LLVMX86CodeGen.dir/X86Subtarget.cpp.o
[105/3560] Building CXX object lib/Target/X86/MCTargetDesc/CMakeFiles/LLVMX86Desc.dir/X86ATTInstPrinter.cpp.o
[106/3560] Building CXX object lib/Target/X86/CMakeFiles/LLVMX86CodeGen.dir/X86InsertWait.cpp.o
[107/3560] Building CXX object lib/Target/X86/MCTargetDesc/CMakeFiles/LLVMX86Desc.dir/X86IntelInstPrinter.cpp.o
[108/3560] Building CXX object lib/Target/X86/CMakeFiles/LLVMX86CodeGen.dir/X86WinEHState.cpp.o
[109/3560] Building CXX object lib/Target/X86/MCTargetDesc/CMakeFiles/LLVMX86Desc.dir/X86InstPrinterCommon.cpp.o
[110/3560] Building CXX object lib/Target/X86/MCTargetDesc/CMakeFiles/LLVMX86Desc.dir/X86InstComments.cpp.o
[111/3560] Building CXX object lib/Target/X86/MCA/CMakeFiles/LLVMX86TargetMCA.dir/X86CustomBehaviour.cpp.o
[112/3560] Building CXX object lib/Target/X86/MCTargetDesc/CMakeFiles/LLVMX86Desc.dir/X86ShuffleDecode.cpp.o
[113/3560] Building CXX object lib/Target/X86/CMakeFiles/LLVMX86CodeGen.dir/GISel/X86CallLowering.cpp.o
[114/3560] Building CXX object lib/Target/X86/CMakeFiles/LLVMX86CodeGen.dir/GISel/X86RegisterBankInfo.cpp.o
[115/3560] Building CXX object lib/Target/X86/MCTargetDesc/CMakeFiles/LLVMX86Desc.dir/X86EncodingOptimization.cpp.o
[116/3560] Building CXX object lib/Target/X86/Disassembler/CMakeFiles/LLVMX86Disassembler.dir/X86Disassembler.cpp.o
[117/3560] Building InstCombineTables.inc...
[118/3560] Building CXX object lib/Target/X86/MCTargetDesc/CMakeFiles/LLVMX86Desc.dir/X86MCAsmInfo.cpp.o
[119/3560] Building CXX object lib/Target/X86/CMakeFiles/LLVMX86CodeGen.dir/GISel/X86LegalizerInfo.cpp.o
[120/3560] Building CXX object lib/Target/X86/MCTargetDesc/CMakeFiles/LLVMX86Desc.dir/X86WinCOFFStreamer.cpp.o
[121/3560] Building CXX object lib/Target/X86/MCTargetDesc/CMakeFiles/LLVMX86Desc.dir/X86ELFObjectWriter.cpp.o
[122/3560] Building CXX object lib/Target/X86/TargetInfo/CMakeFiles/LLVMX86Info.dir/X86TargetInfo.cpp.o
[123/3560] Building CXX object lib/Target/X86/MCTargetDesc/CMakeFiles/LLVMX86Desc.dir/X86MachObjectWriter.cpp.o
[124/3560] Building CXX object lib/Target/X86/MCTargetDesc/CMakeFiles/LLVMX86Desc.dir/X86WinCOFFObjectWriter.cpp.o
[125/3560] Building CXX object lib/Target/X86/MCTargetDesc/CMakeFiles/LLVMX86Desc.dir/X86MCCodeEmitter.cpp.o
[126/3560] Building CXX object lib/Target/X86/MCTargetDesc/CMakeFiles/LLVMX86Desc.dir/X86MnemonicTables.cpp.o
[127/3560] Building CXX object lib/Target/X86/MCTargetDesc/CMakeFiles/LLVMX86Desc.dir/X86AsmBackend.cpp.o
[128/3560] Building CXX object lib/Target/X86/MCTargetDesc/CMakeFiles/LLVMX86Desc.dir/X86WinCOFFTargetStreamer.cpp.o
[129/3560] Building CXX object lib/Target/AMDGPU/CMakeFiles/LLVMAMDGPUCodeGen.dir/AMDGPUAliasAnalysis.cpp.o
[130/3560] Building CXX object lib/Target/X86/CMakeFiles/LLVMX86CodeGen.dir/X86TargetMachine.cpp.o
[131/3560] Building CXX object lib/Target/AMDGPU/CMakeFiles/LLVMAMDGPUCodeGen.dir/AMDGPUArgumentUsageInfo.cpp.o
[132/3560] Building CXX object lib/Target/AMDGPU/CMakeFiles/LLVMAMDGPUCodeGen.dir/AMDGPUAnnotateUniformValues.cpp.o
[133/3560] Building CXX object lib/Target/X86/AsmParser/CMakeFiles/LLVMX86AsmParser.dir/X86AsmParser.cpp.o
[134/3560] Building CXX object lib/Target/X86/CMakeFiles/LLVMX86CodeGen.dir/GISel/X86InstructionSelector.cpp.o
[135/3560] Building CXX object lib/Target/AMDGPU/CMakeFiles/LLVMAMDGPUCodeGen.dir/AMDGPUAsanInstrumentation.cpp.o
[136/3560] Building CXX object lib/Target/AMDGPU/CMakeFiles/LLVMAMDGPUCodeGen.dir/AMDGPUExportKernelRuntimeHandles.cpp.o
[137/3560] Building CXX object lib/Target/AMDGPU/CMakeFiles/LLVMAMDGPUCodeGen.dir/AMDGPUBarrierLatency.cpp.o
[138/3560] Building CXX object lib/Target/X86/MCTargetDesc/CMakeFiles/LLVMX86Desc.dir/X86MCTargetDesc.cpp.o
[139/3560] Building CXX object lib/Target/AMDGPU/CMakeFiles/LLVMAMDGPUCodeGen.dir/AMDGPUCtorDtorLowering.cpp.o
[140/3560] Building CXX object lib/Target/AMDGPU/CMakeFiles/LLVMAMDGPUCodeGen.dir/AMDGPUAlwaysInlinePass.cpp.o
[141/3560] Building CXX object lib/Target/AMDGPU/CMakeFiles/LLVMAMDGPUCodeGen.dir/AMDGPUFrameLowering.cpp.o
[142/3560] Building CXX object lib/Target/AMDGPU/CMakeFiles/LLVMAMDGPUCodeGen.dir/AMDGPUAtomicOptimizer.cpp.o
[143/3560] Building CXX object lib/Target/AMDGPU/CMakeFiles/LLVMAMDGPUCodeGen.dir/AMDGPUExportClustering.cpp.o
[144/3560] Building CXX object lib/Target/X86/CMakeFiles/LLVMX86CodeGen.dir/X86TargetTransformInfo.cpp.o
[145/3560] Building CXX object lib/Target/AMDGPU/CMakeFiles/LLVMAMDGPUCodeGen.dir/AMDGPUCombinerHelper.cpp.o
[146/3560] Building CXX object lib/Target/AMDGPU/CMakeFiles/LLVMAMDGPUCodeGen.dir/AMDGPUInstrInfo.cpp.o
[147/3560] Building CXX object lib/Target/AMDGPU/CMakeFiles/LLVMAMDGPUCodeGen.dir/AMDGPUGlobalISelUtils.cpp.o
[148/3560] Building CXX object lib/Target/AMDGPU/CMakeFiles/LLVMAMDGPUCodeGen.dir/AMDGPUCallLowering.cpp.o
[149/3560] Building CXX object lib/Target/AMDGPU/CMakeFiles/LLVMAMDGPUCodeGen.dir/AMDGPUGlobalISelDivergenceLowering.cpp.o
[150/3560] Building CXX object lib/Target/AMDGPU/CMakeFiles/LLVMAMDGPUCodeGen.dir/AMDGPUAsmPrinter.cpp.o
[151/3560] Building CXX object lib/Target/AMDGPU/CMakeFiles/LLVMAMDGPUCodeGen.dir/AMDGPUInsertDelayAlu.cpp.o
[152/3560] Building CXX object lib/Target/AMDGPU/CMakeFiles/LLVMAMDGPUCodeGen.dir/AMDGPUAttributor.cpp.o
[153/3560] Building CXX object lib/Target/AMDGPU/CMakeFiles/LLVMAMDGPUCodeGen.dir/AMDGPUUniformIntrinsicCombine.cpp.o
[154/3560] Building CXX object lib/Target/AMDGPU/CMakeFiles/LLVMAMDGPUCodeGen.dir/AMDGPULibFunc.cpp.o
[155/3560] Building CXX object lib/Target/AMDGPU/CMakeFiles/LLVMAMDGPUCodeGen.dir/AMDGPUCodeGenPrepare.cpp.o
[156/3560] Building CXX object lib/Target/AMDGPU/CMakeFiles/LLVMAMDGPUCodeGen.dir/AMDGPUHSAMetadataStreamer.cpp.o
[157/3560] Building CXX object lib/Target/AMDGPU/CMakeFiles/LLVMAMDGPUCodeGen.dir/AMDGPULibCalls.cpp.o
[158/3560] Building CXX object lib/Target/AMDGPU/CMakeFiles/LLVMAMDGPUCodeGen.dir/AMDGPULowerKernelAttributes.cpp.o
[159/3560] Building CXX object lib/Target/AMDGPU/CMakeFiles/LLVMAMDGPUCodeGen.dir/AMDGPULowerKernelArguments.cpp.o
[160/3560] Building CXX object lib/Target/AMDGPU/CMakeFiles/LLVMAMDGPUCodeGen.dir/AMDGPUInstCombineIntrinsic.cpp.o
[161/3560] Building CXX object lib/Target/AMDGPU/CMakeFiles/LLVMAMDGPUCodeGen.dir/AMDGPUImageIntrinsicOptimizer.cpp.o
[162/3560] Building CXX object lib/Target/AMDGPU/CMakeFiles/LLVMAMDGPUCodeGen.dir/AMDGPULateCodeGenPrepare.cpp.o
[163/3560] Building CXX object lib/Target/AMDGPU/CMakeFiles/LLVMAMDGPUCodeGen.dir/AMDGPUMachineModuleInfo.cpp.o
[164/3560] Building CXX object lib/Target/AMDGPU/CMakeFiles/LLVMAMDGPUCodeGen.dir/AMDGPULowerIntrinsics.cpp.o
[165/3560] Building CXX object lib/Target/AMDGPU/CMakeFiles/LLVMAMDGPUCodeGen.dir/AMDGPUMachineFunction.cpp.o
[166/3560] Building CXX object lib/Target/AMDGPU/CMakeFiles/LLVMAMDGPUCodeGen.dir/AMDGPUISelLowering.cpp.o
[167/3560] Building CXX object lib/Target/AMDGPU/CMakeFiles/LLVMAMDGPUCodeGen.dir/AMDGPUMacroFusion.cpp.o
[168/3560] Building CXX object lib/Target/AMDGPU/CMakeFiles/LLVMAMDGPUCodeGen.dir/AMDGPUPrepareAGPRAlloc.cpp.o
[169/3560] Building CXX object lib/Target/AMDGPU/CMakeFiles/LLVMAMDGPUCodeGen.dir/AMDGPULowerExecSync.cpp.o
[170/3560] Building CXX object lib/Target/AMDGPU/CMakeFiles/LLVMAMDGPUCodeGen.dir/AMDGPUMCResourceInfo.cpp.o
[171/3560] Building CXX object lib/Target/AMDGPU/CMakeFiles/LLVMAMDGPUCodeGen.dir/AMDGPULowerVGPREncoding.cpp.o
[172/3560] Building CXX object lib/Target/AMDGPU/CMakeFiles/LLVMAMDGPUCodeGen.dir/AMDGPUMemoryUtils.cpp.o
[173/3560] Building CXX object lib/Target/AMDGPU/CMakeFiles/LLVMAMDGPUCodeGen.dir/AMDGPUMarkLastScratchLoad.cpp.o
[174/3560] Building CXX object lib/Target/AMDGPU/CMakeFiles/LLVMAMDGPUCodeGen.dir/AMDGPULowerModuleLDSPass.cpp.o
[175/3560] Building CXX object lib/Target/AMDGPU/CMakeFiles/LLVMAMDGPUCodeGen.dir/AMDGPUMIRFormatter.cpp.o
[176/3560] Building CXX object lib/Target/AMDGPU/CMakeFiles/LLVMAMDGPUCodeGen.dir/AMDGPULowerBufferFatPointers.cpp.o
[177/3560] Building CXX object lib/Target/AMDGPU/CMakeFiles/LLVMAMDGPUCodeGen.dir/AMDGPUMCInstLower.cpp.o
[178/3560] Building CXX object lib/Target/AMDGPU/CMakeFiles/LLVMAMDGPUCodeGen.dir/AMDGPUSwLowerLDS.cpp.o
[179/3560] Building CXX object lib/Target/AMDGPU/CMakeFiles/LLVMAMDGPUCodeGen.dir/AMDGPULegalizerInfo.cpp.o
[180/3560] Building CXX object lib/Target/AMDGPU/CMakeFiles/LLVMAMDGPUCodeGen.dir/AMDGPUPreloadKernelArguments.cpp.o
[181/3560] Building CXX object lib/Target/AMDGPU/CMakeFiles/LLVMAMDGPUCodeGen.dir/AMDGPUPerfHintAnalysis.cpp.o
[182/3560] Building CXX object lib/Target/AMDGPU/CMakeFiles/LLVMAMDGPUCodeGen.dir/AMDGPUPromoteKernelArguments.cpp.o
[183/3560] Building CXX object lib/Target/AMDGPU/CMakeFiles/LLVMAMDGPUCodeGen.dir/AMDGPUISelDAGToDAG.cpp.o
[184/3560] Building CXX object lib/Target/AMDGPU/CMakeFiles/LLVMAMDGPUCodeGen.dir/AMDGPUPreloadKernArgProlog.cpp.o
[185/3560] Building CXX object lib/Target/AMDGPU/CMakeFiles/LLVMAMDGPUCodeGen.dir/AMDGPUPrintfRuntimeBinding.cpp.o
[186/3560] Building CXX object lib/Target/AMDGPU/CMakeFiles/LLVMAMDGPUCodeGen.dir/AMDGPURegBankLegalize.cpp.o
[187/3560] Building CXX object lib/Target/AMDGPU/CMakeFiles/LLVMAMDGPUCodeGen.dir/AMDGPURewriteUndefForPHI.cpp.o
[188/3560] Building CXX object lib/Target/AMDGPU/CMakeFiles/LLVMAMDGPUCodeGen.dir/AMDGPUIGroupLP.cpp.o
[189/3560] Building CXX object lib/Target/AMDGPU/CMakeFiles/LLVMAMDGPUCodeGen.dir/AMDGPURegBankLegalizeHelper.cpp.o
[190/3560] Building CXX object lib/Target/AMDGPU/CMakeFiles/LLVMAMDGPUCodeGen.dir/AMDGPURegBankSelect.cpp.o
[191/3560] Building CXX object lib/Target/AMDGPU/CMakeFiles/LLVMAMDGPUCodeGen.dir/AMDGPUPreLegalizerCombiner.cpp.o
[192/3560] Building CXX object lib/Target/AMDGPU/CMakeFiles/LLVMAMDGPUCodeGen.dir/AMDGPUPostLegalizerCombiner.cpp.o
[193/3560] Building CXX object lib/Target/AMDGPU/CMakeFiles/LLVMAMDGPUCodeGen.dir/AMDGPUSelectionDAGInfo.cpp.o
[194/3560] Building CXX object lib/Target/AMDGPU/CMakeFiles/LLVMAMDGPUCodeGen.dir/AMDGPURewriteOutArguments.cpp.o
[195/3560] Building CXX object lib/Target/AMDGPU/CMakeFiles/LLVMAMDGPUCodeGen.dir/AMDGPUReserveWWMRegs.cpp.o
[196/3560] Building CXX object lib/Target/AMDGPU/CMakeFiles/LLVMAMDGPUCodeGen.dir/AMDGPURemoveIncompatibleFunctions.cpp.o
[197/3560] Building CXX object lib/Target/AMDGPU/CMakeFiles/LLVMAMDGPUCodeGen.dir/AMDGPUPromoteAlloca.cpp.o
[198/3560] Building CXX object lib/Target/AMDGPU/CMakeFiles/LLVMAMDGPUCodeGen.dir/AMDGPUTargetObjectFile.cpp.o
[199/3560] Building CXX object lib/Target/AMDGPU/CMakeFiles/LLVMAMDGPUCodeGen.dir/AMDGPUResourceUsageAnalysis.cpp.o
[200/3560] Building CXX object lib/Target/AMDGPU/CMakeFiles/LLVMAMDGPUCodeGen.dir/AMDGPUSetWavePriority.cpp.o
[201/3560] Building CXX object lib/Target/AMDGPU/CMakeFiles/LLVMAMDGPUCodeGen.dir/AMDGPURegBankLegalizeRules.cpp.o
[202/3560] Building CXX object lib/Target/AMDGPU/CMakeFiles/LLVMAMDGPUCodeGen.dir/AMDGPURewriteAGPRCopyMFMA.cpp.o
[203/3560] Building CXX object lib/Target/AMDGPU/CMakeFiles/LLVMAMDGPUCodeGen.dir/AMDGPUUnifyDivergentExitNodes.cpp.o
[204/3560] Building CXX object lib/Target/AMDGPU/CMakeFiles/LLVMAMDGPUCodeGen.dir/AMDGPURegBankCombiner.cpp.o
[205/3560] Building CXX object lib/Target/AMDGPU/CMakeFiles/LLVMAMDGPUCodeGen.dir/AMDGPUInstructionSelector.cpp.o
[206/3560] Building CXX object lib/Target/AMDGPU/CMakeFiles/LLVMAMDGPUCodeGen.dir/GCNILPSched.cpp.o
[207/3560] Building CXX object lib/Target/AMDGPU/CMakeFiles/LLVMAMDGPUCodeGen.dir/GCNCreateVOPD.cpp.o
[208/3560] Building CXX object lib/Target/AMDGPU/CMakeFiles/LLVMAMDGPUCodeGen.dir/AMDGPUWaitSGPRHazards.cpp.o
[209/3560] Building CXX object lib/Target/AMDGPU/CMakeFiles/LLVMAMDGPUCodeGen.dir/GCNDPPCombine.cpp.o
[210/3560] Building CXX object lib/Target/AMDGPU/CMakeFiles/LLVMAMDGPUCodeGen.dir/AMDGPUSubtarget.cpp.o
[211/3560] Building CXX object lib/Target/AMDGPU/CMakeFiles/LLVMAMDGPUCodeGen.dir/AMDGPURegisterBankInfo.cpp.o
[212/3560] Building CXX object lib/Target/AMDGPU/CMakeFiles/LLVMAMDGPUCodeGen.dir/GCNMinRegStrategy.cpp.o
[213/3560] Building CXX object lib/Target/AMDGPU/CMakeFiles/LLVMAMDGPUCodeGen.dir/R600MachineCFGStructurizer.cpp.o
[214/3560] Building CXX object lib/Target/AMDGPU/CMakeFiles/LLVMAMDGPUCodeGen.dir/AMDGPUSplitModule.cpp.o
[215/3560] Building CXX object lib/Target/AMDGPU/CMakeFiles/LLVMAMDGPUCodeGen.dir/GCNRewritePartialRegUses.cpp.o
[216/3560] Building CXX object lib/Target/AMDGPU/CMakeFiles/LLVMAMDGPUCodeGen.dir/R600ClauseMergePass.cpp.o
[217/3560] Building CXX object lib/Target/AMDGPU/CMakeFiles/LLVMAMDGPUCodeGen.dir/GCNPreRAOptimizations.cpp.o
[218/3560] Building CXX object lib/Target/AMDGPU/CMakeFiles/LLVMAMDGPUCodeGen.dir/GCNNSAReassign.cpp.o
[219/3560] Building CXX object lib/Target/AMDGPU/CMakeFiles/LLVMAMDGPUCodeGen.dir/GCNVOPDUtils.cpp.o
[220/3560] Building CXX object lib/Target/AMDGPU/CMakeFiles/LLVMAMDGPUCodeGen.dir/GCNIterativeScheduler.cpp.o
[221/3560] Building CXX object lib/Target/AMDGPU/CMakeFiles/LLVMAMDGPUCodeGen.dir/GCNPreRALongBranchReg.cpp.o
[222/3560] Building CXX object lib/Target/AMDGPU/CMakeFiles/LLVMAMDGPUCodeGen.dir/R600EmitClauseMarkers.cpp.o
[223/3560] Building CXX object lib/Target/AMDGPU/CMakeFiles/LLVMAMDGPUCodeGen.dir/R600AsmPrinter.cpp.o
[224/3560] Building CXX object lib/Target/X86/CMakeFiles/LLVMX86CodeGen.dir/X86ISelLowering.cpp.o
[225/3560] Building CXX object lib/Target/AMDGPU/CMakeFiles/LLVMAMDGPUCodeGen.dir/GCNHazardRecognizer.cpp.o
[226/3560] Building CXX object lib/Target/AMDGPU/CMakeFiles/LLVMAMDGPUCodeGen.dir/R600ControlFlowFinalizer.cpp.o
[227/3560] Building CXX object lib/Target/AMDGPU/CMakeFiles/LLVMAMDGPUCodeGen.dir/R600ExpandSpecialInstrs.cpp.o
[228/3560] Building CXX object lib/Target/AMDGPU/CMakeFiles/LLVMAMDGPUCodeGen.dir/GCNSubtarget.cpp.o
[229/3560] Building CXX object lib/Target/AMDGPU/CMakeFiles/LLVMAMDGPUCodeGen.dir/R600FrameLowering.cpp.o
[230/3560] Building CXX object lib/Target/AMDGPU/CMakeFiles/LLVMAMDGPUCodeGen.dir/AMDGPUTargetTransformInfo.cpp.o
[231/3560] Building CXX object lib/Target/AMDGPU/CMakeFiles/LLVMAMDGPUCodeGen.dir/R600OpenCLImageTypeLoweringPass.cpp.o
[232/3560] Building CXX object lib/Target/AMDGPU/CMakeFiles/LLVMAMDGPUCodeGen.dir/GCNRegPressure.cpp.o
[233/3560] Building CXX object lib/Target/AMDGPU/CMakeFiles/LLVMAMDGPUCodeGen.dir/R600MachineFunctionInfo.cpp.o
[234/3560] Building CXX object lib/Target/AMDGPU/CMakeFiles/LLVMAMDGPUCodeGen.dir/R600Subtarget.cpp.o
[235/3560] Building CXX object lib/Target/AMDGPU/CMakeFiles/LLVMAMDGPUCodeGen.dir/R600MachineScheduler.cpp.o
[236/3560] Building CXX object lib/Target/AMDGPU/CMakeFiles/LLVMAMDGPUCodeGen.dir/R600OptimizeVectorRegisters.cpp.o
[237/3560] Building CXX object lib/Target/AMDGPU/CMakeFiles/LLVMAMDGPUCodeGen.dir/R600MCInstLower.cpp.o
[238/3560] Building CXX object lib/Target/AMDGPU/CMakeFiles/LLVMAMDGPUCodeGen.dir/R600Packetizer.cpp.o
[239/3560] Building CXX object lib/Target/AMDGPU/CMakeFiles/LLVMAMDGPUCodeGen.dir/R600RegisterInfo.cpp.o
[240/3560] Building CXX object lib/Target/AMDGPU/CMakeFiles/LLVMAMDGPUCodeGen.dir/GCNSchedStrategy.cpp.o
[241/3560] Building CXX object lib/Target/AMDGPU/CMakeFiles/LLVMAMDGPUCodeGen.dir/R600InstrInfo.cpp.o
[242/3560] Building CXX object lib/Target/AMDGPU/CMakeFiles/LLVMAMDGPUCodeGen.dir/SIFixVGPRCopies.cpp.o
[243/3560] Building CXX object lib/Target/AMDGPU/CMakeFiles/LLVMAMDGPUCodeGen.dir/SIAnnotateControlFlow.cpp.o
[244/3560] Building CXX object lib/Target/AMDGPU/CMakeFiles/LLVMAMDGPUCodeGen.dir/SIInsertHardClauses.cpp.o
[245/3560] Building CXX object lib/Target/AMDGPU/CMakeFiles/LLVMAMDGPUCodeGen.dir/R600ISelDAGToDAG.cpp.o
[246/3560] Building CXX object lib/Target/AMDGPU/CMakeFiles/LLVMAMDGPUCodeGen.dir/R600ISelLowering.cpp.o
[247/3560] Building CXX object lib/Target/AMDGPU/CMakeFiles/LLVMAMDGPUCodeGen.dir/SIFixSGPRCopies.cpp.o
[248/3560] Building CXX object lib/Target/AMDGPU/CMakeFiles/LLVMAMDGPUCodeGen.dir/SIFormMemoryClauses.cpp.o
[249/3560] Building CXX object lib/Target/AMDGPU/CMakeFiles/LLVMAMDGPUCodeGen.dir/R600TargetTransformInfo.cpp.o
[250/3560] Building CXX object lib/Target/AMDGPU/CMakeFiles/LLVMAMDGPUCodeGen.dir/SILoadStoreOptimizer.cpp.o
[251/3560] Building CXX object lib/Target/AMDGPU/CMakeFiles/LLVMAMDGPUCodeGen.dir/SILateBranchLowering.cpp.o
[252/3560] Building CXX object lib/Target/AMDGPU/CMakeFiles/LLVMAMDGPUCodeGen.dir/SIFoldOperands.cpp.o
[253/3560] Building CXX object lib/Target/AMDGPU/CMakeFiles/LLVMAMDGPUCodeGen.dir/SIFrameLowering.cpp.o
[254/3560] Building CXX object lib/Target/AMDGPU/CMakeFiles/LLVMAMDGPUCodeGen.dir/SILowerI1Copies.cpp.o
[255/3560] Building CXX object lib/Target/AMDGPU/CMakeFiles/LLVMAMDGPUCodeGen.dir/SILowerControlFlow.cpp.o
[256/3560] Building CXX object lib/Target/AMDGPU/CMakeFiles/LLVMAMDGPUCodeGen.dir/SILowerWWMCopies.cpp.o
[257/3560] Building CXX object lib/Target/AMDGPU/CMakeFiles/LLVMAMDGPUCodeGen.dir/SIInsertWaitcnts.cpp.o
[258/3560] Building CXX object lib/Target/AMDGPU/CMakeFiles/LLVMAMDGPUCodeGen.dir/R600TargetMachine.cpp.o
[259/3560] Building CXX object lib/Target/AMDGPU/CMakeFiles/LLVMAMDGPUCodeGen.dir/SIModeRegister.cpp.o
[260/3560] Building CXX object lib/Target/AMDGPU/CMakeFiles/LLVMAMDGPUCodeGen.dir/SIModeRegisterDefaults.cpp.o
[261/3560] Building CXX object lib/Target/AMDGPU/CMakeFiles/LLVMAMDGPUCodeGen.dir/SIMemoryLegalizer.cpp.o
[262/3560] Building CXX object lib/Target/AMDGPU/CMakeFiles/LLVMAMDGPUCodeGen.dir/SILowerSGPRSpills.cpp.o
[263/3560] Building CXX object lib/Target/AMDGPU/CMakeFiles/LLVMAMDGPUCodeGen.dir/SIOptimizeExecMasking.cpp.o
[264/3560] Building CXX object lib/Target/AMDGPU/CMakeFiles/LLVMAMDGPUCodeGen.dir/SIPostRABundler.cpp.o
[265/3560] Building CXX object lib/Target/AMDGPU/CMakeFiles/LLVMAMDGPUCodeGen.dir/SIOptimizeExecMaskingPreRA.cpp.o
[266/3560] Building CXX object lib/Target/AMDGPU/CMakeFiles/LLVMAMDGPUCodeGen.dir/SIMachineFunctionInfo.cpp.o
[267/3560] Building CXX object lib/Target/AMDGPU/CMakeFiles/LLVMAMDGPUCodeGen.dir/SIPeepholeSDWA.cpp.o
[268/3560] Building CXX object lib/Target/AMDGPU/CMakeFiles/LLVMAMDGPUCodeGen.dir/SIMachineScheduler.cpp.o
[269/3560] Building CXX object lib/Target/AMDGPU/CMakeFiles/LLVMAMDGPUCodeGen.dir/SIProgramInfo.cpp.o
[270/3560] Building CXX object lib/Target/AMDGPU/MCTargetDesc/CMakeFiles/LLVMAMDGPUDesc.dir/AMDGPUELFStreamer.cpp.o
[271/3560] Building CXX object lib/Target/AMDGPU/MCTargetDesc/CMakeFiles/LLVMAMDGPUDesc.dir/AMDGPUMCAsmInfo.cpp.o
[272/3560] Building CXX object lib/Target/AMDGPU/MCTargetDesc/CMakeFiles/LLVMAMDGPUDesc.dir/AMDGPUELFObjectWriter.cpp.o
[273/3560] Building CXX object lib/Target/AMDGPU/CMakeFiles/LLVMAMDGPUCodeGen.dir/SIPreAllocateWWMRegs.cpp.o
[274/3560] Building CXX object lib/Target/AMDGPU/CMakeFiles/LLVMAMDGPUCodeGen.dir/SIPreEmitPeephole.cpp.o
[275/3560] Building CXX object lib/Target/AMDGPU/CMakeFiles/LLVMAMDGPUCodeGen.dir/SIInstrInfo.cpp.o
[276/3560] Building CXX object lib/Target/AMDGPU/CMakeFiles/LLVMAMDGPUCodeGen.dir/SIOptimizeVGPRLiveRange.cpp.o
[277/3560] Building CXX object lib/Target/AMDGPU/MCA/CMakeFiles/LLVMAMDGPUTargetMCA.dir/AMDGPUCustomBehaviour.cpp.o
[278/3560] Building CXX object lib/Target/AMDGPU/CMakeFiles/LLVMAMDGPUCodeGen.dir/AMDGPUTargetMachine.cpp.o
[279/3560] Building CXX object lib/Target/AMDGPU/MCTargetDesc/CMakeFiles/LLVMAMDGPUDesc.dir/AMDGPUAsmBackend.cpp.o
[280/3560] Building CXX object lib/Target/AMDGPU/CMakeFiles/LLVMAMDGPUCodeGen.dir/SIShrinkInstructions.cpp.o
[281/3560] Building CXX object lib/Target/AMDGPU/MCTargetDesc/CMakeFiles/LLVMAMDGPUDesc.dir/R600MCTargetDesc.cpp.o
[282/3560] Building CXX object lib/Target/AMDGPU/MCTargetDesc/CMakeFiles/LLVMAMDGPUDesc.dir/R600InstPrinter.cpp.o
[283/3560] Building CXX object lib/Target/AMDGPU/TargetInfo/CMakeFiles/LLVMAMDGPUInfo.dir/AMDGPUTargetInfo.cpp.o
[284/3560] Building CXX object lib/Target/AMDGPU/Utils/CMakeFiles/LLVMAMDGPUUtils.dir/AMDGPUDelayedMCExpr.cpp.o
[285/3560] Building CXX object lib/Target/AMDGPU/Utils/CMakeFiles/LLVMAMDGPUUtils.dir/AMDGPUAsmUtils.cpp.o
[286/3560] Building CXX object lib/Target/AMDGPU/MCTargetDesc/CMakeFiles/LLVMAMDGPUDesc.dir/R600MCCodeEmitter.cpp.o
[287/3560] Building CXX object lib/Target/AMDGPU/MCTargetDesc/CMakeFiles/LLVMAMDGPUDesc.dir/AMDGPUMCExpr.cpp.o
[288/3560] Building CXX object lib/Target/AMDGPU/MCTargetDesc/CMakeFiles/LLVMAMDGPUDesc.dir/AMDGPUMCKernelDescriptor.cpp.o
[289/3560] Building CXX object lib/Target/AMDGPU/MCTargetDesc/CMakeFiles/LLVMAMDGPUDesc.dir/AMDGPUInstPrinter.cpp.o
[290/3560] Building CXX object lib/Target/AMDGPU/MCTargetDesc/CMakeFiles/LLVMAMDGPUDesc.dir/AMDGPUTargetStreamer.cpp.o
[291/3560] Building CXX object lib/Target/AMDGPU/Utils/CMakeFiles/LLVMAMDGPUUtils.dir/AMDGPUPALMetadata.cpp.o
[292/3560] Building CXX object lib/Target/AMDGPU/Utils/CMakeFiles/LLVMAMDGPUUtils.dir/AMDKernelCodeTUtils.cpp.o
[293/3560] Building CXX object lib/ProfileData/CMakeFiles/LLVMProfileData.dir/DataAccessProf.cpp.o
[294/3560] Building CXX object lib/ProfileData/CMakeFiles/LLVMProfileData.dir/GCOV.cpp.o
[295/3560] Building CXX object lib/AsmParser/CMakeFiles/LLVMAsmParser.dir/Parser.cpp.o
[296/3560] Building CXX object lib/Target/AMDGPU/CMakeFiles/LLVMAMDGPUCodeGen.dir/SIWholeQuadMode.cpp.o
[297/3560] Building CXX object lib/Target/AMDGPU/CMakeFiles/LLVMAMDGPUCodeGen.dir/SIISelLowering.cpp.o
[298/3560] Building CXX object lib/Target/AMDGPU/CMakeFiles/LLVMAMDGPUCodeGen.dir/SIRegisterInfo.cpp.o
[299/3560] Building CXX object lib/ProfileData/CMakeFiles/LLVMProfileData.dir/MemProfSummary.cpp.o
[300/3560] Building CXX object lib/ProfileData/CMakeFiles/LLVMProfileData.dir/IndexedMemProfData.cpp.o
[301/3560] Building CXX object lib/Target/AMDGPU/Utils/CMakeFiles/LLVMAMDGPUUtils.dir/AMDGPUBaseInfo.cpp.o
[302/3560] Building CXX object lib/ProfileData/CMakeFiles/LLVMProfileData.dir/MemProfCommon.cpp.o
[303/3560] Building CXX object lib/ProfileData/CMakeFiles/LLVMProfileData.dir/InstrProfCorrelator.cpp.o
[304/3560] Building CXX object lib/ProfileData/CMakeFiles/LLVMProfileData.dir/MemProf.cpp.o
[305/3560] Building CXX object lib/ProfileData/CMakeFiles/LLVMProfileData.dir/MemProfRadixTree.cpp.o
[306/3560] Building CXX object lib/ProfileData/CMakeFiles/LLVMProfileData.dir/SymbolRemappingReader.cpp.o
[307/3560] Building CXX object lib/ProfileData/CMakeFiles/LLVMProfileData.dir/PGOCtxProfReader.cpp.o
[308/3560] Building CXX object lib/ProfileData/CMakeFiles/LLVMProfileData.dir/MemProfSummaryBuilder.cpp.o
[309/3560] Building CXX object lib/ProfileData/CMakeFiles/LLVMProfileData.dir/InstrProf.cpp.o
[310/3560] Building CXX object lib/ProfileData/CMakeFiles/LLVMProfileData.dir/PGOCtxProfWriter.cpp.o
[311/3560] Building CXX object lib/Passes/CMakeFiles/LLVMPasses.dir/OptimizationLevel.cpp.o
[312/3560] Building CXX object lib/ProfileData/CMakeFiles/LLVMProfileData.dir/InstrProfWriter.cpp.o
[313/3560] Building CXX object lib/ProfileData/CMakeFiles/LLVMProfileData.dir/ProfileSummaryBuilder.cpp.o
[314/3560] Building CXX object lib/ProfileData/Coverage/CMakeFiles/LLVMCoverage.dir/CoverageMappingWriter.cpp.o
[315/3560] Building CXX object lib/Passes/CMakeFiles/LLVMPasses.dir/PassPlugin.cpp.o
[316/3560] Building CXX object lib/ProfileData/CMakeFiles/LLVMProfileData.dir/SampleProfWriter.cpp.o
[317/3560] Building CXX object lib/ProfileData/CMakeFiles/LLVMProfileData.dir/ItaniumManglingCanonicalizer.cpp.o
[318/3560] Building CXX object lib/TargetParser/CMakeFiles/LLVMTargetParser.dir/ARMTargetParserCommon.cpp.o
[319/3560] Building CXX object lib/ProfileData/CMakeFiles/LLVMProfileData.dir/SampleProf.cpp.o
[320/3560] Building CXX object lib/ProfileData/CMakeFiles/LLVMProfileData.dir/InstrProfReader.cpp.o
[321/3560] Building CXX object lib/TargetParser/CMakeFiles/LLVMTargetParser.dir/AArch64TargetParser.cpp.o
[322/3560] Building CXX object lib/TargetParser/CMakeFiles/LLVMTargetParser.dir/CSKYTargetParser.cpp.o
[323/3560] Building CXX object lib/TargetParser/CMakeFiles/LLVMTargetParser.dir/ARMTargetParser.cpp.o
[324/3560] Building CXX object lib/TargetParser/CMakeFiles/LLVMTargetParser.dir/LoongArchTargetParser.cpp.o
[325/3560] Building CXX object lib/TargetParser/CMakeFiles/LLVMTargetParser.dir/PPCTargetParser.cpp.o
[326/3560] Building CXX object lib/TargetParser/CMakeFiles/LLVMTargetParser.dir/Host.cpp.o
[327/3560] Building CXX object lib/ProfileData/CMakeFiles/LLVMProfileData.dir/MemProfReader.cpp.o
[328/3560] Building CXX object lib/ProfileData/CMakeFiles/LLVMProfileData.dir/SampleProfReader.cpp.o
[329/3560] Building CXX object lib/TargetParser/CMakeFiles/LLVMTargetParser.dir/SubtargetFeature.cpp.o
[330/3560] Building CXX object lib/TargetParser/CMakeFiles/LLVMTargetParser.dir/RISCVTargetParser.cpp.o
[331/3560] Building CXX object lib/TargetParser/CMakeFiles/LLVMTargetParser.dir/TargetParser.cpp.o
[332/3560] Building CXX object lib/TargetParser/CMakeFiles/LLVMTargetParser.dir/XtensaTargetParser.cpp.o
[333/3560] Building CXX object lib/TextAPI/CMakeFiles/LLVMTextAPI.dir/ArchitectureSet.cpp.o
[334/3560] Building CXX object lib/TextAPI/CMakeFiles/LLVMTextAPI.dir/Architecture.cpp.o
[335/3560] Building CXX object lib/TargetParser/CMakeFiles/LLVMTargetParser.dir/TargetDataLayout.cpp.o
[336/3560] Building CXX object lib/TargetParser/CMakeFiles/LLVMTargetParser.dir/X86TargetParser.cpp.o
[337/3560] Building CXX object lib/Target/AMDGPU/MCTargetDesc/CMakeFiles/LLVMAMDGPUDesc.dir/AMDGPUMCTargetDesc.cpp.o
[338/3560] Building CXX object lib/TextAPI/CMakeFiles/LLVMTextAPI.dir/PackedVersion.cpp.o
[339/3560] Building CXX object lib/TargetParser/CMakeFiles/LLVMTargetParser.dir/Triple.cpp.o
[340/3560] Building CXX object lib/Passes/CMakeFiles/LLVMPasses.dir/CodeGenPassBuilder.cpp.o
[341/3560] Building CXX object lib/TargetParser/CMakeFiles/LLVMTargetParser.dir/RISCVISAInfo.cpp.o
[342/3560] Building CXX object lib/TextAPI/CMakeFiles/LLVMTextAPI.dir/Platform.cpp.o
[343/3560] Linking CXX static library lib/libLLVMTargetParser.a
[344/3560] Linking CXX static library lib/libLLVMFuzzerCLI.a
[345/3560] Linking CXX static library lib/libLLVMBinaryFormat.a
[346/3560] Building CXX object lib/Target/AMDGPU/MCTargetDesc/CMakeFiles/LLVMAMDGPUDesc.dir/AMDGPUMCCodeEmitter.cpp.o
[347/3560] Linking CXX static library lib/libLLVMDebugInfoDWARFLowLevel.a
[348/3560] Building CXX object lib/TextAPI/CMakeFiles/LLVMTextAPI.dir/RecordVisitor.cpp.o
[349/3560] Building CXX object lib/TextAPI/CMakeFiles/LLVMTextAPI.dir/TextAPIError.cpp.o
[350/3560] Building CXX object lib/Passes/CMakeFiles/LLVMPasses.dir/PassBuilderBindings.cpp.o
[351/3560] Building CXX object lib/TextAPI/CMakeFiles/LLVMTextAPI.dir/Symbol.cpp.o
[352/3560] Building CXX object lib/TextAPI/CMakeFiles/LLVMTextAPI.dir/SymbolSet.cpp.o
[353/3560] Linking CXX static library lib/libLLVMMC.a
[354/3560] Building Options.inc...
[355/3560] Building CXX object lib/TextAPI/CMakeFiles/LLVMTextAPI.dir/Target.cpp.o
[356/3560] Linking CXX static library lib/libLLVMMCDisassembler.a
[357/3560] Building CXX object lib/ProfileData/Coverage/CMakeFiles/LLVMCoverage.dir/CoverageMapping.cpp.o
[358/3560] Linking CXX static library lib/libLLVMMCParser.a
[359/3560] Linking CXX static library lib/libLLVMNVPTXInfo.a
[360/3560] Linking CXX static library lib/libLLVMAMDGPUInfo.a
[361/3560] Linking CXX static library lib/libLLVMDWARFCFIChecker.a
[362/3560] Linking CXX static library lib/libLLVMMCA.a
[363/3560] Linking CXX static library lib/libLLVMX86Info.a
[364/3560] Linking CXX static library lib/libLLVMNVPTXDesc.a
[365/3560] Linking CXX static library lib/libLLVMCore.a
[366/3560] Building Options.inc...
[367/3560] Linking CXX static library lib/libLLVMX86Disassembler.a
[368/3560] Linking CXX static library lib/libLLVMFrontendHLSL.a
[369/3560] Linking CXX static library lib/libLLVMCFGuard.a
[370/3560] Linking CXX static library lib/libLLVMX86Desc.a
[371/3560] Linking CXX static library lib/libLLVMBitReader.a
[372/3560] Linking CXX static library lib/libLLVMX86AsmParser.a
[373/3560] Linking CXX static library lib/libLLVMX86TargetMCA.a
[374/3560] Building CXX object lib/TextAPI/CMakeFiles/LLVMTextAPI.dir/InterfaceFile.cpp.o
[375/3560] Linking CXX static library lib/libLLVMAsmParser.a
[376/3560] Building CXX object lib/TextAPI/CMakeFiles/LLVMTextAPI.dir/RecordsSlice.cpp.o
[377/3560] Linking CXX static library lib/libLLVMIRReader.a
[378/3560] Building CXX object lib/TextAPI/CMakeFiles/LLVMTextAPI.dir/Utils.cpp.o
[379/3560] Building CXX object lib/TextAPI/CMakeFiles/LLVMTextAPI.dir/TextStubCommon.cpp.o
[380/3560] Building CXX object lib/XRay/CMakeFiles/LLVMXRay.dir/BlockVerifier.cpp.o
[381/3560] Building CXX object lib/XRay/CMakeFiles/LLVMXRay.dir/BlockPrinter.cpp.o
[382/3560] Building CXX object lib/XRay/CMakeFiles/LLVMXRay.dir/FDRRecords.cpp.o
[383/3560] Building CXX object lib/XRay/CMakeFiles/LLVMXRay.dir/BlockIndexer.cpp.o
[384/3560] Building CXX object lib/XRay/CMakeFiles/LLVMXRay.dir/FDRRecordProducer.cpp.o
[385/3560] Building CXX object lib/ProfileData/Coverage/CMakeFiles/LLVMCoverage.dir/CoverageMappingReader.cpp.o
[386/3560] Building CXX object lib/XRay/CMakeFiles/LLVMXRay.dir/FileHeaderReader.cpp.o
[387/3560] Building CXX object lib/XRay/CMakeFiles/LLVMXRay.dir/FDRTraceWriter.cpp.o
[388/3560] Building CXX object lib/XRay/CMakeFiles/LLVMXRay.dir/FDRTraceExpander.cpp.o
[389/3560] Building CXX object tools/lto/CMakeFiles/LTO.dir/LTODisassembler.cpp.o
[390/3560] Building CXX object lib/XRay/CMakeFiles/LLVMXRay.dir/LogBuilderConsumer.cpp.o
[391/3560] Building CXX object lib/ToolDrivers/llvm-dlltool/CMakeFiles/LLVMDlltoolDriver.dir/DlltoolDriver.cpp.o
[392/3560] Building CXX object lib/XRay/CMakeFiles/LLVMXRay.dir/RecordInitializer.cpp.o
[393/3560] Building CXX object lib/XRay/CMakeFiles/LLVMXRay.dir/RecordPrinter.cpp.o
[394/3560] Building CXX object tools/llvm-ar/CMakeFiles/llvm-ar.dir/llvm-ar-driver.cpp.o
[395/3560] Building CXX object lib/WindowsDriver/CMakeFiles/LLVMWindowsDriver.dir/MSVCPaths.cpp.o
[396/3560] Linking CXX static library lib/libLLVMWindowsDriver.a
[397/3560] Building CXX object lib/ToolDrivers/llvm-lib/CMakeFiles/LLVMLibDriver.dir/LibDriver.cpp.o
[398/3560] Building Options.inc...
[399/3560] Building Options.inc...
[400/3560] Building Options.inc...
[401/3560] Building Options.inc...
[402/3560] Building Options.inc...
[403/3560] Building CXX object lib/TextAPI/BinaryReader/CMakeFiles/LLVMTextAPIBinaryReader.dir/DylibReader.cpp.o
[404/3560] Building CXX object lib/XRay/CMakeFiles/LLVMXRay.dir/Profile.cpp.o
[405/3560] Building CXX object lib/TextAPI/CMakeFiles/LLVMTextAPI.dir/TextStubV5.cpp.o
[406/3560] Building CXX object lib/XRay/CMakeFiles/LLVMXRay.dir/InstrumentationMap.cpp.o
[407/3560] Building CXX object tools/llvm-ctxprof-util/CMakeFiles/llvm-ctxprof-util.dir/llvm-ctxprof-util.cpp.o
[408/3560] Building CXX object lib/XRay/CMakeFiles/LLVMXRay.dir/Trace.cpp.o
[409/3560] Building CXX object lib/TextAPI/CMakeFiles/LLVMTextAPI.dir/TextStub.cpp.o
[410/3560] Linking CXX static library lib/libLLVMTextAPI.a
[411/3560] Building CXX object tools/llvm-config/CMakeFiles/llvm-config.dir/llvm-config.cpp.o
[412/3560] Building CXX object tools/mlir/tools/mlir-tblgen/CMakeFiles/mlir-tblgen.dir/OpClass.cpp.o
[413/3560] Building CXX object tools/llvm-ar/CMakeFiles/llvm-ar.dir/llvm-ar.cpp.o
[414/3560] Linking CXX executable bin/llvm-config
[415/3560] Linking CXX static library lib/libLLVMObject.a
[416/3560] Linking CXX static library lib/libLLVMInterfaceStub.a
[417/3560] Building CXX object tools/mlir/tools/mlir-tblgen/CMakeFiles/mlir-tblgen.dir/OmpOpGen.cpp.o
[418/3560] Linking CXX static library lib/libLLVMObjCopy.a
[419/3560] Building CXX object tools/mlir/tools/mlir-tblgen/CMakeFiles/mlir-tblgen.dir/OpGenHelpers.cpp.o
[420/3560] Linking CXX static library lib/libLLVMObjectYAML.a
[421/3560] Linking CXX static library lib/libLLVMDebugInfoDWARF.a
[422/3560] Linking CXX static library lib/libLLVMOrcTargetProcess.a
[423/3560] Linking CXX static library lib/libLLVMDWP.a
[424/3560] Linking CXX static library lib/libLLVMDebugInfoGSYM.a
[425/3560] Linking CXX static library lib/libLLVMDebugInfoPDB.a
[426/3560] Linking CXX static library lib/libLLVMRuntimeDyld.a
[427/3560] Building CXX object tools/mlir/tools/mlir-tblgen/CMakeFiles/mlir-tblgen.dir/PassDocGen.cpp.o
[428/3560] Linking CXX static library lib/libLLVMSymbolize.a
[429/3560] Linking CXX static library lib/libLLVMTextAPIBinaryReader.a
[430/3560] Linking CXX static library lib/libLLVMDebuginfod.a
[431/3560] Linking CXX static library lib/libLLVMDebugInfoLogicalView.a
[432/3560] Linking CXX static library lib/libLLVMDlltoolDriver.a
[433/3560] Linking CXX static library lib/libLLVMJITLink.a
[434/3560] Building CXX object tools/mlir/tools/mlir-tblgen/CMakeFiles/mlir-tblgen.dir/PassCAPIGen.cpp.o
[435/3560] Linking CXX static library lib/libLLVMLibDriver.a
[436/3560] Linking CXX static library lib/libLLVMProfileData.a
[437/3560] Linking CXX static library lib/libLLVMXRay.a
[438/3560] Linking CXX static library lib/libLLVMCoverage.a
[439/3560] Building CXX object lib/Passes/CMakeFiles/LLVMPasses.dir/StandardInstrumentations.cpp.o
[440/3560] Linking CXX executable bin/llvm-ctxprof-util
[441/3560] Building CXX object tools/mlir/tools/mlir-tblgen/CMakeFiles/mlir-tblgen.dir/OpInterfacesGen.cpp.o
[442/3560] Building CXX object tools/mlir/tools/mlir-tblgen/CMakeFiles/mlir-tblgen.dir/OpDocGen.cpp.o
[443/3560] Building CXX object tools/mlir/tools/mlir-tblgen/CMakeFiles/mlir-tblgen.dir/CppGenUtilities.cpp.o
[444/3560] Linking CXX static library lib/libLLVMAnalysis.a
[445/3560] Linking CXX static library lib/libLLVMIRPrinter.a
[446/3560] Linking CXX static library lib/libLLVMBitWriter.a
[447/3560] Linking CXX static library lib/libLLVMCGData.a
[448/3560] Linking CXX static library lib/libLLVMFrontendAtomic.a
[449/3560] Building CXX object tools/mlir/tools/mlir-tblgen/CMakeFiles/mlir-tblgen.dir/PassGen.cpp.o
[450/3560] Building CXX object tools/mlir/tools/mlir-tblgen/CMakeFiles/mlir-tblgen.dir/TosaUtilsGen.cpp.o
[451/3560] Linking CXX static library lib/libLLVMTarget.a
[452/3560] Building CXX object tools/lto/CMakeFiles/LTO.dir/lto.cpp.o
[453/3560] Linking CXX static library lib/libLLVMAMDGPUUtils.a
[454/3560] Linking CXX static library lib/libLLVMExecutionEngine.a
[455/3560] Building CXX object lib/Target/AMDGPU/AsmParser/CMakeFiles/LLVMAMDGPUAsmParser.dir/AMDGPUAsmParser.cpp.o
[456/3560] Linking CXX static library lib/libLLVMSandboxIR.a
[457/3560] Linking CXX static library lib/libLLVMMCJIT.a
[458/3560] Linking CXX static library lib/libLLVMAMDGPUDesc.a
[459/3560] Linking CXX static library lib/libLLVMTransformUtils.a
[460/3560] Linking CXX static library lib/libLLVMFrontendOffloading.a
[461/3560] Linking CXX static library lib/libLLVMAMDGPUAsmParser.a
[462/3560] Linking CXX static library lib/libLLVMAggressiveInstCombine.a
[463/3560] Building CXX object tools/bugpoint/CMakeFiles/bugpoint.dir/BugDriver.cpp.o
[464/3560] Linking CXX static library lib/libLLVMInstCombine.a
[465/3560] Linking CXX static library lib/libLLVMInstrumentation.a
[466/3560] Linking CXX static library lib/libLLVMFrontendDriver.a
[467/3560] Building CXX object tools/bugpoint/CMakeFiles/bugpoint.dir/ExecutionDriver.cpp.o
[468/3560] Linking CXX static library lib/libLLVMObjCARCOpts.a
[469/3560] Linking CXX static library lib/libLLVMHipStdPar.a
[470/3560] Linking CXX static library lib/libLLVMLinker.a
[471/3560] Linking CXX static library lib/libLLVMAMDGPUTargetMCA.a
[472/3560] Linking CXX static library lib/libLLVMVectorize.a
[473/3560] Building CXX object tools/bugpoint/CMakeFiles/bugpoint.dir/FindBugs.cpp.o
[474/3560] Linking CXX executable bin/llvm-ar
[475/3560] Generating ../../bin/llvm-ranlib
[476/3560] Generating ../../bin/llvm-lib
[477/3560] Generating ../../bin/llvm-dlltool
[478/3560] Building Options.inc...
[479/3560] Linking CXX static library lib/libLLVMScalarOpts.a
[480/3560] Linking CXX static library lib/libLLVMFuzzMutate.a
[481/3560] Building CXX object tools/mlir/tools/mlir-tblgen/CMakeFiles/mlir-tblgen.dir/SPIRVUtilsGen.cpp.o
[482/3560] Building CXX object lib/Passes/CMakeFiles/LLVMPasses.dir/PassBuilderPipelines.cpp.o
[483/3560] Linking CXX static library lib/libLLVMFrontendOpenMP.a
[484/3560] Building CXX object tools/bugpoint/CMakeFiles/bugpoint.dir/ExtractFunction.cpp.o
[485/3560] Building CXX object tools/dsymutil/CMakeFiles/dsymutil.dir/CFBundle.cpp.o
[486/3560] Building CXX object tools/llvm-lto/CMakeFiles/llvm-lto.dir/llvm-lto.cpp.o
[487/3560] Building CXX object tools/mlir/tools/mlir-tblgen/CMakeFiles/mlir-tblgen.dir/OpPythonBindingGen.cpp.o
[488/3560] Linking CXX static library lib/libLLVMipo.a
[489/3560] Building CXX object tools/mlir/tools/mlir-tblgen/CMakeFiles/mlir-tblgen.dir/RewriterGen.cpp.o
[490/3560] Building CXX object tools/mlir/tools/mlir-tblgen/CMakeFiles/mlir-tblgen.dir/OpFormatGen.cpp.o
[491/3560] Linking CXX static library lib/libLLVMCoroutines.a
[492/3560] Building CXX object tools/bugpoint/CMakeFiles/bugpoint.dir/OptimizerDriver.cpp.o
[493/3560] Building CXX object tools/bugpoint/CMakeFiles/bugpoint.dir/ToolRunner.cpp.o
[494/3560] Building CXX object tools/bugpoint/CMakeFiles/bugpoint.dir/Miscompilation.cpp.o
[495/3560] Linking CXX static library lib/libLLVMCodeGen.a
[496/3560] Building CXX object tools/dsymutil/CMakeFiles/dsymutil.dir/dsymutil-driver.cpp.o
[497/3560] Linking CXX static library lib/libLLVMAsmPrinter.a
[498/3560] Building CXX object tools/dsymutil/CMakeFiles/dsymutil.dir/BinaryHolder.cpp.o
[499/3560] Building CXX object tools/dsymutil/CMakeFiles/dsymutil.dir/RelocationMap.cpp.o
[500/3560] Linking CXX static library lib/libLLVMDWARFLinker.a
[501/3560] Building CXX object tools/dsymutil/CMakeFiles/dsymutil.dir/Reproducer.cpp.o
[502/3560] Linking CXX static library lib/libLLVMMIRParser.a
[503/3560] Linking CXX static library lib/libLLVMInterpreter.a
[504/3560] Generating VCSVersion.inc
[505/3560] Linking CXX static library lib/libLLVMSelectionDAG.a
[506/3560] Linking CXX static library lib/libLLVMDWARFLinkerClassic.a
[507/3560] Linking CXX static library lib/libLLVMDWARFLinkerParallel.a
[508/3560] Building CXX object tools/dsymutil/CMakeFiles/dsymutil.dir/SwiftModule.cpp.o
[509/3560] Linking CXX static library lib/libLLVMNVPTXCodeGen.a
[510/3560] Linking CXX static library lib/libLLVMGlobalISel.a
[511/3560] Building CXX object tools/lld/Common/CMakeFiles/lldCommon.dir/CommonLinkerContext.cpp.o
[512/3560] Building CXX object tools/lld/Common/CMakeFiles/lldCommon.dir/Args.cpp.o
[513/3560] Building CXX object tools/bugpoint/CMakeFiles/bugpoint.dir/bugpoint.cpp.o
[514/3560] Linking CXX static library lib/libLLVMX86CodeGen.a
[515/3560] Building CXX object tools/dsymutil/CMakeFiles/dsymutil.dir/DebugMap.cpp.o
[516/3560] Building CXX object tools/lld/Common/CMakeFiles/lldCommon.dir/DriverDispatcher.cpp.o
[517/3560] Building CXX object tools/lld/Common/CMakeFiles/lldCommon.dir/Memory.cpp.o
[518/3560] Building CXX object tools/bugpoint/CMakeFiles/bugpoint.dir/CrashDebugger.cpp.o
[519/3560] Building CXX object tools/dsymutil/CMakeFiles/dsymutil.dir/MachODebugMapParser.cpp.o
[520/3560] Building CXX object tools/lld/Common/CMakeFiles/lldCommon.dir/TargetOptionsCommandFlags.cpp.o
[521/3560] Building CXX object tools/lld/Common/CMakeFiles/lldCommon.dir/Filesystem.cpp.o
[522/3560] Building CXX object tools/lld/Common/CMakeFiles/lldCommon.dir/Utils.cpp.o
[523/3560] Building CXX object tools/lld/Common/CMakeFiles/lldCommon.dir/DWARF.cpp.o
[524/3560] Building CXX object tools/lld/Common/CMakeFiles/lldCommon.dir/Reproduce.cpp.o
[525/3560] Building CXX object tools/lld/Common/CMakeFiles/lldCommon.dir/Version.cpp.o
[526/3560] Building CXX object tools/lld/tools/lld/CMakeFiles/lld.dir/lld-driver.cpp.o
[527/3560] Building CXX object tools/lld/Common/CMakeFiles/lldCommon.dir/Timer.cpp.o
[528/3560] Building CXX object tools/lld/Common/CMakeFiles/lldCommon.dir/Strings.cpp.o
[529/3560] Building CXX object tools/lld/tools/lld/CMakeFiles/lld.dir/lld.cpp.o
[530/3560] Building CXX object tools/lld/COFF/CMakeFiles/lldCOFF.dir/COFFLinkerContext.cpp.o
[531/3560] Building CXX object tools/dsymutil/CMakeFiles/dsymutil.dir/dsymutil.cpp.o
[532/3560] Building CXX object tools/dsymutil/CMakeFiles/dsymutil.dir/MachOUtils.cpp.o
[533/3560] Building CXX object tools/lld/COFF/CMakeFiles/lldCOFF.dir/CallGraphSort.cpp.o
[534/3560] Building CXX object tools/lld/COFF/CMakeFiles/lldCOFF.dir/ICF.cpp.o
[535/3560] Building CXX object tools/lld/Common/CMakeFiles/lldCommon.dir/ErrorHandler.cpp.o
[536/3560] Building CXX object tools/mlir/tools/mlir-tblgen/CMakeFiles/mlir-tblgen.dir/OpDefinitionsGen.cpp.o
[537/3560] Linking CXX static library lib/liblldCommon.a
[538/3560] Building CXX object tools/llc/CMakeFiles/llc.dir/llc.cpp.o
[539/3560] Building CXX object tools/lld/COFF/CMakeFiles/lldCOFF.dir/Chunks.cpp.o
[540/3560] Building CXX object tools/lld/COFF/CMakeFiles/lldCOFF.dir/DLL.cpp.o
[541/3560] Building CXX object tools/llvm-profdata/CMakeFiles/llvm-profdata.dir/llvm-profdata.cpp.o
[542/3560] Building CXX object tools/dsymutil/CMakeFiles/dsymutil.dir/DwarfLinkerForBinary.cpp.o
[543/3560] Building CXX object tools/lld/COFF/CMakeFiles/lldCOFF.dir/DriverUtils.cpp.o
[544/3560] Linking CXX executable bin/llvm-profdata
[545/3560] Building CXX object tools/lld/COFF/CMakeFiles/lldCOFF.dir/LLDMapFile.cpp.o
[546/3560] Building CXX object tools/lld/COFF/CMakeFiles/lldCOFF.dir/MarkLive.cpp.o
[547/3560] Building CXX object tools/lld/COFF/CMakeFiles/lldCOFF.dir/DebugTypes.cpp.o
[548/3560] Building CXX object tools/lld/COFF/CMakeFiles/lldCOFF.dir/MapFile.cpp.o
[549/3560] Building CXX object tools/lld/COFF/CMakeFiles/lldCOFF.dir/MinGW.cpp.o
[550/3560] Building CXX object tools/llc/CMakeFiles/llc.dir/NewPMDriver.cpp.o
[551/3560] Building CXX object tools/lld/COFF/CMakeFiles/lldCOFF.dir/Symbols.cpp.o
[552/3560] Building CXX object tools/lld/ELF/CMakeFiles/lldELF.dir/Arch/AMDGPU.cpp.o
[553/3560] Building CXX object lib/Target/AMDGPU/Disassembler/CMakeFiles/LLVMAMDGPUDisassembler.dir/AMDGPUDisassembler.cpp.o
[554/3560] Building CXX object tools/lld/ELF/CMakeFiles/lldELF.dir/Arch/AVR.cpp.o
[555/3560] Linking CXX static library lib/libLLVMAMDGPUDisassembler.a
[556/3560] Building CXX object tools/lld/ELF/CMakeFiles/lldELF.dir/Arch/MSP430.cpp.o
[557/3560] Building CXX object tools/lld/ELF/CMakeFiles/lldELF.dir/Arch/AArch64.cpp.o
[558/3560] Building CXX object tools/lld/ELF/CMakeFiles/lldELF.dir/Arch/MipsArchTree.cpp.o
[559/3560] Building CXX object tools/lld/ELF/CMakeFiles/lldELF.dir/AArch64ErrataFix.cpp.o
[560/3560] Building CXX object tools/lld/ELF/CMakeFiles/lldELF.dir/Arch/Hexagon.cpp.o
[561/3560] Building CXX object tools/lld/ELF/CMakeFiles/lldELF.dir/Arch/PPC.cpp.o
[562/3560] Building CXX object tools/lld/ELF/CMakeFiles/lldELF.dir/Arch/Mips.cpp.o
[563/3560] Building CXX object tools/lld/COFF/CMakeFiles/lldCOFF.dir/LTO.cpp.o
[564/3560] Building CXX object tools/lld/ELF/CMakeFiles/lldELF.dir/Arch/LoongArch.cpp.o
[565/3560] Building CXX object tools/lld/ELF/CMakeFiles/lldELF.dir/Arch/SPARCV9.cpp.o
[566/3560] Building CXX object tools/lld/ELF/CMakeFiles/lldELF.dir/Arch/ARM.cpp.o
[567/3560] Building CXX object tools/lld/COFF/CMakeFiles/lldCOFF.dir/PDB.cpp.o
[568/3560] Building CXX object tools/lld/ELF/CMakeFiles/lldELF.dir/Arch/SystemZ.cpp.o
[569/3560] Building CXX object tools/lld/ELF/CMakeFiles/lldELF.dir/Arch/X86.cpp.o
[570/3560] Building CXX object tools/lld/ELF/CMakeFiles/lldELF.dir/Arch/PPC64.cpp.o
[571/3560] Building CXX object tools/lld/ELF/CMakeFiles/lldELF.dir/Arch/X86_64.cpp.o
[572/3560] Building CXX object tools/lld/ELF/CMakeFiles/lldELF.dir/CallGraphSort.cpp.o
[573/3560] Building CXX object tools/lld/ELF/CMakeFiles/lldELF.dir/ARMErrataFix.cpp.o
[574/3560] Building CXX object tools/lld/ELF/CMakeFiles/lldELF.dir/EhFrame.cpp.o
[575/3560] Building CXX object tools/lld/ELF/CMakeFiles/lldELF.dir/DriverUtils.cpp.o
[576/3560] Building CXX object tools/lld/ELF/CMakeFiles/lldELF.dir/DWARF.cpp.o
[577/3560] Building CXX object tools/lld/COFF/CMakeFiles/lldCOFF.dir/SymbolTable.cpp.o
[578/3560] Building CXX object tools/lld/COFF/CMakeFiles/lldCOFF.dir/InputFiles.cpp.o
[579/3560] Building CXX object tools/lld/COFF/CMakeFiles/lldCOFF.dir/Driver.cpp.o
[580/3560] Building CXX object tools/lld/ELF/CMakeFiles/lldELF.dir/ScriptLexer.cpp.o
[581/3560] Building CXX object tools/lld/ELF/CMakeFiles/lldELF.dir/Arch/RISCV.cpp.o
[582/3560] Building CXX object tools/lld/COFF/CMakeFiles/lldCOFF.dir/Writer.cpp.o
[583/3560] Building CXX object tools/lld/ELF/CMakeFiles/lldELF.dir/ICF.cpp.o
[584/3560] Building CXX object tools/lld/ELF/CMakeFiles/lldELF.dir/SymbolTable.cpp.o
[585/3560] Building CXX object tools/lld/ELF/CMakeFiles/lldELF.dir/BPSectionOrderer.cpp.o
[586/3560] Building CXX object tools/lld/ELF/CMakeFiles/lldELF.dir/MapFile.cpp.o
[587/3560] Building CXX object tools/lld/ELF/CMakeFiles/lldELF.dir/Symbols.cpp.o
[588/3560] Building CXX object tools/lld/ELF/CMakeFiles/lldELF.dir/Target.cpp.o
[589/3560] Building CXX object tools/lld/MachO/CMakeFiles/lldMachO.dir/Arch/ARM64.cpp.o
[590/3560] Building CXX object tools/lld/ELF/CMakeFiles/lldELF.dir/OutputSections.cpp.o
[591/3560] Building CXX object tools/lld/ELF/CMakeFiles/lldELF.dir/InputSection.cpp.o
[592/3560] Building CXX object tools/lld/ELF/CMakeFiles/lldELF.dir/LinkerScript.cpp.o
[593/3560] Building CXX object tools/lld/ELF/CMakeFiles/lldELF.dir/MarkLive.cpp.o
[594/3560] Building CXX object tools/lld/MachO/CMakeFiles/lldMachO.dir/Arch/ARM64Common.cpp.o
[595/3560] Building CXX object tools/lld/MachO/CMakeFiles/lldMachO.dir/Arch/ARM64_32.cpp.o
[596/3560] Building CXX object tools/lld/MachO/CMakeFiles/lldMachO.dir/Arch/X86_64.cpp.o
[597/3560] Building CXX object tools/lld/ELF/CMakeFiles/lldELF.dir/ScriptParser.cpp.o
[598/3560] Building CXX object tools/lld/ELF/CMakeFiles/lldELF.dir/Thunks.cpp.o
[599/3560] Building CXX object tools/lld/ELF/CMakeFiles/lldELF.dir/LTO.cpp.o
[600/3560] Building CXX object tools/lld/MachO/CMakeFiles/lldMachO.dir/EhFrame.cpp.o
[601/3560] Building CXX object tools/lld/MachO/CMakeFiles/lldMachO.dir/ConcatOutputSection.cpp.o
[602/3560] Building CXX object tools/lld/MachO/CMakeFiles/lldMachO.dir/Dwarf.cpp.o
[603/3560] Building CXX object tools/lld/MachO/CMakeFiles/lldMachO.dir/ExportTrie.cpp.o
[604/3560] Building CXX object tools/lld/MachO/CMakeFiles/lldMachO.dir/ICF.cpp.o
[605/3560] Building CXX object tools/lld/MachO/CMakeFiles/lldMachO.dir/LinkerOptimizationHints.cpp.o
[606/3560] Building CXX object tools/lld/MachO/CMakeFiles/lldMachO.dir/OutputSection.cpp.o
[607/3560] Building CXX object tools/lld/MachO/CMakeFiles/lldMachO.dir/MarkLive.cpp.o
[608/3560] Building CXX object tools/lld/MachO/CMakeFiles/lldMachO.dir/InputSection.cpp.o
[609/3560] Building CXX object tools/lld/MachO/CMakeFiles/lldMachO.dir/Relocations.cpp.o
[610/3560] Building CXX object tools/lld/MachO/CMakeFiles/lldMachO.dir/OutputSegment.cpp.o
[611/3560] Building CXX object tools/lld/MachO/CMakeFiles/lldMachO.dir/MapFile.cpp.o
[612/3560] Building CXX object tools/lld/ELF/CMakeFiles/lldELF.dir/Relocations.cpp.o
[613/3560] Building CXX object tools/lld/MachO/CMakeFiles/lldMachO.dir/Target.cpp.o
[614/3560] Building CXX object tools/lld/MachO/CMakeFiles/lldMachO.dir/Sections.cpp.o
[615/3560] Building CXX object tools/lld/MachO/CMakeFiles/lldMachO.dir/ObjC.cpp.o
[616/3560] Building CXX object tools/lld/MachO/CMakeFiles/lldMachO.dir/Symbols.cpp.o
[617/3560] Building CXX object tools/lld/MachO/CMakeFiles/lldMachO.dir/SectionPriorities.cpp.o
[618/3560] Building CXX object tools/lld/MachO/CMakeFiles/lldMachO.dir/SymbolTable.cpp.o
[619/3560] Building CXX object tools/lld/MachO/CMakeFiles/lldMachO.dir/DriverUtils.cpp.o
[620/3560] Building CXX object tools/lld/MinGW/CMakeFiles/lldMinGW.dir/Driver.cpp.o
[621/3560] Building CXX object tools/lld/MachO/CMakeFiles/lldMachO.dir/UnwindInfoSection.cpp.o
[622/3560] Building CXX object tools/lld/ELF/CMakeFiles/lldELF.dir/InputFiles.cpp.o
[623/3560] Building CXX object tools/lld/MachO/CMakeFiles/lldMachO.dir/BPSectionOrderer.cpp.o
[624/3560] Building CXX object tools/lld/MachO/CMakeFiles/lldMachO.dir/LTO.cpp.o
[625/3560] Building CXX object tools/lld/MachO/CMakeFiles/lldMachO.dir/Writer.cpp.o
[626/3560] Building CXX object tools/lld/ELF/CMakeFiles/lldELF.dir/Writer.cpp.o
[627/3560] Building CXX object tools/lld/MachO/CMakeFiles/lldMachO.dir/SyntheticSections.cpp.o
[628/3560] Building CXX object tools/lld/wasm/CMakeFiles/lldWasm.dir/InputChunks.cpp.o
[629/3560] Building CXX object tools/lld/MachO/CMakeFiles/lldMachO.dir/InputFiles.cpp.o
[630/3560] Linking CXX executable bin/mlir-tblgen
[630/3560] Building native mlir-tblgen...
[1/52] Building CXX object tools/mlir/tools/mlir-tblgen/CMakeFiles/mlir-tblgen.dir/mlir-tblgen.cpp.o
[2/52] Building CXX object tools/mlir/tools/mlir-tblgen/CMakeFiles/mlir-tblgen.dir/FormatGen.cpp.o
[3/52] Building CXX object tools/mlir/tools/mlir-tblgen/CMakeFiles/mlir-tblgen.dir/DirectiveCommonGen.cpp.o
[4/52] Building CXX object tools/mlir/tools/mlir-tblgen/CMakeFiles/mlir-tblgen.dir/OpGenHelpers.cpp.o
[5/52] Building CXX object tools/mlir/tools/mlir-tblgen/CMakeFiles/mlir-tblgen.dir/OpClass.cpp.o
[6/52] Building CXX object tools/mlir/tools/mlir-tblgen/CMakeFiles/mlir-tblgen.dir/EnumPythonBindingGen.cpp.o
[7/52] Building CXX object tools/mlir/tools/mlir-tblgen/CMakeFiles/mlir-tblgen.dir/OmpOpGen.cpp.o
[8/52] Building CXX object tools/mlir/tools/mlir-tblgen/CMakeFiles/mlir-tblgen.dir/LLVMIRConversionGen.cpp.o
[9/52] Building CXX object tools/mlir/tools/mlir-tblgen/CMakeFiles/mlir-tblgen.dir/DialectGen.cpp.o
[10/52] Building CXX object tools/mlir/tools/mlir-tblgen/CMakeFiles/mlir-tblgen.dir/CppGenUtilities.cpp.o
[11/52] Building CXX object tools/mlir/tools/mlir-tblgen/CMakeFiles/mlir-tblgen.dir/PassDocGen.cpp.o
[12/52] Building CXX object tools/mlir/tools/mlir-tblgen/CMakeFiles/mlir-tblgen.dir/PassCAPIGen.cpp.o
[13/52] Building CXX object tools/mlir/tools/mlir-tblgen/CMakeFiles/mlir-tblgen.dir/EnumsGen.cpp.o
[14/52] Building CXX object tools/mlir/tools/mlir-tblgen/CMakeFiles/mlir-tblgen.dir/OpInterfacesGen.cpp.o
[15/52] Building CXX object tools/mlir/lib/TableGen/CMakeFiles/MLIRTableGen.dir/Argument.cpp.o
[16/52] Building CXX object tools/mlir/tools/mlir-tblgen/CMakeFiles/mlir-tblgen.dir/AttrOrTypeFormatGen.cpp.o
[17/52] Building CXX object tools/mlir/tools/mlir-tblgen/CMakeFiles/mlir-tblgen.dir/LLVMIRIntrinsicGen.cpp.o
[18/52] Building CXX object tools/mlir/lib/TableGen/CMakeFiles/MLIRTableGen.dir/Attribute.cpp.o
[19/52] Building CXX object tools/mlir/tools/mlir-tblgen/CMakeFiles/mlir-tblgen.dir/TosaUtilsGen.cpp.o
[20/52] Building CXX object tools/mlir/tools/mlir-tblgen/CMakeFiles/mlir-tblgen.dir/OpDocGen.cpp.o
[21/52] Building CXX object tools/mlir/tools/mlir-tblgen/CMakeFiles/mlir-tblgen.dir/PassGen.cpp.o
[22/52] Building CXX object tools/mlir/lib/TableGen/CMakeFiles/MLIRTableGen.dir/Builder.cpp.o
[23/52] Building CXX object tools/mlir/lib/TableGen/CMakeFiles/MLIRTableGen.dir/AttrOrTypeDef.cpp.o
[24/52] Building CXX object tools/mlir/lib/TableGen/CMakeFiles/MLIRTableGen.dir/GenInfo.cpp.o
[25/52] Building CXX object tools/mlir/lib/TableGen/CMakeFiles/MLIRTableGen.dir/Constraint.cpp.o
[26/52] Building CXX object tools/mlir/lib/TableGen/CMakeFiles/MLIRTableGen.dir/Format.cpp.o
[27/52] Building CXX object tools/mlir/lib/TableGen/CMakeFiles/MLIRTableGen.dir/EnumInfo.cpp.o
[28/52] Building CXX object tools/mlir/lib/TableGen/CMakeFiles/MLIRTableGen.dir/Dialect.cpp.o
[29/52] Building CXX object tools/mlir/lib/TableGen/CMakeFiles/MLIRTableGen.dir/CodeGenHelpers.cpp.o
[30/52] Building CXX object tools/mlir/lib/TableGen/CMakeFiles/MLIRTableGen.dir/Class.cpp.o
[31/52] Building CXX object tools/mlir/tools/mlir-tblgen/CMakeFiles/mlir-tblgen.dir/AttrOrTypeDefGen.cpp.o
[32/52] Building CXX object tools/mlir/lib/TableGen/CMakeFiles/MLIRTableGen.dir/Interfaces.cpp.o
[33/52] Building CXX object tools/mlir/lib/TableGen/CMakeFiles/MLIRTableGen.dir/Pass.cpp.o
[34/52] Building CXX object tools/mlir/lib/TableGen/CMakeFiles/MLIRTableGen.dir/Predicate.cpp.o
[35/52] Building CXX object tools/mlir/lib/TableGen/CMakeFiles/MLIRTableGen.dir/Property.cpp.o
[36/52] Building CXX object tools/mlir/tools/mlir-tblgen/CMakeFiles/mlir-tblgen.dir/SPIRVUtilsGen.cpp.o
[37/52] Building CXX object tools/mlir/tools/mlir-tblgen/CMakeFiles/mlir-tblgen.dir/BytecodeDialectGen.cpp.o
[38/52] Building CXX object tools/mlir/lib/TableGen/CMakeFiles/MLIRTableGen.dir/Region.cpp.o
[39/52] Building CXX object tools/mlir/lib/TableGen/CMakeFiles/MLIRTableGen.dir/Successor.cpp.o
[40/52] Building CXX object tools/mlir/lib/TableGen/CMakeFiles/MLIRTableGen.dir/SideEffects.cpp.o
[41/52] Building CXX object tools/mlir/lib/TableGen/CMakeFiles/MLIRTableGen.dir/Type.cpp.o
[42/52] Building CXX object tools/mlir/lib/TableGen/CMakeFiles/MLIRTableGen.dir/Trait.cpp.o
[43/52] Building CXX object tools/mlir/tools/mlir-tblgen/CMakeFiles/mlir-tblgen.dir/RewriterGen.cpp.o
[44/52] Building CXX object tools/mlir/lib/TableGen/CMakeFiles/MLIRTableGen.dir/Operator.cpp.o
[45/52] Building CXX object tools/mlir/tools/mlir-tblgen/CMakeFiles/mlir-tblgen.dir/OpFormatGen.cpp.o
[46/52] Building CXX object tools/mlir/lib/TableGen/CMakeFiles/MLIRTableGen.dir/Pattern.cpp.o
[47/52] Linking CXX static library lib/libMLIRTableGen.a
[48/52] Building CXX object tools/mlir/tools/mlir-tblgen/CMakeFiles/mlir-tblgen.dir/OpPythonBindingGen.cpp.o
[49/52] Building CXX object tools/mlir/lib/Tools/mlir-tblgen/CMakeFiles/MLIRTblgenLib.dir/MlirTblgenMain.cpp.o
[50/52] Linking CXX static library lib/libMLIRTblgenLib.a
[51/52] Building CXX object tools/mlir/tools/mlir-tblgen/CMakeFiles/mlir-tblgen.dir/OpDefinitionsGen.cpp.o
[52/52] Linking CXX executable bin/mlir-tblgen
[745/3560] Building CXX object tools/llvm-cov/CMakeFiles/llvm-cov.dir/CodeCoverage.cpp.o
[747/3560] Building BytecodeOpInterface.cpp.inc...
[748/3560] Building BytecodeOpInterface.h.inc...
[749/3560] Linking CXX executable bin/llvm-diff
[750/3560] Building Passes.capi.h.inc...
[751/3560] Building Passes.capi.cpp.inc...
[752/3560] Building Passes.h.inc...
[753/3560] Building Passes.h.inc...
[754/3560] Building AffineMemoryOpInterfaces.cpp.inc...
[755/3560] Building ToLLVMAttrInterface.cpp.inc...
[756/3560] Building ToLLVMAttrInterface.h.inc...
[757/3560] Building ToLLVMOpInterface.h.inc...
[758/3560] Building AffineMemoryOpInterfaces.h.inc...
[759/3560] Building ToLLVMOpInterface.cpp.inc...
[760/3560] Building AffineOps.cpp.inc...
[761/3560] Building AffineOps.h.inc...
[762/3560] Building AffineOpsDialect.cpp.inc...
[763/3560] Building AffineOpsDialect.h.inc...
[764/3560] Building AffineOpsTypes.h.inc...
[765/3560] Building AffineOpsTypes.cpp.inc...
[766/3560] Linking CXX executable bin/llvm-cov
[767/3560] Building AffineTransformOps.cpp.inc...
[768/3560] Building AffineTransformOps.h.inc...
[769/3560] Building AMDGPUDialect.cpp.inc...
[770/3560] Building AMDGPU.h.inc...
[771/3560] Building AMDGPU.cpp.inc...
[772/3560] Building AMDGPUDialect.h.inc...
[773/3560] Building AMDGPUTypes.h.inc...
[774/3560] Building AMDGPUTypes.cpp.inc...
[775/3560] Building AMDGPUEnums.h.inc...
[776/3560] Building Passes.h.inc...
[777/3560] Building AMDGPUEnums.cpp.inc...
[778/3560] Building AMXInterfaces.cpp.inc...
[779/3560] Building AMXInterfaces.h.inc...
[780/3560] Building AMDGPUAttributes.h.inc...
[781/3560] Building AMDGPUAttributes.cpp.inc...
[782/3560] Building AMX.cpp.inc...
[783/3560] Building AMXDialect.h.inc...
[784/3560] Building AMX.h.inc...
[785/3560] Building AMXDialect.cpp.inc...
[786/3560] Building AMXTypes.cpp.inc...
[787/3560] Building AMXTypes.h.inc...
[788/3560] Building ArithOpsAttributes.cpp.inc...
[789/3560] Building ArithOps.cpp.inc...
[790/3560] Building ArithOpsAttributes.h.inc...
[791/3560] Building ArithOps.h.inc...
[792/3560] Building ArithOpsDialect.cpp.inc...
[793/3560] Building ArithOpsDialect.h.inc...
[794/3560] Building ArithOpsEnums.cpp.inc...
[795/3560] Building ArithOpsEnums.h.inc...
[796/3560] Building ArithOpsTypes.cpp.inc...
[797/3560] Building ArithOpsInterfaces.cpp.inc...
[798/3560] Building ArithOpsInterfaces.h.inc...
[799/3560] Building Passes.h.inc...
[800/3560] Building ArithOpsTypes.h.inc...
[801/3560] Building ArmNeon.cpp.inc...
[802/3560] Building ArmNeon.h.inc...
[803/3560] Building ArmNeonTypes.cpp.inc...
[804/3560] Building ArmNeonDialect.h.inc...
[805/3560] Building ArmNeonDialect.cpp.inc...
[806/3560] Building ArmNeonTypes.h.inc...
[807/3560] Building ArmSME.cpp.inc...
[808/3560] Building ArmNeonConversions.inc...
[809/3560] Building ArmSMEDialect.cpp.inc...
[810/3560] Building ArmSME.h.inc...
[811/3560] Building ArmNeonVectorTransformOps.cpp.inc...
[812/3560] Building ArmSMEDialect.h.inc...
[813/3560] Building ArmNeonVectorTransformOps.h.inc...
[814/3560] Building ArmSMETypes.cpp.inc...
[815/3560] Building ArmSMETypes.h.inc...
[816/3560] Building ArmSMEAttrDefs.cpp.inc...
[817/3560] Building CXX object tools/llvm-dwarfdump/CMakeFiles/llvm-dwarfdump.dir/Statistics.cpp.o
[818/3560] Building ArmSMEEnums.cpp.inc...
[819/3560] Building ArmSMEEnums.h.inc...
[820/3560] Building ArmSMEAttrDefs.h.inc...
[821/3560] Building ArmSMEOps.cpp.inc...
[822/3560] Building ArmSMEOps.h.inc...
[823/3560] Building Passes.h.inc...
[824/3560] Building PassesEnums.cpp.inc...
[825/3560] Building PassesEnums.h.inc...
[826/3560] Building ArmSMEOpsConversions.inc...
[827/3560] Building ArmSVEDialect.cpp.inc...
[828/3560] Building ArmSVE.cpp.inc...
[829/3560] Building ArmSVE.h.inc...
[830/3560] Building ArmSMEOpInterfaces.cpp.inc...
[831/3560] Building ArmSVETypes.cpp.inc...
[832/3560] Building ArmSMEOpInterfaces.h.inc...
[833/3560] Building ArmSVEDialect.h.inc...
[834/3560] Building ArmSVETypes.h.inc...
[835/3560] Building ArmSVEConversions.inc...
[836/3560] Building ArmSMEIntrinsicOps.cpp.inc...
[837/3560] Building ArmSMEIntrinsicConversions.inc...
[838/3560] Building Passes.h.inc...
[839/3560] Building ArmSVEVectorTransformOps.cpp.inc...
[840/3560] Building ArmSMEIntrinsicOps.h.inc...
[841/3560] Building Passes.capi.cpp.inc...
[842/3560] Building ArmSVEVectorTransformOps.h.inc...
[843/3560] Building Passes.capi.h.inc...
[844/3560] Building Passes.h.inc...
[845/3560] Building AsyncOps.cpp.inc...
[846/3560] Building AsyncOpsDialect.cpp.inc...
[847/3560] Building AsyncOpsDialect.h.inc...
[848/3560] Building AsyncOpsTypes.cpp.inc...
[849/3560] Building AsyncOps.h.inc...
[850/3560] Building AsyncOpsTypes.h.inc...
[851/3560] Building BufferizationOps.cpp.inc...
[852/3560] Building BufferizationOps.h.inc...
[853/3560] Building BufferizationOpsDialect.cpp.inc...
[854/3560] Building BufferizationOpsDialect.h.inc...
[855/3560] Building BufferizationOpsTypes.cpp.inc...
[856/3560] Building AllocationOpInterface.cpp.inc...
[857/3560] Building BufferizationOpsTypes.h.inc...
[858/3560] Building AllocationOpInterface.h.inc...
[859/3560] Building CXX object tools/llvm-dis/CMakeFiles/llvm-dis.dir/llvm-dis.cpp.o
[860/3560] Building BufferDeallocationOpInterface.cpp.inc...
[861/3560] Building BufferDeallocationOpInterface.h.inc...
[862/3560] Building BufferizableOpInterface.h.inc...
[863/3560] Building BufferizableOpInterface.cpp.inc...
[864/3560] Building BufferViewFlowOpInterface.h.inc...
[865/3560] Building BufferizationEnums.cpp.inc...
[866/3560] Building BufferViewFlowOpInterface.cpp.inc...
[867/3560] Building BufferizationEnums.h.inc...
[868/3560] Building BufferizationTransformOps.cpp.inc...
[869/3560] Building Passes.h.inc...
[870/3560] Building BufferizationTransformOps.h.inc...
[871/3560] Building BufferizationTypeInterfaces.h.inc...
[872/3560] Building BufferizationTypeInterfaces.cpp.inc...
[873/3560] Building ComplexOpsDialect.cpp.inc...
[874/3560] Building ComplexOps.h.inc...
[875/3560] Building ComplexOpsTypes.cpp.inc...
[876/3560] Building ComplexOpsDialect.h.inc...
[877/3560] Building CXX object tools/llvm-dwp/CMakeFiles/llvm-dwp.dir/llvm-dwp.cpp.o
[878/3560] Linking CXX executable bin/lli
[879/3560] Building ComplexOps.cpp.inc...
[880/3560] Building ComplexOpsTypes.h.inc...
[881/3560] Building ComplexAttributes.cpp.inc...
[882/3560] Building ComplexEnums.cpp.inc...
[883/3560] Building ComplexEnums.h.inc...
[884/3560] Building ComplexAttributes.h.inc...
[885/3560] Building ControlFlowOps.cpp.inc...
[886/3560] Building ControlFlowOpsDialect.cpp.inc...
[887/3560] Building ControlFlowOpsDialect.h.inc...
[888/3560] Building ControlFlowOps.h.inc...
[889/3560] Building ControlFlowOpsTypes.h.inc...
[890/3560] Building DLTI.h.inc...
[891/3560] Building DLTI.cpp.inc...
[892/3560] Building DLTIDialect.cpp.inc...
[893/3560] Building ControlFlowOpsTypes.cpp.inc...
[894/3560] Building DLTIDialect.h.inc...
[895/3560] Building DLTITypes.cpp.inc...
[896/3560] Building DLTIAttrs.h.inc...
[897/3560] Building DLTIAttrs.cpp.inc...
[898/3560] Building DLTITransformOps.h.inc...
[899/3560] Building DLTITransformOps.cpp.inc...
[900/3560] Building DLTITypes.h.inc...
[901/3560] Building CXX object tools/llvm-exegesis/lib/CMakeFiles/LLVMExegesis.dir/Analysis.cpp.o
[902/3560] Building EmitCDialect.h.inc...
[903/3560] Building EmitCInterfaces.cpp.inc...
[904/3560] Building EmitCInterfaces.h.inc...
[905/3560] Building EmitCDialect.cpp.inc...
[906/3560] Building EmitCTypes.cpp.inc...
[907/3560] Building EmitC.h.inc...
[908/3560] Building Passes.h.inc...
[909/3560] Building EmitCTypes.h.inc...
[910/3560] Building EmitC.cpp.inc...
[911/3560] Building FuncOps.cpp.inc...
[912/3560] Building CXX object tools/llvm-debuginfo-analyzer/CMakeFiles/llvm-debuginfo-analyzer.dir/Options.cpp.o
[913/3560] Building EmitCAttributes.cpp.inc...
[914/3560] Building EmitCEnums.cpp.inc...
[915/3560] Building EmitCAttributes.h.inc...
[916/3560] Building Passes.h.inc...
[917/3560] Building FuncOps.h.inc...
[918/3560] Building FuncOpsDialect.h.inc...
[919/3560] Building EmitCEnums.h.inc...
[920/3560] Building FuncTransformOps.cpp.inc...
[921/3560] Building FuncOpsDialect.cpp.inc...
[922/3560] Building FuncTransformOps.h.inc...
[923/3560] Building GPUOpsDialect.cpp.inc...
[924/3560] Building Passes.capi.cpp.inc...
[925/3560] Building GPUOpsTypes.cpp.inc...
[926/3560] Building GPUOpsTypes.h.inc...
[927/3560] Building Passes.h.inc...
[928/3560] Building GPUOpInterfaces.cpp.inc...
[929/3560] Building GPUOpsDialect.h.inc...
[930/3560] Building GPUOpInterfaces.h.inc...
[931/3560] Building GPUOps.h.inc...
[932/3560] Building Passes.capi.h.inc...
[933/3560] Building GPUOps.cpp.inc...
[934/3560] Building GPUTransformOps.h.inc...
[935/3560] Building IndexEnums.cpp.inc...
[936/3560] Building GPUTransformOps.cpp.inc...
[937/3560] Building IndexAttrs.h.inc...
[938/3560] Building IndexAttrs.cpp.inc...
[939/3560] Building ParallelLoopMapperEnums.cpp.inc...
[940/3560] Building IndexEnums.h.inc...
[941/3560] Building ParallelLoopMapperEnums.h.inc...
[942/3560] Building IndexOps.cpp.inc...
[943/3560] Building IndexOpsTypes.h.inc...
[944/3560] Building IRDL.h.inc...
[945/3560] Building IndexOpsTypes.cpp.inc...
[946/3560] Building IndexOpsDialect.h.inc...
[947/3560] Building IndexOps.h.inc...
[948/3560] Building IRDL.cpp.inc...
[949/3560] Building IndexOpsDialect.cpp.inc...
[950/3560] Building IRDLDialect.cpp.inc...
[951/3560] Building GPUOpsEnums.cpp.inc...
[952/3560] Building IRDLInterfaces.cpp.inc...
[953/3560] Building IRDLDialect.h.inc...
[954/3560] Building Passes.capi.cpp.inc...
[955/3560] Building IRDLTypes.cpp.inc...
[956/3560] Building GPUOpsEnums.h.inc...
[957/3560] Building IRDLInterfaces.h.inc...
[958/3560] Building IRDLTypes.h.inc...
[959/3560] Building Passes.h.inc...
[960/3560] Building Passes.capi.h.inc...
[961/3560] Building CompilationAttrInterfaces.cpp.inc...
[962/3560] Building RelayoutOpInterface.h.inc...
[963/3560] Building CompilationAttrInterfaces.h.inc...
[964/3560] Building RelayoutOpInterface.cpp.inc...
[965/3560] Building LinalgMatchOps.h.inc...
[966/3560] Building LinalgMatchOps.cpp.inc...
[967/3560] Building IRDLOps.cpp.inc...
[968/3560] Building IRDLOps.h.inc...
[969/3560] Building GPUDeviceMapperEnums.h.inc...
[970/3560] Building GPUDeviceMapperEnums.cpp.inc...
[971/3560] Building IRDLTypesGen.cpp.inc...
[972/3560] Building LinalgTransformOps.cpp.inc...
[973/3560] Building IRDLTypesGen.h.inc...
[974/3560] Building LLVMOps.h.inc...
[975/3560] Building LLVMOpsAttrDefs.cpp.inc...
[976/3560] Building LinalgTransformOps.h.inc...
[977/3560] Building LLVMOpsAttrDefs.h.inc...
[978/3560] Building GPUOpsAttributes.h.inc...
[979/3560] Building GPUOpsAttributes.cpp.inc...
[980/3560] Building IRDLAttributes.cpp.inc...
[981/3560] Building IRDLAttributes.h.inc...
[982/3560] Building LLVMOps.cpp.inc...
[983/3560] Building IRDLEnums.h.inc...
[984/3560] Building LinalgTransformOpsEnums.cpp.inc...
[985/3560] Building IRDLEnums.cpp.inc...
[986/3560] Building LinalgTransformOpsEnums.h.inc...
[987/3560] Building Passes.h.inc...
[988/3560] Building LLVMOpsDialect.cpp.inc...
[989/3560] Building LLVMOpsDialect.h.inc...
[990/3560] Building LLVMOpsEnums.cpp.inc...
[991/3560] Building MathOpsDialect.cpp.inc...
[992/3560] Building LLVMOpsEnums.h.inc...
[993/3560] Building MathOpsDialect.h.inc...
[994/3560] Building MathOpsTypes.h.inc...
[995/3560] Building MathOps.h.inc...
[996/3560] Building MathOps.cpp.inc...
[997/3560] Building Passes.h.inc...
[998/3560] Building MathOpsTypes.cpp.inc...
[999/3560] Building MemRefOpsDialect.cpp.inc...
[1000/3560] Building MemRefOpsTypes.h.inc...
[1001/3560] Building LLVMTypes.h.inc...
[1002/3560] Building MemRefOpsTypes.cpp.inc...
[1003/3560] Building MemRefOps.cpp.inc...
[1004/3560] Building LLVMTypes.cpp.inc...
[1005/3560] Building MemRefOpsDialect.h.inc...
[1006/3560] Building MemRefTransformOps.cpp.inc...
[1007/3560] Building MemRefTransformOps.h.inc...
[1008/3560] Building Passes.h.inc...
[1009/3560] Building MemRefOps.h.inc...
[1010/3560] Building ShardingInterface.h.inc...
[1011/3560] Building ShardingInterface.cpp.inc...
[1012/3560] Building ShardAttributes.cpp.inc...
[1013/3560] Building ShardAttributes.h.inc...
[1014/3560] Building ShardEnums.h.inc...
[1015/3560] Building ShardEnums.cpp.inc...
[1016/3560] Building ShardOps.cpp.inc...
[1017/3560] Building ShardDialect.cpp.inc...
[1018/3560] Building ShardDialect.h.inc...
[1019/3560] Building Passes.h.inc...
[1020/3560] Building ShardTypes.cpp.inc...
[1021/3560] Building ShardTypes.h.inc...
[1022/3560] Building MLProgramOps.h.inc...
[1023/3560] Building MLProgramOpsDialect.cpp.inc...
[1024/3560] Building ShardOps.h.inc...
[1025/3560] Building MLProgramOps.cpp.inc...
[1026/3560] Building MLProgramAttributes.cpp.inc...
[1027/3560] Building LLVMIntrinsicOps.cpp.inc...
[1028/3560] Building MLProgramOpsDialect.h.inc...
[1029/3560] Building MLProgramOpsTypes.cpp.inc...
[1030/3560] Building MLProgramOpsTypes.h.inc...
[1031/3560] Building Passes.h.inc...
[1032/3560] Building LLVMIntrinsicOps.h.inc...
[1033/3560] Building MLProgramAttributes.h.inc...
[1034/3560] Building MPI.cpp.inc...
[1035/3560] Building MPIDialect.cpp.inc...
[1036/3560] Building MPI.h.inc...
[1037/3560] Building MPIDialect.h.inc...
[1038/3560] Building MPIOps.cpp.inc...
[1039/3560] Building LLVMAttrInterfaces.cpp.inc...
[1040/3560] Building MPITypes.cpp.inc...
[1041/3560] Building MPITypes.h.inc...
[1042/3560] Building LLVMAttrInterfaces.h.inc...
[1043/3560] Building LLVMInterfaces.cpp.inc...
[1044/3560] Building LLVMInterfaces.h.inc...
[1045/3560] Building LLVMTypeInterfaces.cpp.inc...
[1046/3560] Building MLProgramTypes.cpp.inc...
[1047/3560] Building MLProgramTypes.h.inc...
[1048/3560] Building MPIOps.h.inc...
[1049/3560] Building LLVMTypeInterfaces.h.inc...
[1050/3560] Building NVGPU.cpp.inc...
[1051/3560] Building NVGPU.h.inc...
[1052/3560] Linking CXX executable bin/lld
[1053/3560] Building NVGPUDialect.cpp.inc...
[1054/3560] Building NVGPUDialect.h.inc...
[1055/3560] Building MPITypesGen.cpp.inc...
[1056/3560] Building NVGPUTypes.cpp.inc...
[1057/3560] Building NVGPUTypes.h.inc...
[1058/3560] Building LLVMConversionEnumsFromLLVM.inc...
[1059/3560] Building NVGPUOps.cpp.inc...
[1060/3560] Building MPITypesGen.h.inc...
[1061/3560] Building Passes.capi.cpp.inc...
[1062/3560] Building NVGPUOps.h.inc...
[1063/3560] Building LLVMOpFromLLVMIRConversions.inc...
[1064/3560] Building Passes.capi.h.inc...
[1065/3560] Building LLVMConversionEnumsToLLVM.inc...
[1066/3560] Building NVGPUTransformOps.h.inc...
[1067/3560] Building Passes.h.inc...
[1068/3560] Building LLVMConversions.inc...
[1069/3560] Building NVGPUTransformOps.cpp.inc...
[1070/3560] Building MPIAttrDefs.h.inc...
[1071/3560] Building MPIAttrDefs.cpp.inc...
[1072/3560] Building AccCommon.td...
[1073/3560] Building NVGPUEnums.h.inc...
[1074/3560] Building MPIEnums.cpp.inc...
[1075/3560] Building NVGPUEnums.cpp.inc...
[1076/3560] Building Passes.h.inc...
[1077/3560] Building MPIEnums.h.inc...
[1078/3560] Building NVGPUAttrDefs.h.inc...
[1079/3560] Building OpenACCOpsDialect.cpp.inc...
[1080/3560] Building NVGPUAttrDefs.cpp.inc...
[1081/3560] Building AtomicInterfaces.cpp.inc...
[1082/3560] Building LLVMConvertibleLLVMIRIntrinsics.inc...
[1083/3560] Building LLVMIntrinsicConversions.inc...
[1084/3560] Building LLVMIntrinsicFromLLVMIRConversions.inc...
[1085/3560] Building NVGPUTypeDefs.h.inc...
[1086/3560] Building NVGPUTypeDefs.cpp.inc...
[1087/3560] Building OpenACCOpsDialect.h.inc...
[1088/3560] Building OpenACCOpsTypes.cpp.inc...
[1089/3560] Building LLVMDialectBytecode.cpp.inc...
[1090/3560] Building OpenACCOpsTypes.h.inc...
[1091/3560] Building OpenACCOps.cpp.inc...
[1092/3560] Building OpenACCOps.h.inc...
[1093/3560] Building OpenACCOpsEnums.cpp.inc...
[1094/3560] Building OpenACCOpsEnums.h.inc...
[1095/3560] Building AtomicInterfaces.h.inc...
[1096/3560] Building OpenACCMPOpsInterfaces.cpp.inc...
[1097/3560] Building OmpCommon.td...
[1098/3560] Building Passes.h.inc...
[1099/3560] Building OpenACCMPOpsInterfaces.h.inc...
[1100/3560] Building BasicPtxBuilderInterface.cpp.inc...
[1101/3560] Building PDLOps.h.inc...
[1102/3560] Building BasicPtxBuilderInterface.h.inc...
[1103/3560] Building OpenACCOpsAttributes.h.inc...
[1104/3560] Building OpenACCOpsAttributes.cpp.inc...
[1105/3560] Building PDLOpsDialect.cpp.inc...
[1106/3560] Building PDLOps.cpp.inc...
[1107/3560] Building OpenACCOpsInterfaces.cpp.inc...
[1108/3560] Building NVVMRequiresSMTraits.h.inc...
[1109/3560] Building NVVMRequiresSMTraits.cpp.inc...
[1110/3560] Building OpenACCTypeInterfaces.cpp.inc...
[1111/3560] Building OpenMPClauseOps.h.inc...
[1112/3560] Building OpenACCOpsInterfaces.h.inc...
[1113/3560] Building OpenMPOpsAttributes.h.inc...
[1114/3560] Building OpenMPOps.cpp.inc...
[1115/3560] Building OpenMPOps.h.inc...
[1116/3560] Building OpenMPOpsAttributes.cpp.inc...
[1117/3560] Building OpenACCTypeInterfaces.h.inc...
[1118/3560] Building OpenMPOpsDialect.cpp.inc...
[1119/3560] Building NVVMOpsDialect.h.inc...
[1120/3560] Building NVVMConvertibleLLVMIRIntrinsics.inc...
[1121/3560] Building NVVMOpsDialect.cpp.inc...
[1122/3560] Building NVVMFromLLVMIRConversions.inc...
[1123/3560] Building NVVMConversions.inc...
[1124/3560] Building NVVMOpsTypes.h.inc...
[1125/3560] Building NVVMOpsTypes.cpp.inc...
[1126/3560] Building NVVMOpsAttributes.cpp.inc...
[1127/3560] Building NVVMOps.h.inc...
[1128/3560] Building OpenMPOpsEnums.cpp.inc...
[1129/3560] Building NVVMOps.cpp.inc...
[1130/3560] Building OpenMPOpsDialect.h.inc...
[1131/3560] Building OpenMPOpsEnums.h.inc...
[1132/3560] Building OpenMPOpsTypes.cpp.inc...
[1133/3560] Building PDLOpsDialect.h.inc...
[1134/3560] Building NVVMOpsEnums.cpp.inc...
[1135/3560] Building no-output...
[1136/3560] Building PDLOpsTypes.cpp.inc...
[1137/3560] Building PDLOpsTypes.h.inc...
[1138/3560] Building OpenMPOpsTypes.h.inc...
[1139/3560] Building PDLInterpOpsDialect.cpp.inc...
[1140/3560] Building PDLInterpOpsDialect.h.inc...
[1141/3560] Building NVVMOpsAttributes.h.inc...
[1142/3560] Building PDLInterpOpsTypes.cpp.inc...
[1143/3560] Building PDLInterpOps.cpp.inc...
[1144/3560] Building PDLInterpOps.h.inc...
[1145/3560] Building PDLInterpOpsTypes.h.inc...
[1146/3560] Building OpenMPOpsInterfaces.h.inc...
[1147/3560] Building NVVMOpsEnums.h.inc...
[1148/3560] Building OpenMPTypeInterfaces.cpp.inc...
[1149/3560] Building OpenMPOpsInterfaces.cpp.inc...
[1150/3560] Building OpenMPTypeInterfaces.h.inc...
[1151/3560] Building PtrOps.h.inc...
[1152/3560] Building PtrOpsTypes.h.inc...
[1153/3560] Building PtrOps.cpp.inc...
[1154/3560] Building PtrOpsDialect.h.inc...
[1155/3560] Building PtrOpsDialect.cpp.inc...
[1156/3560] Building PtrOpsTypes.cpp.inc...
[1157/3560] Building ROCDLOpsDialect.cpp.inc...
[1158/3560] Building ROCDLOpsDialect.h.inc...
[1159/3560] Building ROCDLOpsTypes.cpp.inc...
[1160/3560] Building ROCDLOpsTypes.h.inc...
[1161/3560] Building PtrOpsAttrs.cpp.inc...
[1162/3560] Building ROCDLOpsAttributes.cpp.inc...
[1163/3560] Building PtrOpsAttrs.h.inc...
[1164/3560] Building ROCDLConversions.inc...
[1165/3560] Building QuantOps.h.inc...
[1166/3560] Building ROCDLOpsAttributes.h.inc...
[1167/3560] Building QuantOps.cpp.inc...
[1168/3560] Building QuantOpsDialect.cpp.inc...
[1169/3560] Building QuantOpsTypes.cpp.inc...
[1170/3560] Building MemorySpaceAttrInterfaces.h.inc...
[1171/3560] Building QuantOpsDialect.h.inc...
[1172/3560] Building QuantOpsTypes.h.inc...
[1173/3560] Building MemorySpaceAttrInterfaces.cpp.inc...
[1174/3560] Building VCIXOpsDialect.cpp.inc...
[1175/3560] Building ROCDLOps.cpp.inc...
[1176/3560] Building VCIXOps.h.inc...
[1177/3560] Building VCIXOps.cpp.inc...
[1178/3560] Building VCIXOpsDialect.h.inc...
[1179/3560] Building ROCDLOps.h.inc...
[1180/3560] Building VCIXOpsTypes.h.inc...
[1181/3560] Building VCIXOpsTypes.cpp.inc...
[1182/3560] Building VCIXConversions.inc...
[1183/3560] Building Passes.h.inc...
[1184/3560] Building QuantDialectBytecode.cpp.inc...
[1185/3560] Building VCIXOpsAttributes.h.inc...
[1186/3560] Building VCIXOpsAttributes.cpp.inc...
[1187/3560] Building PtrOpsEnums.cpp.inc...
[1188/3560] Building SCFOpsDialect.cpp.inc...
[1189/3560] Building PtrOpsEnums.h.inc...
[1190/3560] Building SCFOps.cpp.inc...
[1191/3560] Building DeviceMappingAttrInterface.cpp.inc...
[1192/3560] Building SCFOpsTypes.cpp.inc...
[1193/3560] Building SCFOpsTypes.h.inc...
[1194/3560] Building SCFOps.h.inc...
[1195/3560] Building SCFOpsDialect.h.inc...
[1196/3560] Building XeVMOpsDialect.h.inc...
[1197/3560] Building XeVMOps.h.inc...
[1198/3560] Building XeVMOps.cpp.inc...
[1199/3560] Building XeVMOpsTypes.cpp.inc...
[1200/3560] Building XeVMOpsDialect.cpp.inc...
[1201/3560] Building XeVMOpsTypes.h.inc...
[1202/3560] Building XeVMOpsAttributes.cpp.inc...
[1203/3560] Building XeVMConversions.inc...
[1204/3560] Building DeviceMappingAttributes.cpp.inc...
[1205/3560] Building XeVMOpsAttributes.h.inc...
[1206/3560] Building DeviceMappingAttrInterface.h.inc...
[1207/3560] Building DeviceMappingAttributes.h.inc...
[1208/3560] Building XeVMOpsEnums.cpp.inc...
[1209/3560] Building Passes.h.inc...
[1210/3560] Building SCFTransformOps.cpp.inc...
[1211/3560] Building SCFTransformOps.h.inc...
[1212/3560] Building XeVMOpsEnums.h.inc...
[1213/3560] Building ShapeOps.cpp.inc...
[1214/3560] Building ShapeOpsDialect.h.inc...
[1215/3560] Building Passes.h.inc...
[1216/3560] Building ShapeOpsDialect.cpp.inc...
[1217/3560] Building ShapeOpsTypes.cpp.inc...
[1218/3560] Building ShapeOpsTypes.h.inc...
[1219/3560] Building ShapeOps.h.inc...
[1220/3560] Building SMTDialect.cpp.inc...
[1221/3560] Building SMTDialect.h.inc...
[1222/3560] Building SMTTypes.cpp.inc...
[1223/3560] Building SMTTypes.h.inc...
[1224/3560] Building SMT.cpp.inc...
[1225/3560] Building SMTAttributes.cpp.inc...
[1226/3560] Building SMT.h.inc...
[1227/3560] Building SparseTensorOpsDialect.cpp.inc...
[1228/3560] Building SparseTensorOps.h.inc...
[1229/3560] Building SMTAttributes.h.inc...
[1230/3560] Building SparseTensorAttrDefs.cpp.inc...
[1231/3560] Building SparseTensorOpsDialect.h.inc...
[1232/3560] Building SparseTensorAttrDefs.h.inc...
[1233/3560] Building SparseTensorAttrEnums.h.inc...
[1234/3560] Building SparseTensorOps.cpp.inc...
[1235/3560] Building SparseTensorOpsTypes.h.inc...
[1236/3560] Building SparseTensorAttrEnums.cpp.inc...
[1237/3560] Building SparseTensorOpsTypes.cpp.inc...
[1238/3560] Building SparseTensorTransformOps.cpp.inc...
[1239/3560] Building Passes.capi.h.inc...
[1240/3560] Building Passes.capi.cpp.inc...
[1241/3560] Building SMTEnums.cpp.inc...
[1242/3560] Building SMTEnums.h.inc...
[1243/3560] Building SparseTensorTransformOps.h.inc...
[1244/3560] Building Passes.h.inc...
[1245/3560] Building SparseTensorTypes.h.inc...
[1246/3560] Building SparseTensorTypes.cpp.inc...
[1247/3560] Building SparseTensorInterfaces.cpp.inc...
[1248/3560] Building SPIRVImageInterfaces.cpp.inc...
[1249/3560] Building SPIRVImageInterfaces.h.inc...
[1250/3560] Building SparseTensorInterfaces.h.inc...
[1251/3560] Building SPIRVEnums.cpp.inc...
[1252/3560] Building SPIRVOpsDialect.h.inc...
[1253/3560] Building SPIRVOpsDialect.cpp.inc...
[1254/3560] Building SPIRVEnums.h.inc...
[1255/3560] Building SPIRVOpsTypes.h.inc...
[1256/3560] Building Passes.h.inc...
[1257/3560] Building SPIRVOpsTypes.cpp.inc...
[1258/3560] Building TensorOps.cpp.inc...
[1259/3560] Building TensorOps.h.inc...
[1260/3560] Building TensorOpsDialect.cpp.inc...
[1261/3560] Building TensorOpsDialect.h.inc...
[1262/3560] Building Passes.h.inc...
[1263/3560] Building TensorTransformOps.cpp.inc...
[1264/3560] Building TensorOpsTypes.h.inc...
[1265/3560] Building TensorOpsTypes.cpp.inc...
[1266/3560] Building TensorTransformOps.h.inc...
[1267/3560] Building SPIRVEnumAvailability.h.inc...
[1268/3560] Building SPIRVCapabilityImplication.inc...
[1269/3560] Building SPIRVEnumAvailability.cpp.inc...
[1270/3560] Building SPIRVOps.h.inc...
[1271/3560] Building TosaOpsDialect.cpp.inc...
[1272/3560] Building SPIRVOps.cpp.inc...
[1273/3560] Building TosaOpsDialect.h.inc...
[1274/3560] Building TosaOpsTypes.cpp.inc...
[1275/3560] Building TosaInterfaces.cpp.inc...
[1276/3560] Building TosaOpsTypes.h.inc...
[1277/3560] Building TosaInterfaces.h.inc...
[1278/3560] Building TosaOps.cpp.inc...
[1279/3560] Building TosaAttributes.cpp.inc...
[1280/3560] Building TosaOps.h.inc...
[1281/3560] Building TosaAttributes.h.inc...
[1282/3560] Building TosaOpsTypesBase.cpp.inc...
[1283/3560] Building Passes.h.inc...
[1284/3560] Building DebugExtensionOps.h.inc...
[1285/3560] Building DebugExtensionOps.cpp.inc...
[1286/3560] Building SPIRVAvailability.cpp.inc...
[1287/3560] Building SPIRVAvailability.h.inc...
[1288/3560] Building TosaOpsTypesBase.h.inc...
[1289/3560] Building TransformInterfaces.cpp.inc...
[1290/3560] Building TransformDialect.cpp.inc...
[1291/3560] Building TransformTypeInterfaces.h.inc...
[1292/3560] Building TransformDialect.h.inc...
[1293/3560] Building TransformTypeInterfaces.cpp.inc...
[1294/3560] Building SPIRVOpAvailabilityImpl.inc...
[1295/3560] Building TransformInterfaces.h.inc...
[1296/3560] Building IRDLExtensionOps.cpp.inc...
[1297/3560] Building TosaDialectBytecode.cpp.inc...
[1298/3560] Building IRDLExtensionOps.h.inc...
[1299/3560] Building LoopExtensionOps.cpp.inc...
[1300/3560] Building LoopExtensionOps.h.inc...
[1301/3560] Building TransformTypes.cpp.inc...
[1302/3560] Building TransformTypes.h.inc...
[1303/3560] Building PDLExtensionOps.cpp.inc...
[1304/3560] Building CXX object tools/llvm-exegesis/lib/CMakeFiles/LLVMExegesis.dir/Clustering.cpp.o
[1305/3560] Building MatchInterfaces.cpp.inc...
[1306/3560] Building MatchInterfaces.h.inc...
[1307/3560] Building TosaEnums.cpp.inc...
[1308/3560] Building PDLExtensionOps.h.inc...
[1309/3560] Building SMTExtensionOps.cpp.inc...
[1310/3560] Building TosaEnums.h.inc...
[1311/3560] Building Passes.h.inc...
[1312/3560] Building SMTExtensionOps.h.inc...
[1313/3560] Building TransformDialectEnums.cpp.inc...
[1314/3560] Building TransformDialectEnums.h.inc...
[1315/3560] Building UBOps.cpp.inc...
[1316/3560] Building TuneExtensionOps.cpp.inc...
[1317/3560] Building TuneExtensionOps.h.inc...
[1318/3560] Building UBOps.h.inc...
[1319/3560] Building UBOpsAttributes.cpp.inc...
[1320/3560] Building TransformAttrs.cpp.inc...
[1321/3560] Building CXX object tools/llvm-dwarfdump/CMakeFiles/llvm-dwarfdump.dir/llvm-dwarfdump.cpp.o
[1322/3560] Building TosaOpAvailabilityImpl.inc...
[1323/3560] Building UBOpsAttributes.h.inc...
[1324/3560] Building TosaAvailability.cpp.inc...
[1325/3560] Building TransformAttrs.h.inc...
[1326/3560] Building TosaAvailability.h.inc...
[1327/3560] Building UBOpsDialect.cpp.inc...
[1328/3560] Building UBOpsDialect.h.inc...
[1329/3560] Building Vector.cpp.inc...
[1330/3560] Building SPIRVSerialization.inc...
[1331/3560] Building DialectUtilsEnums.cpp.inc...
[1332/3560] Building DialectUtilsEnums.h.inc...
[1333/3560] Building VectorDialect.cpp.inc...
[1334/3560] Building Vector.h.inc...
[1335/3560] Building VectorTypes.cpp.inc...
[1336/3560] Building VectorDialect.h.inc...
[1337/3560] Building UBOpsInterfaces.h.inc...
[1338/3560] Building TransformOpsDialect.h.inc...
[1339/3560] Building TransformOpsDialect.cpp.inc...
[1340/3560] Building UBOpsInterfaces.cpp.inc...
[1341/3560] Building TransformOps.cpp.inc...
[1342/3560] Building TransformOps.h.inc...
[1343/3560] Building TransformOpsTypes.cpp.inc...
[1344/3560] Building TransformOpsTypes.h.inc...
[1345/3560] Building VectorTypes.h.inc...
[1346/3560] Building MaskableOpInterface.cpp.inc...
[1347/3560] Building MaskingOpInterface.cpp.inc...
[1348/3560] Building Passes.h.inc...
[1349/3560] Building MaskingOpInterface.h.inc...
[1350/3560] Building MaskableOpInterface.h.inc...
[1351/3560] Building SPIRVAttrUtils.inc...
[1352/3560] Building VectorTransformsEnums.cpp.inc...
[1353/3560] Building VectorOps.h.inc...
[1354/3560] Building VectorTransformsEnums.h.inc...
[1355/3560] Building VectorOps.cpp.inc...
[1356/3560] Building VectorTransformOps.cpp.inc...
[1357/3560] Building VectorTransformOps.h.inc...
[1358/3560] Building WasmSSAInterfaces.cpp.inc...
[1359/3560] Building WasmSSAInterfaces.h.inc...
[1360/3560] Building WasmSSATypeConstraints.h.inc...
[1361/3560] Building WasmSSATypeConstraints.cpp.inc...
[1362/3560] Building X86VectorInterfaces.cpp.inc...
[1363/3560] Building X86VectorInterfaces.h.inc...
[1364/3560] Building VectorAttributes.cpp.inc...
[1365/3560] Building X86VectorTransformOps.cpp.inc...
[1366/3560] Building VectorEnums.cpp.inc...
[1367/3560] Building VectorEnums.h.inc...
[1368/3560] Building VectorAttributes.h.inc...
[1369/3560] Building X86VectorTransformOps.h.inc...
[1370/3560] Building SPIRVAttributes.h.inc...
[1371/3560] Building SPIRVAttributes.cpp.inc...
[1372/3560] Building XeGPU.cpp.inc...
[1373/3560] Building WasmSSAOpsDialect.h.inc...
[1374/3560] Building WasmSSAOps.h.inc...
[1375/3560] Building WasmSSAOpsDialect.cpp.inc...
[1376/3560] Building WasmSSAOpsTypes.cpp.inc...
[1377/3560] Building WasmSSAOps.cpp.inc...
[1378/3560] Building X86VectorDialect.cpp.inc...
[1379/3560] Building X86Vector.cpp.inc...
[1380/3560] Building WasmSSAOpsTypes.h.inc...
[1381/3560] Building X86VectorTypes.h.inc...
[1382/3560] Building XeGPUDialect.cpp.inc...
[1383/3560] Building X86Vector.h.inc...
[1384/3560] Building X86VectorDialect.h.inc...
[1385/3560] Building X86VectorTypes.cpp.inc...
[1386/3560] Building XeGPU.h.inc...
[1387/3560] Building Passes.h.inc...
[1388/3560] Building XeGPUDialect.h.inc...
[1389/3560] Building XeGPUAttrs.cpp.inc...
[1390/3560] Building XeGPUTransformOps.cpp.inc...
[1391/3560] Building XeGPUTypes.h.inc...
[1392/3560] Building XeGPUTransformOps.h.inc...
[1393/3560] Building XeGPUTypes.cpp.inc...
[1394/3560] Building SymbolInterfaces.h.inc...
[1395/3560] Building XeGPUAttrs.h.inc...
[1396/3560] Building RegionKindInterface.h.inc...
[1397/3560] Building RegionKindInterface.cpp.inc...
[1398/3560] Building OpAsmAttrInterface.cpp.inc...
[1399/3560] Building SymbolInterfaces.cpp.inc...
[1400/3560] Building OpAsmAttrInterface.h.inc...
[1401/3560] Building OpAsmOpInterface.cpp.inc...
[1402/3560] Building OpAsmOpInterface.h.inc...
[1403/3560] Building OpAsmTypeInterface.cpp.inc...
[1404/3560] Building OpAsmTypeInterface.h.inc...
[1405/3560] Building AlignmentAttrInterface.cpp.inc...
[1406/3560] Building AlignmentAttrInterface.h.inc...
[1407/3560] Building XeGPUEnums.cpp.inc...
[1408/3560] Building CallInterfaces.cpp.inc...
[1409/3560] Building CallInterfaces.h.inc...
[1410/3560] Building CastInterfaces.h.inc...
[1411/3560] Building ControlFlowInterfaces.cpp.inc...
[1412/3560] Building XeGPUEnums.h.inc...
[1413/3560] Building CastInterfaces.cpp.inc...
[1414/3560] Building DerivedAttributeOpInterface.cpp.inc...
[1415/3560] Building ControlFlowInterfaces.h.inc...
[1416/3560] Building BuiltinAttributes.cpp.inc...
[1417/3560] Building DestinationStyleOpInterface.cpp.inc...
[1418/3560] Building DerivedAttributeOpInterface.h.inc...
[1419/3560] Building DestinationStyleOpInterface.h.inc...
[1420/3560] Building FunctionInterfaces.cpp.inc...
[1421/3560] Building BuiltinAttributes.h.inc...
[1422/3560] Building InferIntRangeInterface.cpp.inc...
[1423/3560] Building XeGPUAttrInterface.cpp.inc...
[1424/3560] Building FunctionInterfaces.h.inc...
[1425/3560] Building InferStridedMetadataInterface.h.inc...
[1426/3560] Building InferStridedMetadataInterface.cpp.inc...
[1427/3560] Building IndexingMapOpInterface.cpp.inc...
[1428/3560] Building XeGPUAttrInterface.h.inc...
[1429/3560] Building IndexingMapOpInterface.h.inc...
[1430/3560] Building InferIntRangeInterface.h.inc...
[1431/3560] Building InferTypeOpInterface.cpp.inc...
[1432/3560] Building BuiltinAttributeInterfaces.cpp.inc...
[1433/3560] Building InferTypeOpInterface.h.inc...
[1434/3560] Building LoopLikeInterface.cpp.inc...
[1435/3560] Building LoopLikeInterface.h.inc...
[1436/3560] Building ParallelCombiningOpInterface.cpp.inc...
[1437/3560] Building BuiltinAttributeInterfaces.h.inc...
[1438/3560] Building MemOpInterfaces.cpp.inc...
[1439/3560] Building MemOpInterfaces.h.inc...
[1440/3560] Building RuntimeVerifiableOpInterface.cpp.inc...
[1441/3560] Building ShapedOpInterfaces.h.inc...
[1442/3560] Building ParallelCombiningOpInterface.h.inc...
[1443/3560] Building RuntimeVerifiableOpInterface.h.inc...
[1444/3560] Building ShapedOpInterfaces.cpp.inc...
[1445/3560] Building SideEffectInterfaces.cpp.inc...
[1446/3560] Building SideEffectInterfaces.h.inc...
[1447/3560] Building ValueBoundsOpInterface.cpp.inc...
[1448/3560] Building BuiltinDialect.cpp.inc...
[1449/3560] Building TilingInterface.cpp.inc...
[1450/3560] Building SubsetOpInterface.cpp.inc...
[1451/3560] Building TilingInterface.h.inc...
[1452/3560] Building SubsetOpInterface.h.inc...
[1453/3560] Building ValueBoundsOpInterface.h.inc...
[1454/3560] Building VectorInterfaces.h.inc...
[1455/3560] Building BuiltinDialect.h.inc...
[1456/3560] Building ViewLikeInterface.h.inc...
[1457/3560] Building Passes.h.inc...
[1458/3560] Building ViewLikeInterface.cpp.inc...
[1459/3560] Building MemorySlotOpInterfaces.cpp.inc...
[1460/3560] Building MemorySlotOpInterfaces.h.inc...
[1461/3560] Building VectorInterfaces.cpp.inc...
[1462/3560] Building MemorySlotTypeInterfaces.cpp.inc...
[1463/3560] Building Passes.h.inc...
[1464/3560] Building Passes.h.inc...
[1465/3560] Building Transforms.capi.cpp.inc...
[1466/3560] Building MemorySlotTypeInterfaces.h.inc...
[1467/3560] Building BuiltinDialectBytecode.cpp.inc...
[1468/3560] Building Transforms.capi.h.inc...
[1469/3560] Building ShapeToStandard.cpp.inc...
[1470/3560] Building TestOpInterfaces.cpp.inc...
[1471/3560] Building TestAttrInterfaces.h.inc...
[1472/3560] Building DataLayoutAttrInterface.cpp.inc...
[1473/3560] Building ShapeCanonicalization.inc...
[1474/3560] Building ArithCanonicalization.inc...
[1475/3560] Building BuiltinLocationAttributes.h.inc...
[1476/3560] Building BuiltinLocationAttributes.cpp.inc...
[1477/3560] Building TestAttrInterfaces.cpp.inc...
[1478/3560] Building DataLayoutAttrInterface.h.inc...
[1479/3560] Building DataLayoutOpInterface.h.inc...
[1480/3560] Building DataLayoutOpInterface.cpp.inc...
[1481/3560] Building DataLayoutTypeInterface.cpp.inc...
[1482/3560] Building TestOpInterfaces.h.inc...
[1483/3560] Building DataLayoutTypeInterface.h.inc...
[1484/3560] Building TestTypeInterfaces.cpp.inc...
[1485/3560] Building BuiltinOps.cpp.inc...
[1486/3560] Building TestTypeInterfaces.h.inc...
[1487/3560] Building GPUToROCDL.cpp.inc...
[1488/3560] Building BuiltinOps.h.inc...
[1489/3560] Building TestTransformDialectExtensionTypes.cpp.inc...
[1490/3560] Building TestTransformDialectExtensionTypes.h.inc...
[1491/3560] Building TestTransformDialectExtension.cpp.inc...
[1492/3560] Building SPIRVCanonicalization.inc...
[1493/3560] Building TestTransformsOps.cpp.inc...
[1494/3560] Building TestTransformDialectExtension.h.inc...
[1495/3560] Building BuiltinTypes.cpp.inc...
[1496/3560] Building TestTilingInterfaceTransformOps.h.inc...
[1497/3560] Building TestTilingInterfaceTransformOps.cpp.inc...
[1498/3560] Building BuiltinTypes.h.inc...
[1499/3560] Building TestTransformsOps.h.inc...
[1500/3560] Building TestAttrDefs.h.inc...
[1501/3560] Building GPUToNVVM.cpp.inc...
[1502/3560] Building BuiltinTypeConstraints.cpp.inc...
[1503/3560] Building TestAttrDefs.cpp.inc...
[1504/3560] Building BuiltinTypeConstraints.h.inc...
[1505/3560] Building TestTypeDefs.cpp.inc...
[1506/3560] Building BuiltinTypeInterfaces.cpp.inc...
[1507/3560] Building BuiltinTypeInterfaces.h.inc...
[1508/3560] Building TestTypeDefs.h.inc...
[1509/3560] Building TensorEncInterfaces.cpp.inc...
[1510/3560] Building TestOpEnums.cpp.inc...
[1511/3560] Building TensorEncInterfaces.h.inc...
[1512/3560] Building TestOpEnums.h.inc...
[1513/3560] Linking CXX executable bin/llvm-dis
[1514/3560] Building CXX object tools/llvm-dwarfutil/CMakeFiles/llvm-dwarfutil.dir/DebugInfoLinker.cpp.o
[1515/3560] Linking CXX executable bin/llvm-dwarfdump
[1516/3560] Linking CXX executable bin/llvm-debuginfo-analyzer
[1517/3560] Building CXX object tools/llvm-exegesis/lib/CMakeFiles/LLVMExegesis.dir/Error.cpp.o
[1518/3560] Building CXX object tools/llvm-exegesis/lib/CMakeFiles/LLVMExegesis.dir/CodeTemplate.cpp.o
[1519/3560] Building CXX object tools/mlir/tools/mlir-src-sharder/CMakeFiles/mlir-src-sharder.dir/mlir-src-sharder.cpp.o
[1520/3560] Building CXX object tools/mlir/lib/Analysis/Presburger/CMakeFiles/obj.MLIRPresburger.dir/LinearTransform.cpp.o
[1521/3560] Linking CXX executable bin/llvm-dwp
[1522/3560] Building CXX object tools/llvm-exegesis/lib/CMakeFiles/LLVMExegesis.dir/MCInstrDescView.cpp.o
[1523/3560] Building CXX object tools/mlir/lib/Analysis/Presburger/CMakeFiles/obj.MLIRPresburger.dir/PresburgerSpace.cpp.o
[1524/3560] Building CXX object tools/llvm-exegesis/lib/CMakeFiles/LLVMExegesis.dir/DisassemblerHelper.cpp.o
[1525/3560] Building CXX object tools/llvm-exegesis/lib/CMakeFiles/LLVMExegesis.dir/BenchmarkResult.cpp.o
[1526/3560] Building CXX object tools/mlir/lib/Analysis/Presburger/CMakeFiles/obj.MLIRPresburger.dir/PresburgerRelation.cpp.o
[1527/3560] Building CXX object tools/mlir/lib/Analysis/Presburger/CMakeFiles/obj.MLIRPresburger.dir/QuasiPolynomial.cpp.o
[1528/3560] Building CXX object tools/mlir/lib/Analysis/Presburger/CMakeFiles/obj.MLIRPresburger.dir/PWMAFunction.cpp.o
[1529/3560] Building CXX object tools/mlir/lib/Analysis/Presburger/CMakeFiles/obj.MLIRPresburger.dir/Matrix.cpp.o
[1530/3560] Building CXX object tools/llvm-dwarfutil/CMakeFiles/llvm-dwarfutil.dir/llvm-dwarfutil.cpp.o
[1531/3560] Building CXX object tools/mlir/lib/Analysis/Presburger/CMakeFiles/obj.MLIRPresburger.dir/Barvinok.cpp.o
[1532/3560] Building CXX object tools/llvm-exegesis/lib/CMakeFiles/LLVMExegesis.dir/BenchmarkRunner.cpp.o
[1533/3560] Building CXX object tools/mlir/lib/Analysis/Presburger/CMakeFiles/obj.MLIRPresburger.dir/Utils.cpp.o
[1534/3560] Building CXX object tools/mlir/lib/AsmParser/CMakeFiles/obj.MLIRAsmParser.dir/Token.cpp.o
[1535/3560] Building CXX object tools/llvm-exegesis/lib/CMakeFiles/LLVMExegesis.dir/Assembler.cpp.o
[1536/3560] Building CXX object tools/mlir/lib/AsmParser/CMakeFiles/obj.MLIRAsmParser.dir/AffineParser.cpp.o
[1537/3560] Building CXX object tools/llvm-exegesis/CMakeFiles/llvm-exegesis.dir/llvm-exegesis.cpp.o
[1538/3560] Building CXX object tools/mlir/lib/AsmParser/CMakeFiles/obj.MLIRAsmParser.dir/Lexer.cpp.o
[1539/3560] Building CXX object tools/mlir/lib/AsmParser/CMakeFiles/obj.MLIRAsmParser.dir/LocationParser.cpp.o
[1540/3560] Building CXX object tools/mlir/lib/Analysis/Presburger/CMakeFiles/obj.MLIRPresburger.dir/Simplex.cpp.o
[1541/3560] Building CXX object tools/mlir/lib/Bytecode/CMakeFiles/obj.MLIRBytecodeOpInterface.dir/BytecodeOpInterface.cpp.o
[1542/3560] Building CXX object tools/mlir/lib/Analysis/Presburger/CMakeFiles/obj.MLIRPresburger.dir/IntegerRelation.cpp.o
[1543/3560] Linking CXX static library lib/libMLIRPresburger.a
[1544/3560] Building CXX object tools/mlir/lib/AsmParser/CMakeFiles/obj.MLIRAsmParser.dir/AsmParserState.cpp.o
[1545/3560] Building CXX object tools/llvm-exegesis/lib/CMakeFiles/LLVMExegesis.dir/LatencyBenchmarkRunner.cpp.o
[1546/3560] Building CXX object tools/mlir/lib/AsmParser/CMakeFiles/obj.MLIRAsmParser.dir/TypeParser.cpp.o
[1547/3560] Building CXX object tools/mlir/lib/AsmParser/CMakeFiles/obj.MLIRAsmParser.dir/DialectSymbolParser.cpp.o
[1548/3560] Building CXX object tools/mlir/lib/Debug/CMakeFiles/obj.MLIRDebug.dir/DebugCounter.cpp.o
[1549/3560] Building CXX object tools/mlir/lib/Debug/CMakeFiles/obj.MLIRDebug.dir/ExecutionContext.cpp.o
[1550/3560] Building CXX object tools/mlir/lib/Debug/CMakeFiles/obj.MLIRDebug.dir/BreakpointManagers/FileLineColLocBreakpointManager.cpp.o
[1551/3560] Building CXX object tools/mlir/lib/AsmParser/CMakeFiles/obj.MLIRAsmParser.dir/AttributeParser.cpp.o
[1552/3560] Building CXX object tools/llvm-exegesis/lib/CMakeFiles/LLVMExegesis.dir/LlvmState.cpp.o
[1553/3560] Building CXX object tools/mlir/tools/mlir-linalg-ods-gen/CMakeFiles/mlir-linalg-ods-yaml-gen.dir/mlir-linalg-ods-yaml-gen.cpp.o
[1554/3560] Building CXX object tools/mlir/lib/Debug/Observers/CMakeFiles/obj.MLIRObservers.dir/ActionLogging.cpp.o
[1555/3560] Building CXX object tools/mlir/lib/Debug/Observers/CMakeFiles/obj.MLIRObservers.dir/ActionProfiler.cpp.o
[1556/3560] Building CXX object tools/mlir/lib/Debug/CMakeFiles/obj.MLIRDebug.dir/CLOptionsSetup.cpp.o
[1557/3560] Building CXX object tools/mlir/lib/Debug/CMakeFiles/obj.MLIRDebug.dir/DebuggerExecutionContextHook.cpp.o
[1558/3560] Building CXX object tools/mlir/lib/Dialect/OpenACCMPCommon/Interfaces/CMakeFiles/obj.MLIROpenACCMPCommon.dir/AtomicInterfaces.cpp.o
[1559/3560] Building CXX object tools/mlir/lib/Dialect/SPIRV/Interfaces/CMakeFiles/obj.MLIRSPIRVImageInterfaces.dir/SPIRVImageInterfaces.cpp.o
[1560/3560] Building CXX object tools/mlir/lib/IR/CMakeFiles/obj.MLIRIR.dir/Attributes.cpp.o
[1561/3560] Building CXX object tools/mlir/lib/Dialect/CMakeFiles/obj.MLIRDialect.dir/Traits.cpp.o
[1562/3560] Building CXX object tools/mlir/lib/Dialect/Vector/Interfaces/CMakeFiles/obj.MLIRMaskableOpInterface.dir/MaskableOpInterface.cpp.o
[1563/3560] Building CXX object tools/mlir/lib/Dialect/Vector/Interfaces/CMakeFiles/obj.MLIRMaskingOpInterface.dir/MaskingOpInterface.cpp.o
[1564/3560] Building CXX object tools/mlir/lib/IR/CMakeFiles/obj.MLIRIR.dir/AffineExpr.cpp.o
[1565/3560] Building CXX object tools/mlir/lib/IR/CMakeFiles/obj.MLIRIR.dir/BuiltinAttributeInterfaces.cpp.o
[1566/3560] Building CXX object tools/mlir/lib/Bytecode/Writer/CMakeFiles/obj.MLIRBytecodeWriter.dir/IRNumbering.cpp.o
[1567/3560] Building CXX object tools/mlir/lib/IR/CMakeFiles/obj.MLIRIR.dir/Block.cpp.o
[1568/3560] Building CXX object tools/mlir/lib/IR/CMakeFiles/obj.MLIRIR.dir/BuiltinTypeInterfaces.cpp.o
[1569/3560] Building CXX object tools/mlir/lib/Bytecode/Writer/CMakeFiles/obj.MLIRBytecodeWriter.dir/BytecodeWriter.cpp.o
[1570/3560] Building CXX object tools/mlir/lib/IR/CMakeFiles/obj.MLIRIR.dir/AffineMap.cpp.o
[1571/3560] Building CXX object tools/mlir/lib/IR/CMakeFiles/obj.MLIRIR.dir/IntegerSet.cpp.o
[1572/3560] Building CXX object tools/mlir/lib/AsmParser/CMakeFiles/obj.MLIRAsmParser.dir/Parser.cpp.o
[1573/3560] Building CXX object tools/mlir/lib/IR/CMakeFiles/obj.MLIRIR.dir/AttrTypeSubElements.cpp.o
[1574/3560] Building CXX object tools/mlir/lib/IR/CMakeFiles/obj.MLIRIR.dir/Builders.cpp.o
[1575/3560] Building CXX object tools/mlir/lib/Bytecode/Reader/CMakeFiles/obj.MLIRBytecodeReader.dir/BytecodeReader.cpp.o
[1576/3560] Building CXX object tools/mlir/lib/IR/CMakeFiles/obj.MLIRIR.dir/DialectResourceBlobManager.cpp.o
[1577/3560] Building CXX object tools/mlir/lib/IR/CMakeFiles/obj.MLIRIR.dir/ODSSupport.cpp.o
[1578/3560] Building CXX object tools/mlir/lib/IR/CMakeFiles/obj.MLIRIR.dir/Diagnostics.cpp.o
[1579/3560] Building CXX object tools/mlir/lib/IR/CMakeFiles/obj.MLIRIR.dir/Dialect.cpp.o
[1580/3560] Building CXX object tools/mlir/lib/IR/CMakeFiles/obj.MLIRIR.dir/BuiltinDialectBytecode.cpp.o
[1581/3560] Building CXX object tools/mlir/lib/IR/CMakeFiles/obj.MLIRIR.dir/BuiltinDialect.cpp.o
[1582/3560] Building CXX object tools/mlir/lib/IR/CMakeFiles/obj.MLIRIR.dir/Location.cpp.o
[1583/3560] Building CXX object tools/mlir/lib/IR/CMakeFiles/obj.MLIRIR.dir/ExtensibleDialect.cpp.o
[1584/3560] Building CXX object tools/mlir/lib/IR/CMakeFiles/obj.MLIRIR.dir/RegionKindInterface.cpp.o
[1585/3560] Building CXX object tools/mlir/lib/IR/CMakeFiles/obj.MLIRIR.dir/PatternLoggingListener.cpp.o
[1586/3560] Building CXX object tools/mlir/lib/IR/CMakeFiles/obj.MLIRIR.dir/Region.cpp.o
[1587/3560] Building CXX object tools/mlir/lib/IR/CMakeFiles/obj.MLIRIR.dir/TypeRange.cpp.o
[1588/3560] Building CXX object tools/mlir/lib/IR/CMakeFiles/obj.MLIRIR.dir/TensorEncoding.cpp.o
[1589/3560] Building CXX object tools/mlir/lib/IR/CMakeFiles/obj.MLIRIR.dir/Types.cpp.o
[1590/3560] Building CXX object tools/mlir/lib/IR/CMakeFiles/obj.MLIRIR.dir/OperationSupport.cpp.o
[1591/3560] Building CXX object tools/mlir/lib/IR/CMakeFiles/obj.MLIRIR.dir/PatternMatch.cpp.o
[1592/3560] Building CXX object tools/mlir/lib/IR/CMakeFiles/obj.MLIRIR.dir/BuiltinTypes.cpp.o
[1593/3560] Building CXX object tools/mlir/lib/IR/CMakeFiles/obj.MLIRIR.dir/Unit.cpp.o
[1594/3560] Building CXX object tools/mlir/lib/IR/CMakeFiles/obj.MLIRIR.dir/ValueRange.cpp.o
[1595/3560] Building CXX object tools/mlir/lib/IR/CMakeFiles/obj.MLIRIR.dir/Value.cpp.o
[1596/3560] Building CXX object tools/mlir/lib/IR/CMakeFiles/obj.MLIRIR.dir/Remarks.cpp.o
[1597/3560] Building CXX object tools/mlir/lib/IR/CMakeFiles/obj.MLIRIR.dir/Operation.cpp.o
[1598/3560] Building CXX object tools/mlir/lib/IR/CMakeFiles/obj.MLIRIR.dir/TypeUtilities.cpp.o
[1599/3560] Building CXX object tools/mlir/lib/IR/CMakeFiles/obj.MLIRIR.dir/Visitors.cpp.o
[1600/3560] Building CXX object tools/mlir/lib/Interfaces/CMakeFiles/obj.MLIRAlignmentAttrInterface.dir/AlignmentAttrInterface.cpp.o
[1601/3560] Building CXX object tools/mlir/lib/IR/CMakeFiles/obj.MLIRIR.dir/MLIRContext.cpp.o
[1602/3560] Building CXX object tools/mlir/lib/Interfaces/CMakeFiles/obj.MLIRCallInterfaces.dir/CallInterfaces.cpp.o
[1603/3560] Building CXX object tools/mlir/lib/IR/CMakeFiles/obj.MLIRIR.dir/SymbolTable.cpp.o
[1604/3560] Building CXX object tools/mlir/lib/Interfaces/CMakeFiles/obj.MLIRDerivedAttributeOpInterface.dir/DerivedAttributeOpInterface.cpp.o
[1605/3560] Building CXX object tools/mlir/lib/IR/CMakeFiles/obj.MLIRIR.dir/Verifier.cpp.o
[1606/3560] Building CXX object tools/mlir/lib/IR/CMakeFiles/obj.MLIRIR.dir/PDL/PDLPatternMatch.cpp.o
[1607/3560] Building CXX object tools/mlir/lib/Interfaces/CMakeFiles/obj.MLIRDestinationStyleOpInterface.dir/DestinationStyleOpInterface.cpp.o
[1608/3560] Building CXX object tools/mlir/lib/Interfaces/CMakeFiles/obj.MLIRCastInterfaces.dir/CastInterfaces.cpp.o
[1609/3560] Building CXX object tools/mlir/lib/IR/CMakeFiles/obj.MLIRIR.dir/Dominance.cpp.o
[1610/3560] Building CXX object tools/mlir/lib/Interfaces/CMakeFiles/obj.MLIRIndexingMapOpInterface.dir/IndexingMapOpInterface.cpp.o
[1611/3560] Building CXX object tools/mlir/lib/IR/CMakeFiles/obj.MLIRIR.dir/AsmPrinter.cpp.o
[1612/3560] Building CXX object tools/mlir/lib/Interfaces/CMakeFiles/obj.MLIRFunctionInterfaces.dir/FunctionInterfaces.cpp.o
[1613/3560] Building CXX object tools/mlir/lib/Interfaces/CMakeFiles/obj.MLIRInferIntRangeInterface.dir/InferIntRangeInterface.cpp.o
[1614/3560] Building CXX object tools/mlir/lib/Interfaces/CMakeFiles/obj.MLIRInferStridedMetadataInterface.dir/InferStridedMetadataInterface.cpp.o
[1615/3560] Building CXX object tools/mlir/lib/Interfaces/CMakeFiles/obj.MLIRFunctionInterfaces.dir/FunctionImplementation.cpp.o
[1616/3560] Building CXX object tools/mlir/lib/Interfaces/CMakeFiles/obj.MLIRControlFlowInterfaces.dir/ControlFlowInterfaces.cpp.o
[1617/3560] Building CXX object tools/mlir/lib/Interfaces/CMakeFiles/obj.MLIRParallelCombiningOpInterface.dir/ParallelCombiningOpInterface.cpp.o
[1618/3560] Building CXX object tools/mlir/lib/Interfaces/CMakeFiles/obj.MLIRMemOpInterfaces.dir/MemOpInterfaces.cpp.o
[1619/3560] Building CXX object tools/mlir/lib/Interfaces/CMakeFiles/obj.MLIRRuntimeVerifiableOpInterface.dir/RuntimeVerifiableOpInterface.cpp.o
[1620/3560] Building CXX object tools/mlir/lib/Interfaces/CMakeFiles/obj.MLIRInferTypeOpInterface.dir/InferTypeOpInterface.cpp.o
[1621/3560] Building CXX object tools/mlir/lib/Interfaces/CMakeFiles/obj.MLIRVectorInterfaces.dir/VectorInterfaces.cpp.o
[1622/3560] Building CXX object tools/mlir/lib/Interfaces/CMakeFiles/obj.MLIRShapedOpInterfaces.dir/ShapedOpInterfaces.cpp.o
[1623/3560] Building CXX object tools/mlir/lib/Query/Matcher/CMakeFiles/obj.MLIRQueryMatcher.dir/ErrorBuilder.cpp.o
[1624/3560] Building CXX object tools/mlir/lib/Interfaces/CMakeFiles/obj.MLIRDataLayoutInterfaces.dir/DataLayoutInterfaces.cpp.o
[1625/3560] Building CXX object tools/mlir/lib/Interfaces/CMakeFiles/obj.MLIRMemorySlotInterfaces.dir/MemorySlotInterfaces.cpp.o
[1626/3560] Building CXX object tools/mlir/lib/Interfaces/CMakeFiles/obj.MLIRLoopLikeInterface.dir/LoopLikeInterface.cpp.o
[1627/3560] Building CXX object tools/mlir/lib/Query/Matcher/CMakeFiles/obj.MLIRQueryMatcher.dir/Diagnostics.cpp.o
[1628/3560] Building CXX object tools/mlir/lib/Support/CMakeFiles/obj.MLIRSupport.dir/RawOstreamExtras.cpp.o
[1629/3560] Building CXX object tools/mlir/lib/Support/CMakeFiles/obj.MLIRSupport.dir/InterfaceSupport.cpp.o
[1630/3560] Building CXX object tools/mlir/lib/Support/CMakeFiles/obj.MLIRSupport.dir/StateStack.cpp.o
[1631/3560] Building CXX object tools/mlir/lib/Query/Matcher/CMakeFiles/obj.MLIRQueryMatcher.dir/MatchersInternal.cpp.o
[1632/3560] Building CXX object tools/mlir/lib/Support/CMakeFiles/obj.MLIRSupport.dir/FileUtilities.cpp.o
[1633/3560] Building CXX object tools/mlir/lib/Parser/CMakeFiles/obj.MLIRParser.dir/Parser.cpp.o
[1634/3560] Building CXX object tools/mlir/lib/Query/Matcher/CMakeFiles/obj.MLIRQueryMatcher.dir/MatchFinder.cpp.o
[1635/3560] Building CXX object tools/mlir/lib/Interfaces/Utils/CMakeFiles/obj.MLIRInferIntRangeCommon.dir/InferIntRangeCommon.cpp.o
[1636/3560] Building CXX object tools/mlir/lib/Interfaces/CMakeFiles/obj.MLIRSideEffectInterfaces.dir/SideEffectInterfaces.cpp.o
[1637/3560] Building CXX object tools/mlir/lib/Support/CMakeFiles/obj.MLIRSupport.dir/ToolUtilities.cpp.o
[1638/3560] Building CXX object tools/mlir/lib/Query/Matcher/CMakeFiles/obj.MLIRQueryMatcher.dir/RegistryManager.cpp.o
[1639/3560] Building CXX object tools/mlir/lib/Query/Matcher/CMakeFiles/obj.MLIRQueryMatcher.dir/Parser.cpp.o
[1640/3560] Building CXX object tools/mlir/lib/Interfaces/CMakeFiles/obj.MLIRViewLikeInterface.dir/ViewLikeInterface.cpp.o
[1641/3560] Building CXX object tools/mlir/lib/Support/CMakeFiles/obj.MLIRSupport.dir/TypeID.cpp.o
[1642/3560] Building CXX object tools/mlir/lib/Remark/CMakeFiles/obj.MLIRRemarkStreamer.dir/RemarkStreamer.cpp.o
[1643/3560] Building CXX object tools/mlir/lib/Query/Matcher/CMakeFiles/obj.MLIRQueryMatcher.dir/VariantValue.cpp.o
[1644/3560] Building CXX object tools/mlir/lib/Tools/lsp-server-support/CMakeFiles/obj.MLIRLspServerSupportLib.dir/SourceMgrUtils.cpp.o
[1645/3560] Building CXX object tools/mlir/lib/Tools/PDLL/AST/CMakeFiles/obj.MLIRPDLLAST.dir/Diagnostic.cpp.o
[1646/3560] Building CXX object tools/mlir/lib/Tools/PDLL/AST/CMakeFiles/obj.MLIRPDLLAST.dir/Context.cpp.o
[1647/3560] Building CXX object tools/mlir/lib/Tools/mlir-lsp-server/CMakeFiles/obj.MLIRLspServerLib.dir/Protocol.cpp.o
[1648/3560] Building CXX object tools/mlir/lib/Tools/PDLL/ODS/CMakeFiles/obj.MLIRPDLLODS.dir/Constraint.cpp.o
[1649/3560] Building CXX object tools/mlir/lib/Tools/lsp-server-support/CMakeFiles/obj.MLIRLspServerSupportLib.dir/CompilationDatabase.cpp.o
[1650/3560] Building CXX object tools/mlir/lib/Support/CMakeFiles/obj.MLIRSupport.dir/StorageUniquer.cpp.o
[1651/3560] Building CXX object tools/mlir/lib/Tools/PDLL/ODS/CMakeFiles/obj.MLIRPDLLODS.dir/Dialect.cpp.o
[1652/3560] Building CXX object tools/mlir/lib/Tools/PDLL/ODS/CMakeFiles/obj.MLIRPDLLODS.dir/Operation.cpp.o
[1653/3560] Building CXX object tools/mlir/lib/Tools/mlir-lsp-server/CMakeFiles/obj.MLIRLspServerLib.dir/MlirLspServerMain.cpp.o
[1654/3560] Building CXX object tools/mlir/lib/Tools/PDLL/AST/CMakeFiles/obj.MLIRPDLLAST.dir/Types.cpp.o
[1655/3560] Building CXX object tools/mlir/lib/Support/CMakeFiles/obj.MLIRSupport.dir/Timing.cpp.o
[1656/3560] Linking CXX static library lib/libMLIRSupport.a
[1657/3560] Building CXX object tools/mlir/lib/Tools/PDLL/AST/CMakeFiles/obj.MLIRPDLLAST.dir/Nodes.cpp.o
[1658/3560] Building CXX object tools/mlir/lib/Tools/PDLL/Parser/CMakeFiles/MLIRPDLLParser.dir/CodeComplete.cpp.o
[1659/3560] Linking CXX static library lib/libMLIRLspServerSupportLib.a
[1660/3560] Linking CXX executable bin/mlir-src-sharder
[1660/3560] Building native mlir-src-sharder...
[1/190] Building Passes.capi.cpp.inc...
[2/190] Building BytecodeOpInterface.h.inc...
[3/190] Building BytecodeOpInterface.cpp.inc...
[4/190] Building AffineMemoryOpInterfaces.h.inc...
[5/190] Building Passes.capi.h.inc...
[6/190] Building AMXInterfaces.cpp.inc...
[7/190] Building Passes.h.inc...
[8/190] Building ArithOpsAttributes.cpp.inc...
[9/190] Building AMXInterfaces.h.inc...
[10/190] Building ArithOpsInterfaces.h.inc...
[11/190] Building AffineMemoryOpInterfaces.cpp.inc...
[12/190] Building ArithOpsInterfaces.cpp.inc...
[13/190] Building AllocationOpInterface.cpp.inc...
[14/190] Building BufferDeallocationOpInterface.cpp.inc...
[15/190] Building BufferizableOpInterface.cpp.inc...
[16/190] Building ArithOpsAttributes.h.inc...
[17/190] Building ArithOpsEnums.cpp.inc...
[18/190] Building ArithOpsEnums.h.inc...
[19/190] Building AllocationOpInterface.h.inc...
[20/190] Building BufferDeallocationOpInterface.h.inc...
[21/190] Building BufferViewFlowOpInterface.h.inc...
[22/190] Building BufferizableOpInterface.h.inc...
[23/190] Building BufferViewFlowOpInterface.cpp.inc...
[24/190] Building EmitCInterfaces.cpp.inc...
[25/190] Building ToLLVMAttrInterface.cpp.inc...
[26/190] Building ToLLVMAttrInterface.h.inc...
[27/190] Building ToLLVMOpInterface.cpp.inc...
[28/190] Building IRDLInterfaces.cpp.inc...
[29/190] Building RelayoutOpInterface.cpp.inc...
[30/190] Building ToLLVMOpInterface.h.inc...
[31/190] Building EmitCInterfaces.h.inc...
[32/190] Building IRDLInterfaces.h.inc...
[33/190] Building AccCommon.td...
[34/190] Building AtomicInterfaces.cpp.inc...
[35/190] Building AtomicInterfaces.h.inc...
[36/190] Building OpenACCMPOpsInterfaces.cpp.inc...
[37/190] Building RelayoutOpInterface.h.inc...
[38/190] Building OpenACCMPOpsInterfaces.h.inc...
[39/190] Building OmpCommon.td...
[40/190] Building DeviceMappingAttrInterface.cpp.inc...
[41/190] Building DeviceMappingAttrInterface.h.inc...
[42/190] Building DeviceMappingAttributes.cpp.inc...
[43/190] Building DeviceMappingAttributes.h.inc...
[44/190] Building TosaInterfaces.cpp.inc...
[45/190] Building SPIRVImageInterfaces.cpp.inc...
[46/190] Building TosaInterfaces.h.inc...
[47/190] Building SPIRVImageInterfaces.h.inc...
[48/190] Building TransformInterfaces.h.inc...
[49/190] Building TransformTypeInterfaces.cpp.inc...
[50/190] Building TransformInterfaces.cpp.inc...
[51/190] Building TransformTypeInterfaces.h.inc...
[52/190] Building OpenACCOpsEnums.h.inc...
[53/190] Building IRDLOps.cpp.inc...
[54/190] Building OpenACCOpsEnums.cpp.inc...
[55/190] Building IRDLOps.h.inc...
[56/190] Building MatchInterfaces.cpp.inc...
[57/190] Building OpenMPOpsEnums.cpp.inc...
[58/190] Building OpenMPClauseOps.h.inc...
[59/190] Building OpenMPOpsAttributes.h.inc...
[60/190] Building no-output...
[61/190] Building MatchInterfaces.h.inc...
[62/190] Building OpenMPOps.h.inc...
[63/190] Building OpenMPOpsEnums.h.inc...
[64/190] Building OpenMPOpsTypes.cpp.inc...
[65/190] Building IRDLTypesGen.cpp.inc...
[66/190] Building VectorOps.cpp.inc...
[67/190] Building OpenMPOpsDialect.cpp.inc...
[68/190] Building IRDLTypesGen.h.inc...
[69/190] Building OpenMPOpsAttributes.cpp.inc...
[70/190] Building OpenMPOpsDialect.h.inc...
[71/190] Building MaskableOpInterface.cpp.inc...
[72/190] Building OpenMPOpsTypes.h.inc...
[73/190] Building MaskingOpInterface.h.inc...
[74/190] Building SymbolInterfaces.cpp.inc...
[75/190] Building OpenACCOpsAttributes.cpp.inc...
[76/190] Building OpenACCOpsAttributes.h.inc...
[77/190] Building MaskableOpInterface.h.inc...
[78/190] Building X86VectorInterfaces.cpp.inc...
[79/190] Building X86VectorInterfaces.h.inc...
[80/190] Building RegionKindInterface.cpp.inc...
[81/190] Building OpenMPOps.cpp.inc...
[82/190] Building VectorOps.h.inc...
[83/190] Building MaskingOpInterface.cpp.inc...
[84/190] Building SymbolInterfaces.h.inc...
[85/190] Building RegionKindInterface.h.inc...
[86/190] Building IRDLAttributes.h.inc...
[87/190] Building IRDLEnums.h.inc...
[88/190] Building IRDLAttributes.cpp.inc...
[89/190] Building IRDLEnums.cpp.inc...
[90/190] Building OpAsmAttrInterface.cpp.inc...
[91/190] Building OpAsmAttrInterface.h.inc...
[92/190] Building OpAsmOpInterface.cpp.inc...
[93/190] Building OpAsmOpInterface.h.inc...
[94/190] Building OpenACCOpsInterfaces.cpp.inc...
[95/190] Building OpenACCOpsInterfaces.h.inc...
[96/190] Building OpAsmTypeInterface.cpp.inc...
[97/190] Building OpAsmTypeInterface.h.inc...
[98/190] Building AlignmentAttrInterface.cpp.inc...
[99/190] Building OpenMPOpsInterfaces.cpp.inc...
[100/190] Building OpenMPOpsInterfaces.h.inc...
[101/190] Building OpenMPTypeInterfaces.cpp.inc...
[102/190] Building OpenMPTypeInterfaces.h.inc...
[103/190] Building VectorAttributes.cpp.inc...
[104/190] Building VectorEnums.cpp.inc...
[105/190] Building AlignmentAttrInterface.h.inc...
[106/190] Building CallInterfaces.h.inc...
[107/190] Building CallInterfaces.cpp.inc...
[108/190] Building VectorEnums.h.inc...
[109/190] Building VectorAttributes.h.inc...
[110/190] Building CastInterfaces.h.inc...
[111/190] Building ControlFlowInterfaces.cpp.inc...
[112/190] Building ControlFlowInterfaces.h.inc...
[113/190] Building BuiltinAttributes.h.inc...
[114/190] Building FunctionInterfaces.h.inc...
[115/190] Building FunctionInterfaces.cpp.inc...
[116/190] Building DerivedAttributeOpInterface.cpp.inc...
[117/190] Building CastInterfaces.cpp.inc...
[118/190] Building DerivedAttributeOpInterface.h.inc...
[119/190] Building IndexingMapOpInterface.cpp.inc...
[120/190] Building InferIntRangeInterface.cpp.inc...
[121/190] Building DestinationStyleOpInterface.cpp.inc...
[122/190] Building IndexingMapOpInterface.h.inc...
[123/190] Building BuiltinAttributes.cpp.inc...
[124/190] Building DestinationStyleOpInterface.h.inc...
[125/190] Building InferIntRangeInterface.h.inc...
[126/190] Building InferStridedMetadataInterface.cpp.inc...
[127/190] Building InferStridedMetadataInterface.h.inc...
[128/190] Building InferTypeOpInterface.cpp.inc...
[129/190] Building LoopLikeInterface.h.inc...
[130/190] Building MemOpInterfaces.cpp.inc...
[131/190] Building MemOpInterfaces.h.inc...
[132/190] Building ParallelCombiningOpInterface.cpp.inc...
[133/190] Building ParallelCombiningOpInterface.h.inc...
[134/190] Building RuntimeVerifiableOpInterface.cpp.inc...
[135/190] Building SideEffectInterfaces.cpp.inc...
[136/190] Building InferTypeOpInterface.h.inc...
[137/190] Building LoopLikeInterface.cpp.inc...
[138/190] Building RuntimeVerifiableOpInterface.h.inc...
[139/190] Building ShapedOpInterfaces.cpp.inc...
[140/190] Building ShapedOpInterfaces.h.inc...
[141/190] Building BuiltinAttributeInterfaces.h.inc...
[142/190] Building SubsetOpInterface.cpp.inc...
[143/190] Building BuiltinAttributeInterfaces.cpp.inc...
[144/190] Building SideEffectInterfaces.h.inc...
[145/190] Building SubsetOpInterface.h.inc...
[146/190] Building TilingInterface.cpp.inc...
[147/190] Building TilingInterface.h.inc...
[148/190] Building ValueBoundsOpInterface.cpp.inc...
[149/190] Building VectorInterfaces.cpp.inc...
[150/190] Building MemorySlotOpInterfaces.h.inc...
[151/190] Building ValueBoundsOpInterface.h.inc...
[152/190] Building MemorySlotOpInterfaces.cpp.inc...
[153/190] Building ViewLikeInterface.h.inc...
[154/190] Building Passes.h.inc...
[155/190] Building ViewLikeInterface.cpp.inc...
[156/190] Building VectorInterfaces.h.inc...
[157/190] Building BuiltinDialect.h.inc...
[158/190] Building BuiltinDialect.cpp.inc...
[159/190] Building MemorySlotTypeInterfaces.cpp.inc...
[160/190] Building MemorySlotTypeInterfaces.h.inc...
[161/190] Building BuiltinDialectBytecode.cpp.inc...
[162/190] Building DataLayoutAttrInterface.h.inc...
[163/190] Building DataLayoutAttrInterface.cpp.inc...
[164/190] Building DataLayoutOpInterface.cpp.inc...
[165/190] Building DataLayoutTypeInterface.h.inc...
[166/190] Building BuiltinLocationAttributes.h.inc...
[167/190] Building DataLayoutTypeInterface.cpp.inc...
[168/190] Building BuiltinLocationAttributes.cpp.inc...
[169/190] Building DataLayoutOpInterface.h.inc...
[170/190] Building BuiltinOps.cpp.inc...
[171/190] Building BuiltinOps.h.inc...
[172/190] Building BuiltinTypes.cpp.inc...
[173/190] Building BuiltinTypes.h.inc...
[174/190] Building BuiltinTypeConstraints.cpp.inc...
[175/190] Building BuiltinTypeConstraints.h.inc...
[176/190] Building BuiltinTypeInterfaces.h.inc...
[177/190] Building BuiltinTypeInterfaces.cpp.inc...
[178/190] Building TensorEncInterfaces.cpp.inc...
[179/190] Building TensorEncInterfaces.h.inc...
[180/190] Building CXX object tools/mlir/lib/Support/CMakeFiles/obj.MLIRSupport.dir/RawOstreamExtras.cpp.o
[181/190] Building CXX object tools/mlir/lib/Support/CMakeFiles/obj.MLIRSupport.dir/InterfaceSupport.cpp.o
[182/190] Building CXX object tools/mlir/lib/Support/CMakeFiles/obj.MLIRSupport.dir/StateStack.cpp.o
[183/190] Building CXX object tools/mlir/lib/Support/CMakeFiles/obj.MLIRSupport.dir/ToolUtilities.cpp.o
[184/190] Building CXX object tools/mlir/lib/Support/CMakeFiles/obj.MLIRSupport.dir/TypeID.cpp.o
[185/190] Building CXX object tools/mlir/tools/mlir-src-sharder/CMakeFiles/mlir-src-sharder.dir/mlir-src-sharder.cpp.o
[186/190] Building CXX object tools/mlir/lib/Support/CMakeFiles/obj.MLIRSupport.dir/FileUtilities.cpp.o
[187/190] Building CXX object tools/mlir/lib/Support/CMakeFiles/obj.MLIRSupport.dir/StorageUniquer.cpp.o
[188/190] Building CXX object tools/mlir/lib/Support/CMakeFiles/obj.MLIRSupport.dir/Timing.cpp.o
[189/190] Linking CXX static library lib/libMLIRSupport.a
[190/190] Linking CXX executable bin/mlir-src-sharder
[1748/3560] Linking CXX executable bin/mlir-linalg-ods-yaml-gen
[1749/3560] Building native mlir-linalg-ods-yaml-gen...
[1/187] Building PPCGenTargetFeatures.inc...
[2/187] Building ARMTargetParserDef.inc...
[3/187] Building CXX object lib/Remarks/CMakeFiles/LLVMRemarks.dir/Remark.cpp.o
[4/187] Building CXX object lib/Remarks/CMakeFiles/LLVMRemarks.dir/RemarkStreamer.cpp.o
[5/187] Building CXX object lib/Remarks/CMakeFiles/LLVMRemarks.dir/RemarkFormat.cpp.o
[6/187] Building AArch64TargetParserDef.inc...
[7/187] Building CXX object lib/Remarks/CMakeFiles/LLVMRemarks.dir/RemarkStringTable.cpp.o
[8/187] Building CXX object lib/Remarks/CMakeFiles/LLVMRemarks.dir/RemarkSerializer.cpp.o
[9/187] Building CXX object lib/Remarks/CMakeFiles/LLVMRemarks.dir/YAMLRemarkSerializer.cpp.o
[10/187] Building CXX object lib/Remarks/CMakeFiles/LLVMRemarks.dir/RemarkParser.cpp.o
[11/187] Building CXX object lib/Remarks/CMakeFiles/LLVMRemarks.dir/YAMLRemarkParser.cpp.o
[12/187] Building CXX object lib/Bitstream/Reader/CMakeFiles/LLVMBitstreamReader.dir/BitstreamReader.cpp.o
[13/187] Building CXX object tools/mlir/lib/AsmParser/CMakeFiles/obj.MLIRAsmParser.dir/Token.cpp.o
[14/187] Building CXX object lib/Remarks/CMakeFiles/LLVMRemarks.dir/RemarkLinker.cpp.o
[15/187] Linking CXX static library lib/libLLVMBitstreamReader.a
[16/187] Building CXX object lib/Remarks/CMakeFiles/LLVMRemarks.dir/BitstreamRemarkSerializer.cpp.o
[17/187] Building CXX object lib/Remarks/CMakeFiles/LLVMRemarks.dir/BitstreamRemarkParser.cpp.o
[18/187] Linking CXX static library lib/libLLVMRemarks.a
[19/187] Building RISCVTargetParserDef.inc...
[20/187] Building CXX object tools/mlir/lib/AsmParser/CMakeFiles/obj.MLIRAsmParser.dir/Lexer.cpp.o
[21/187] Building CXX object tools/mlir/lib/AsmParser/CMakeFiles/obj.MLIRAsmParser.dir/AffineParser.cpp.o
[22/187] Building CXX object tools/mlir/lib/AsmParser/CMakeFiles/obj.MLIRAsmParser.dir/LocationParser.cpp.o
[23/187] Building CXX object lib/IR/CMakeFiles/LLVMCore.dir/AbstractCallSite.cpp.o
[24/187] Building CXX object tools/mlir/lib/IR/CMakeFiles/obj.MLIRIR.dir/Attributes.cpp.o
[25/187] Building CXX object tools/mlir/lib/IR/CMakeFiles/obj.MLIRIR.dir/Block.cpp.o
[26/187] Building CXX object tools/mlir/lib/AsmParser/CMakeFiles/obj.MLIRAsmParser.dir/AsmParserState.cpp.o
[27/187] Building CXX object tools/mlir/lib/IR/CMakeFiles/obj.MLIRIR.dir/AffineExpr.cpp.o
[28/187] Building CXX object tools/mlir/lib/IR/CMakeFiles/obj.MLIRIR.dir/BuiltinAttributeInterfaces.cpp.o
[29/187] Building CXX object tools/mlir/lib/AsmParser/CMakeFiles/obj.MLIRAsmParser.dir/TypeParser.cpp.o
[30/187] Building CXX object tools/mlir/lib/IR/CMakeFiles/obj.MLIRIR.dir/AttrTypeSubElements.cpp.o
[31/187] Building CXX object lib/IR/CMakeFiles/LLVMCore.dir/BuiltinGCs.cpp.o
[32/187] Building CXX object tools/mlir/lib/AsmParser/CMakeFiles/obj.MLIRAsmParser.dir/DialectSymbolParser.cpp.o
[33/187] Building CXX object lib/IR/CMakeFiles/LLVMCore.dir/Assumptions.cpp.o
[34/187] Building CXX object tools/mlir/lib/IR/CMakeFiles/obj.MLIRIR.dir/AffineMap.cpp.o
[35/187] Building CXX object lib/IR/CMakeFiles/LLVMCore.dir/Comdat.cpp.o
[36/187] Building CXX object tools/mlir/lib/AsmParser/CMakeFiles/obj.MLIRAsmParser.dir/AttributeParser.cpp.o
[37/187] Building CXX object tools/mlir/lib/IR/CMakeFiles/obj.MLIRIR.dir/Builders.cpp.o
[38/187] Building CXX object lib/IR/CMakeFiles/LLVMCore.dir/ConstantRangeList.cpp.o
[39/187] Building CXX object lib/IR/CMakeFiles/LLVMCore.dir/ConstantFPRange.cpp.o
[40/187] Building CXX object lib/IR/CMakeFiles/LLVMCore.dir/BasicBlock.cpp.o
[41/187] Building CXX object lib/IR/CMakeFiles/LLVMCore.dir/CycleInfo.cpp.o
[42/187] Building CXX object lib/IR/CMakeFiles/LLVMCore.dir/ConstantRange.cpp.o
[43/187] Building CXX object lib/IR/CMakeFiles/LLVMCore.dir/ConstantFold.cpp.o
[44/187] Building CXX object lib/IR/CMakeFiles/LLVMCore.dir/DataLayout.cpp.o
[45/187] Building CXX object lib/IR/CMakeFiles/LLVMCore.dir/DIExpressionOptimizer.cpp.o
[46/187] Building CXX object lib/IR/CMakeFiles/LLVMCore.dir/ConvergenceVerifier.cpp.o
[47/187] Building CXX object lib/IR/CMakeFiles/LLVMCore.dir/DiagnosticHandler.cpp.o
[48/187] Building CXX object tools/mlir/lib/AsmParser/CMakeFiles/obj.MLIRAsmParser.dir/Parser.cpp.o
[49/187] Building CXX object tools/mlir/lib/Bytecode/Reader/CMakeFiles/obj.MLIRBytecodeReader.dir/BytecodeReader.cpp.o
[50/187] Building CXX object lib/IR/CMakeFiles/LLVMCore.dir/Attributes.cpp.o
[51/187] Building CXX object lib/IR/CMakeFiles/LLVMCore.dir/DiagnosticPrinter.cpp.o
[52/187] Building CXX object lib/IR/CMakeFiles/LLVMCore.dir/DebugProgramInstruction.cpp.o
[53/187] Building CXX object lib/IR/CMakeFiles/LLVMCore.dir/GVMaterializer.cpp.o
[54/187] Building CXX object lib/IR/CMakeFiles/LLVMCore.dir/GCStrategy.cpp.o
[55/187] Building CXX object lib/IR/CMakeFiles/LLVMCore.dir/DebugLoc.cpp.o
[56/187] Building CXX object lib/IR/CMakeFiles/LLVMCore.dir/DIBuilder.cpp.o
[57/187] Building CXX object lib/IR/CMakeFiles/LLVMCore.dir/EHPersonalities.cpp.o
[58/187] Building CXX object lib/IR/CMakeFiles/LLVMCore.dir/FPEnv.cpp.o
[59/187] Building CXX object lib/IR/CMakeFiles/LLVMCore.dir/DroppedVariableStats.cpp.o
[60/187] Building CXX object lib/IR/CMakeFiles/LLVMCore.dir/Constants.cpp.o
[61/187] Building CXX object lib/IR/CMakeFiles/LLVMCore.dir/DiagnosticInfo.cpp.o
[62/187] Building CXX object lib/IR/CMakeFiles/LLVMCore.dir/DroppedVariableStatsIR.cpp.o
[63/187] Building CXX object lib/IR/CMakeFiles/LLVMCore.dir/NVVMIntrinsicUtils.cpp.o
[64/187] Building CXX object tools/mlir/lib/IR/CMakeFiles/obj.MLIRIR.dir/AsmPrinter.cpp.o
[65/187] Building CXX object lib/IR/CMakeFiles/LLVMCore.dir/AutoUpgrade.cpp.o
[66/187] Building CXX object lib/IR/CMakeFiles/LLVMCore.dir/Core.cpp.o
[67/187] Building CXX object lib/IR/CMakeFiles/LLVMCore.dir/AsmWriter.cpp.o
[68/187] Building CXX object lib/IR/CMakeFiles/LLVMCore.dir/DebugInfo.cpp.o
[69/187] Building CXX object lib/IR/CMakeFiles/LLVMCore.dir/IRPrintingPasses.cpp.o
[70/187] Building CXX object lib/IR/CMakeFiles/LLVMCore.dir/Function.cpp.o
[71/187] Building CXX object lib/IR/CMakeFiles/LLVMCore.dir/Intrinsics.cpp.o
[72/187] Building CXX object lib/IR/CMakeFiles/LLVMCore.dir/SSAContext.cpp.o
[73/187] Building CXX object lib/IR/CMakeFiles/LLVMCore.dir/Globals.cpp.o
[74/187] Building CXX object lib/IR/CMakeFiles/LLVMCore.dir/MDBuilder.cpp.o
[75/187] Building CXX object lib/IR/CMakeFiles/LLVMCore.dir/Mangler.cpp.o
[76/187] Building CXX object lib/IR/CMakeFiles/LLVMCore.dir/LLVMRemarkStreamer.cpp.o
[77/187] Building CXX object lib/IR/CMakeFiles/LLVMCore.dir/MemoryModelRelaxationAnnotations.cpp.o
[78/187] Building CXX object lib/IR/CMakeFiles/LLVMCore.dir/IRBuilder.cpp.o
[79/187] Building CXX object lib/IR/CMakeFiles/LLVMCore.dir/IntrinsicInst.cpp.o
[80/187] Building CXX object lib/IR/CMakeFiles/LLVMCore.dir/PassInstrumentation.cpp.o
[81/187] Building CXX object lib/IR/CMakeFiles/LLVMCore.dir/OptBisect.cpp.o
[82/187] Building CXX object lib/IR/CMakeFiles/LLVMCore.dir/Instruction.cpp.o
[83/187] Building CXX object lib/IR/CMakeFiles/LLVMCore.dir/InlineAsm.cpp.o
[84/187] Building CXX object lib/IR/CMakeFiles/LLVMCore.dir/LLVMContext.cpp.o
[85/187] Building CXX object lib/IR/CMakeFiles/LLVMCore.dir/Pass.cpp.o
[86/187] Building CXX object lib/IR/CMakeFiles/LLVMCore.dir/Operator.cpp.o
[87/187] Building CXX object lib/IR/CMakeFiles/LLVMCore.dir/PassRegistry.cpp.o
[88/187] Building CXX object lib/IR/CMakeFiles/LLVMCore.dir/Dominators.cpp.o
[89/187] Building CXX object lib/IR/CMakeFiles/LLVMCore.dir/LegacyPassManager.cpp.o
[90/187] Building CXX object lib/IR/CMakeFiles/LLVMCore.dir/ProfileSummary.cpp.o
[91/187] Building CXX object lib/IR/CMakeFiles/LLVMCore.dir/ProfDataUtils.cpp.o
[92/187] Building CXX object lib/IR/CMakeFiles/LLVMCore.dir/DebugInfoMetadata.cpp.o
[93/187] Building CXX object lib/IR/CMakeFiles/LLVMCore.dir/PrintPasses.cpp.o
[94/187] Building CXX object lib/IR/CMakeFiles/LLVMCore.dir/PassTimingInfo.cpp.o
[95/187] Building CXX object lib/IR/CMakeFiles/LLVMCore.dir/ReplaceConstant.cpp.o
[96/187] Building CXX object lib/IR/CMakeFiles/LLVMCore.dir/Module.cpp.o
[97/187] Building CXX object lib/IR/CMakeFiles/LLVMCore.dir/Use.cpp.o
[98/187] Building CXX object lib/IR/CMakeFiles/LLVMCore.dir/Instructions.cpp.o
[99/187] Building CXX object lib/IR/CMakeFiles/LLVMCore.dir/ModuleSummaryIndex.cpp.o
[100/187] Building CXX object lib/IR/CMakeFiles/LLVMCore.dir/VectorTypeUtils.cpp.o
[101/187] Building CXX object lib/IR/CMakeFiles/LLVMCore.dir/PseudoProbe.cpp.o
[102/187] Building CXX object lib/IR/CMakeFiles/LLVMCore.dir/Statepoint.cpp.o
[103/187] Building CXX object lib/IR/CMakeFiles/LLVMCore.dir/PassManager.cpp.o
[104/187] Building CXX object lib/BinaryFormat/CMakeFiles/LLVMBinaryFormat.dir/COFF.cpp.o
[105/187] Building CXX object lib/IR/CMakeFiles/LLVMCore.dir/ValueSymbolTable.cpp.o
[106/187] Building CXX object lib/BinaryFormat/CMakeFiles/LLVMBinaryFormat.dir/AMDGPUMetadataVerifier.cpp.o
[107/187] Building CXX object lib/IR/CMakeFiles/LLVMCore.dir/StructuralHash.cpp.o
[108/187] Building CXX object lib/BinaryFormat/CMakeFiles/LLVMBinaryFormat.dir/Magic.cpp.o
[109/187] Building CXX object lib/BinaryFormat/CMakeFiles/LLVMBinaryFormat.dir/DXContainer.cpp.o
[110/187] Building CXX object lib/BinaryFormat/CMakeFiles/LLVMBinaryFormat.dir/ELF.cpp.o
[111/187] Building CXX object lib/IR/CMakeFiles/LLVMCore.dir/TypeFinder.cpp.o
[112/187] Building CXX object lib/BinaryFormat/CMakeFiles/LLVMBinaryFormat.dir/MachO.cpp.o
[113/187] Building CXX object lib/IR/CMakeFiles/LLVMCore.dir/User.cpp.o
[114/187] Building CXX object lib/IR/CMakeFiles/LLVMCore.dir/TypedPointerType.cpp.o
[115/187] Building CXX object lib/IR/CMakeFiles/LLVMCore.dir/VFABIDemangler.cpp.o
[116/187] Building CXX object lib/IR/CMakeFiles/LLVMCore.dir/SafepointIRVerifier.cpp.o
[117/187] Building CXX object lib/IR/CMakeFiles/LLVMCore.dir/LLVMContextImpl.cpp.o
[118/187] Building CXX object lib/BinaryFormat/CMakeFiles/LLVMBinaryFormat.dir/MsgPackReader.cpp.o
[119/187] Building CXX object lib/BinaryFormat/CMakeFiles/LLVMBinaryFormat.dir/MsgPackWriter.cpp.o
[120/187] Building CXX object lib/IR/CMakeFiles/LLVMCore.dir/RuntimeLibcalls.cpp.o
[121/187] Building CXX object lib/BinaryFormat/CMakeFiles/LLVMBinaryFormat.dir/Wasm.cpp.o
[122/187] Building CXX object lib/TargetParser/CMakeFiles/LLVMTargetParser.dir/ARMTargetParserCommon.cpp.o
[123/187] Building CXX object lib/BinaryFormat/CMakeFiles/LLVMBinaryFormat.dir/MsgPackDocumentYAML.cpp.o
[124/187] Building CXX object lib/BinaryFormat/CMakeFiles/LLVMBinaryFormat.dir/MsgPackDocument.cpp.o
[125/187] Building CXX object lib/IR/CMakeFiles/LLVMCore.dir/Type.cpp.o
[126/187] Building CXX object lib/BinaryFormat/CMakeFiles/LLVMBinaryFormat.dir/XCOFF.cpp.o
[127/187] Building CXX object lib/TargetParser/CMakeFiles/LLVMTargetParser.dir/CSKYTargetParser.cpp.o
[128/187] Building CXX object lib/BinaryFormat/CMakeFiles/LLVMBinaryFormat.dir/Dwarf.cpp.o
[129/187] Building CXX object lib/TargetParser/CMakeFiles/LLVMTargetParser.dir/LoongArchTargetParser.cpp.o
[130/187] Building CXX object lib/BinaryFormat/CMakeFiles/LLVMBinaryFormat.dir/SFrame.cpp.o
[131/187] Building CXX object lib/TargetParser/CMakeFiles/LLVMTargetParser.dir/PPCTargetParser.cpp.o
[132/187] Building CXX object lib/IR/CMakeFiles/LLVMCore.dir/Value.cpp.o
[133/187] Building CXX object lib/TargetParser/CMakeFiles/LLVMTargetParser.dir/RISCVTargetParser.cpp.o
[134/187] Building CXX object lib/TargetParser/CMakeFiles/LLVMTargetParser.dir/XtensaTargetParser.cpp.o
[135/187] Building CXX object lib/TargetParser/CMakeFiles/LLVMTargetParser.dir/ARMTargetParser.cpp.o
[136/187] Building CXX object lib/TargetParser/CMakeFiles/LLVMTargetParser.dir/AArch64TargetParser.cpp.o
[137/187] Building CXX object lib/TargetParser/CMakeFiles/LLVMTargetParser.dir/SubtargetFeature.cpp.o
[138/187] Building CXX object lib/TargetParser/CMakeFiles/LLVMTargetParser.dir/TargetDataLayout.cpp.o
[139/187] Building CXX object lib/TargetParser/CMakeFiles/LLVMTargetParser.dir/X86TargetParser.cpp.o
[140/187] Building CXX object lib/TargetParser/CMakeFiles/LLVMTargetParser.dir/Host.cpp.o
[141/187] Building CXX object lib/TargetParser/CMakeFiles/LLVMTargetParser.dir/TargetParser.cpp.o
[142/187] Building CXX object lib/TargetParser/CMakeFiles/LLVMTargetParser.dir/RISCVISAInfo.cpp.o
[143/187] Building CXX object lib/TargetParser/CMakeFiles/LLVMTargetParser.dir/Triple.cpp.o
[144/187] Linking CXX static library lib/libLLVMTargetParser.a
[145/187] Linking CXX static library lib/libLLVMBinaryFormat.a
[146/187] Building CXX object tools/mlir/lib/IR/CMakeFiles/obj.MLIRIR.dir/IntegerSet.cpp.o
[147/187] Building CXX object tools/mlir/lib/IR/CMakeFiles/obj.MLIRIR.dir/BuiltinTypeInterfaces.cpp.o
[148/187] Building CXX object tools/mlir/lib/IR/CMakeFiles/obj.MLIRIR.dir/DialectResourceBlobManager.cpp.o
[149/187] Building CXX object tools/mlir/lib/IR/CMakeFiles/obj.MLIRIR.dir/ODSSupport.cpp.o
[150/187] Building CXX object lib/IR/CMakeFiles/LLVMCore.dir/Metadata.cpp.o
[151/187] Building CXX object tools/mlir/lib/IR/CMakeFiles/obj.MLIRIR.dir/Diagnostics.cpp.o
[152/187] Building CXX object tools/mlir/lib/IR/CMakeFiles/obj.MLIRIR.dir/Dialect.cpp.o
[153/187] Building CXX object tools/mlir/lib/IR/CMakeFiles/obj.MLIRIR.dir/BuiltinDialect.cpp.o
[154/187] Building CXX object tools/mlir/lib/IR/CMakeFiles/obj.MLIRIR.dir/Location.cpp.o
[155/187] Building CXX object tools/mlir/lib/IR/CMakeFiles/obj.MLIRIR.dir/PatternLoggingListener.cpp.o
[156/187] Building CXX object tools/mlir/lib/IR/CMakeFiles/obj.MLIRIR.dir/ExtensibleDialect.cpp.o
[157/187] Building CXX object tools/mlir/lib/IR/CMakeFiles/obj.MLIRIR.dir/BuiltinDialectBytecode.cpp.o
[158/187] Building CXX object tools/mlir/lib/IR/CMakeFiles/obj.MLIRIR.dir/OperationSupport.cpp.o
[159/187] Building CXX object tools/mlir/lib/IR/CMakeFiles/obj.MLIRIR.dir/RegionKindInterface.cpp.o
[160/187] Building CXX object tools/mlir/lib/IR/CMakeFiles/obj.MLIRIR.dir/Region.cpp.o
[161/187] Building CXX object tools/mlir/lib/IR/CMakeFiles/obj.MLIRIR.dir/TypeRange.cpp.o
[162/187] Building CXX object tools/mlir/lib/IR/CMakeFiles/obj.MLIRIR.dir/BuiltinTypes.cpp.o
[163/187] Building CXX object tools/mlir/lib/IR/CMakeFiles/obj.MLIRIR.dir/Operation.cpp.o
[164/187] Building CXX object tools/mlir/lib/IR/CMakeFiles/obj.MLIRIR.dir/Unit.cpp.o
[165/187] Building CXX object tools/mlir/lib/IR/CMakeFiles/obj.MLIRIR.dir/TypeUtilities.cpp.o
[166/187] Building CXX object tools/mlir/lib/IR/CMakeFiles/obj.MLIRIR.dir/Types.cpp.o
[167/187] Building CXX object tools/mlir/tools/mlir-linalg-ods-gen/CMakeFiles/mlir-linalg-ods-yaml-gen.dir/mlir-linalg-ods-yaml-gen.cpp.o
[168/187] Building CXX object tools/mlir/lib/IR/CMakeFiles/obj.MLIRIR.dir/TensorEncoding.cpp.o
[169/187] Building CXX object tools/mlir/lib/IR/CMakeFiles/obj.MLIRIR.dir/PatternMatch.cpp.o
[170/187] Building CXX object tools/mlir/lib/IR/CMakeFiles/obj.MLIRIR.dir/MLIRContext.cpp.o
[171/187] Building CXX object tools/mlir/lib/IR/CMakeFiles/obj.MLIRIR.dir/ValueRange.cpp.o
[172/187] Building CXX object tools/mlir/lib/IR/CMakeFiles/obj.MLIRIR.dir/Visitors.cpp.o
[173/187] Building CXX object tools/mlir/lib/IR/CMakeFiles/obj.MLIRIR.dir/Remarks.cpp.o
[174/187] Building CXX object tools/mlir/lib/IR/CMakeFiles/obj.MLIRIR.dir/Value.cpp.o
[175/187] Building CXX object tools/mlir/lib/IR/CMakeFiles/obj.MLIRIR.dir/SymbolTable.cpp.o
[176/187] Building CXX object tools/mlir/lib/IR/CMakeFiles/obj.MLIRIR.dir/PDL/PDLPatternMatch.cpp.o
[177/187] Building CXX object tools/mlir/lib/Parser/CMakeFiles/obj.MLIRParser.dir/Parser.cpp.o
[178/187] Building CXX object tools/mlir/lib/IR/CMakeFiles/obj.MLIRIR.dir/Dominance.cpp.o
[179/187] Building CXX object lib/IR/CMakeFiles/LLVMCore.dir/Verifier.cpp.o
[180/187] Linking CXX static library lib/libLLVMCore.a
[181/187] Building CXX object tools/mlir/lib/IR/CMakeFiles/obj.MLIRIR.dir/Verifier.cpp.o
[182/187] Building CXX object tools/mlir/lib/IR/CMakeFiles/obj.MLIRIR.dir/BuiltinAttributes.cpp.o
[183/187] Linking CXX static library lib/libMLIRIR.a
[184/187] Linking CXX static library lib/libMLIRAsmParser.a
[185/187] Linking CXX static library lib/libMLIRBytecodeReader.a
[186/187] Linking CXX static library lib/libMLIRParser.a
[187/187] Linking CXX executable bin/mlir-linalg-ods-yaml-gen
[1971/3560] Building CXX object tools/llvm-readobj/CMakeFiles/llvm-readobj.dir/XCOFFDumper.cpp.o
[1973/3560] Generating LinalgNamedStructuredOps.yamlgen.td, LinalgNamedStructuredOps.yamlgen.cpp.inc
[1974/3560] Building LinalgOps.cpp.inc...
[1975/3560] Building LinalgOps.h.inc...
[1976/3560] Building LinalgOpsDialect.cpp.inc...
[1977/3560] Building LinalgOpsDialect.h.inc...
[1978/3560] Building LinalgOpsTypes.cpp.inc...
[1979/3560] Building LinalgOpsTypes.h.inc...
[1980/3560] Building CXX object tools/llvm-reduce/CMakeFiles/llvm-reduce.dir/deltas/Utils.cpp.o
[1981/3560] Building LinalgOpsEnums.cpp.inc...
[1982/3560] Building LinalgOpsEnums.h.inc...
[1983/3560] Building LinalgOpsAttrDefs.cpp.inc...
[1984/3560] Building CXX object tools/llvm-readtapi/CMakeFiles/llvm-readtapi.dir/llvm-readtapi.cpp.o
[1985/3560] Building LinalgOpsAttrDefs.h.inc...
[1986/3560] Building LinalgStructuredOps.cpp.inc...
[1987/3560] Building LinalgStructuredOps.h.inc...
[1988/3560] Building LinalgRelayoutOps.cpp.inc...
[1989/3560] Building LinalgRelayoutOps.h.inc...
[1990/3560] Building LinalgInterfaces.cpp.inc...
[1991/3560] Building LinalgInterfaces.h.inc...
[1992/3560] Building CXX object tools/llvm-reduce/CMakeFiles/llvm-reduce.dir/deltas/ReduceDbgRecords.cpp.o
[1993/3560] Building CXX object tools/llvm-profgen/CMakeFiles/llvm-profgen.dir/ProfileGenerator.cpp.o
[1994/3560] Building CXX object tools/llvm-readtapi/CMakeFiles/llvm-readtapi.dir/DiffEngine.cpp.o
[1995/3560] Building CXX object tools/llvm-profgen/CMakeFiles/llvm-profgen.dir/ProfiledBinary.cpp.o
[1996/3560] Building CXX object tools/llvm-reduce/CMakeFiles/llvm-reduce.dir/deltas/ReduceFunctionBodies.cpp.o
[1997/3560] Building CXX object tools/llvm-reduce/CMakeFiles/llvm-reduce.dir/deltas/ReduceGlobalObjects.cpp.o
[1998/3560] Building CXX object tools/llvm-reduce/CMakeFiles/llvm-reduce.dir/deltas/ReduceDistinctMetadata.cpp.o
[1999/3560] Building CXX object tools/llvm-reduce/CMakeFiles/llvm-reduce.dir/deltas/ReduceAttributes.cpp.o
[2000/3560] Building CXX object tools/llvm-reduce/CMakeFiles/llvm-reduce.dir/deltas/ReduceFunctions.cpp.o
[2001/3560] Building CXX object tools/llvm-reduce/CMakeFiles/llvm-reduce.dir/deltas/ReduceGlobalValues.cpp.o
[2002/3560] Building CXX object tools/llvm-readobj/CMakeFiles/llvm-readobj.dir/COFFDumper.cpp.o
[2003/3560] Building CXX object tools/llvm-reduce/CMakeFiles/llvm-reduce.dir/deltas/ReduceDIMetadata.cpp.o
[2004/3560] Building CXX object tools/llvm-reduce/CMakeFiles/llvm-reduce.dir/deltas/ReduceArguments.cpp.o
[2005/3560] Building CXX object tools/llvm-reduce/CMakeFiles/llvm-reduce.dir/deltas/ReduceBasicBlocks.cpp.o
[2006/3560] Building CXX object tools/llvm-reduce/CMakeFiles/llvm-reduce.dir/deltas/Delta.cpp.o
[2007/3560] Building CXX object tools/mlir/lib/Analysis/CMakeFiles/obj.MLIRAnalysis.dir/AliasAnalysis.cpp.o
[2008/3560] Building CXX object tools/mlir/lib/Analysis/CMakeFiles/obj.MLIRAnalysis.dir/DataFlowFramework.cpp.o
[2009/3560] Building CXX object tools/mlir/lib/Analysis/CMakeFiles/obj.MLIRAnalysis.dir/DataLayoutAnalysis.cpp.o
[2010/3560] Building CXX object tools/mlir/lib/Analysis/CMakeFiles/obj.MLIRAnalysis.dir/SliceAnalysis.cpp.o
[2011/3560] Building CXX object tools/mlir/lib/Analysis/CMakeFiles/obj.MLIRAnalysis.dir/SliceWalk.cpp.o
[2012/3560] Building CXX object tools/mlir/lib/Analysis/CMakeFiles/obj.MLIRAnalysis.dir/Liveness.cpp.o
[2013/3560] Building CXX object tools/mlir/lib/Analysis/CMakeFiles/obj.MLIRAnalysis.dir/TopologicalSortUtils.cpp.o
[2014/3560] Building CXX object tools/mlir/lib/Analysis/CMakeFiles/obj.MLIRAnalysis.dir/CallGraph.cpp.o
[2015/3560] Building CXX object tools/mlir/tools/mlir-pdll/CMakeFiles/mlir-pdll.dir/mlir-pdll.cpp.o
[2016/3560] Building CXX object tools/mlir/tools/mlir-irdl-to-cpp/CMakeFiles/mlir-irdl-to-cpp.dir/mlir-irdl-to-cpp.cpp.o
[2017/3560] Building CXX object tools/mlir/lib/Analysis/CMakeFiles/obj.MLIRAnalysis.dir/FlatLinearValueConstraints.cpp.o
[2018/3560] Building CXX object tools/mlir/lib/Analysis/CMakeFiles/obj.MLIRAnalysis.dir/CFGLoopInfo.cpp.o
[2019/3560] Building CXX object tools/mlir/lib/Analysis/CMakeFiles/obj.MLIRAnalysis.dir/DataFlow/ConstantPropagationAnalysis.cpp.o
[2020/3560] Building CXX object tools/mlir/lib/Analysis/CMakeFiles/obj.MLIRAnalysis.dir/AliasAnalysis/LocalAliasAnalysis.cpp.o
[2021/3560] Building CXX object tools/llvm-reduce/CMakeFiles/llvm-reduce.dir/ReducerWorkItem.cpp.o
[2022/3560] Building CXX object tools/mlir/lib/Analysis/CMakeFiles/obj.MLIRAnalysis.dir/DataFlow/DeadCodeAnalysis.cpp.o
[2023/3560] Building CXX object tools/mlir/lib/Analysis/CMakeFiles/obj.MLIRAnalysis.dir/DataFlow/IntegerRangeAnalysis.cpp.o
[2024/3560] Building CXX object tools/mlir/lib/Analysis/CMakeFiles/obj.MLIRAnalysis.dir/DataFlow/StridedMetadataRangeAnalysis.cpp.o
[2025/3560] Building CXX object tools/mlir/lib/Analysis/CMakeFiles/obj.MLIRAnalysis.dir/DataFlow/SparseAnalysis.cpp.o
[2026/3560] Building CXX object tools/mlir/lib/Analysis/CMakeFiles/obj.MLIRAnalysis.dir/DataFlow/LivenessAnalysis.cpp.o
[2027/3560] Building CXX object tools/mlir/lib/Analysis/CMakeFiles/obj.MLIRAnalysis.dir/DataFlow/DenseAnalysis.cpp.o
[2028/3560] Linking CXX static library lib/libMLIRAnalysis.a
[2029/3560] Building CXX object tools/mlir/lib/CMakeFiles/obj.MLIRRegisterAllExtensions.dir/RegisterAllExtensions.cpp.o
[2030/3560] Building CXX object tools/mlir/lib/Conversion/ArithCommon/CMakeFiles/obj.MLIRArithAttrToLLVMConversion.dir/AttrToLLVMConverter.cpp.o
[2031/3560] Building CXX object tools/mlir/lib/Conversion/ArithToAPFloat/CMakeFiles/obj.MLIRArithToAPFloat.dir/ArithToAPFloat.cpp.o
[2032/3560] Building CXX object tools/mlir/lib/Conversion/ArithToArmSME/CMakeFiles/obj.MLIRArithToArmSME.dir/ArithToArmSME.cpp.o
[2033/3560] Building CXX object tools/mlir/lib/Conversion/ArithToEmitC/CMakeFiles/obj.MLIRArithToEmitC.dir/ArithToEmitCPass.cpp.o
[2034/3560] Building CXX object tools/mlir/lib/Conversion/ArmNeon2dToIntr/CMakeFiles/obj.MLIRArmNeon2dToIntr.dir/ArmNeon2dToIntr.cpp.o
[2035/3560] Building CXX object tools/mlir/lib/Conversion/AffineToStandard/CMakeFiles/obj.MLIRAffineToStandard.dir/AffineToStandard.cpp.o
[2036/3560] Building CXX object tools/mlir/lib/Conversion/BufferizationToMemRef/CMakeFiles/obj.MLIRBufferizationToMemRef.dir/BufferizationToMemRef.cpp.o
[2037/3560] Building CXX object tools/mlir/lib/Conversion/ArmSMEToSCF/CMakeFiles/obj.MLIRArmSMEToSCF.dir/ArmSMEToSCF.cpp.o
[2038/3560] Building CXX object tools/mlir/lib/Conversion/ArithToEmitC/CMakeFiles/obj.MLIRArithToEmitC.dir/ArithToEmitC.cpp.o
[2039/3560] Building CXX object tools/mlir/lib/Conversion/ComplexToLibm/CMakeFiles/obj.MLIRComplexToLibm.dir/ComplexToLibm.cpp.o
[2040/3560] Building CXX object tools/mlir/lib/Conversion/ComplexCommon/CMakeFiles/obj.MLIRComplexDivisionConversion.dir/DivisionConverter.cpp.o
[2041/3560] Building CXX object tools/mlir/lib/Conversion/ComplexToROCDLLibraryCalls/CMakeFiles/obj.MLIRComplexToROCDLLibraryCalls.dir/ComplexToROCDLLibraryCalls.cpp.o
[2042/3560] Building CXX object tools/mlir/lib/Conversion/ArithToAMDGPU/CMakeFiles/obj.MLIRArithToAMDGPU.dir/ArithToAMDGPU.cpp.o
[2043/3560] Building CXX object tools/mlir/lib/Conversion/ControlFlowToSCF/CMakeFiles/obj.MLIRControlFlowToSCF.dir/ControlFlowToSCF.cpp.o
[2044/3560] Building CXX object tools/mlir/lib/Conversion/ConvertToLLVM/CMakeFiles/obj.MLIRConvertToLLVMInterface.dir/ToLLVMInterface.cpp.o
[2045/3560] Linking CXX static library lib/libMLIRConvertToLLVMInterface.a
[2046/3560] Building CXX object tools/mlir/lib/Conversion/AsyncToLLVM/CMakeFiles/obj.MLIRAsyncToLLVM.dir/AsyncToLLVM.cpp.o
[2047/3560] Building CXX object tools/mlir/lib/Conversion/ComplexToSPIRV/CMakeFiles/obj.MLIRComplexToSPIRV.dir/ComplexToSPIRVPass.cpp.o
[2048/3560] Building CXX object tools/mlir/lib/Conversion/AMDGPUToROCDL/CMakeFiles/obj.MLIRAMDGPUToROCDL.dir/AMDGPUToROCDL.cpp.o
[2049/3560] Building CXX object tools/mlir/lib/Conversion/ArithToLLVM/CMakeFiles/obj.MLIRArithToLLVM.dir/ArithToLLVM.cpp.o
[2050/3560] Building CXX object tools/mlir/lib/Conversion/ComplexToSPIRV/CMakeFiles/obj.MLIRComplexToSPIRV.dir/ComplexToSPIRV.cpp.o
[2051/3560] Building CXX object tools/mlir/lib/Conversion/ComplexToLLVM/CMakeFiles/obj.MLIRComplexToLLVM.dir/ComplexToLLVM.cpp.o
[2052/3560] Building CXX object tools/mlir/lib/Conversion/ArmSMEToLLVM/CMakeFiles/obj.MLIRArmSMEToLLVM.dir/ArmSMEToLLVM.cpp.o
[2053/3560] Building CXX object tools/mlir/lib/Conversion/ControlFlowToLLVM/CMakeFiles/obj.MLIRControlFlowToLLVM.dir/ControlFlowToLLVM.cpp.o
[2054/3560] Building CXX object tools/mlir/lib/Conversion/ConvertToEmitC/CMakeFiles/obj.MLIRConvertToEmitC.dir/ConvertToEmitCPass.cpp.o
[2055/3560] Building CXX object tools/mlir/lib/CMakeFiles/obj.MLIRRegisterAllPasses.dir/RegisterAllPasses.cpp.o
[2056/3560] Building CXX object tools/mlir/lib/Conversion/FuncToEmitC/CMakeFiles/obj.MLIRFuncToEmitC.dir/FuncToEmitCPass.cpp.o
[2057/3560] Building CXX object tools/mlir/lib/Conversion/FuncToEmitC/CMakeFiles/obj.MLIRFuncToEmitC.dir/FuncToEmitC.cpp.o
[2058/3560] Building CXX object tools/mlir/lib/Conversion/ArithToSPIRV/CMakeFiles/obj.MLIRArithToSPIRV.dir/ArithToSPIRV.cpp.o
[2059/3560] Building CXX object tools/mlir/lib/Conversion/ControlFlowToSPIRV/CMakeFiles/obj.MLIRControlFlowToSPIRV.dir/ControlFlowToSPIRV.cpp.o
[2060/3560] Building CXX object tools/mlir/lib/Conversion/GPUCommon/CMakeFiles/obj.MLIRGPUToGPURuntimeTransforms.dir/AttrToSPIRVConverter.cpp.o
[2061/3560] Building CXX object tools/mlir/lib/Conversion/ControlFlowToSPIRV/CMakeFiles/obj.MLIRControlFlowToSPIRV.dir/ControlFlowToSPIRVPass.cpp.o
[2062/3560] Building CXX object tools/mlir/lib/Conversion/ComplexToStandard/CMakeFiles/obj.MLIRComplexToStandard.dir/ComplexToStandard.cpp.o
[2063/3560] Building CXX object tools/mlir/lib/Conversion/ConvertToLLVM/CMakeFiles/obj.MLIRConvertToLLVMPass.dir/ConvertToLLVMPass.cpp.o
[2064/3560] Building CXX object tools/mlir/lib/Conversion/FuncToSPIRV/CMakeFiles/obj.MLIRFuncToSPIRV.dir/FuncToSPIRVPass.cpp.o
[2065/3560] Building CXX object tools/mlir/lib/Conversion/FuncToSPIRV/CMakeFiles/obj.MLIRFuncToSPIRV.dir/FuncToSPIRV.cpp.o
[2066/3560] Building CXX object tools/mlir/lib/Conversion/FuncToLLVM/CMakeFiles/obj.MLIRFuncToLLVM.dir/FuncToLLVM.cpp.o
[2067/3560] Building CXX object tools/mlir/lib/Conversion/LLVMCommon/CMakeFiles/obj.MLIRLLVMCommonConversion.dir/LoweringOptions.cpp.o
[2068/3560] Building CXX object tools/mlir/lib/Conversion/GPUCommon/CMakeFiles/obj.MLIRGPUToGPURuntimeTransforms.dir/GPUOpsLowering.cpp.o
[2069/3560] Building CXX object tools/mlir/lib/Conversion/LLVMCommon/CMakeFiles/obj.MLIRLLVMCommonConversion.dir/ConversionTarget.cpp.o
[2070/3560] Building CXX object tools/mlir/lib/CMakeFiles/obj.MLIRRegisterAllDialects.dir/RegisterAllDialects.cpp.o
[2071/3560] Building CXX object tools/mlir/lib/Conversion/GPUToLLVMSPV/CMakeFiles/obj.MLIRGPUToLLVMSPV.dir/GPUToLLVMSPV.cpp.o
[2072/3560] Building CXX object tools/mlir/lib/Conversion/IndexToLLVM/CMakeFiles/obj.MLIRIndexToLLVM.dir/IndexToLLVM.cpp.o
[2073/3560] Building CXX object tools/mlir/lib/Conversion/GPUToSPIRV/CMakeFiles/obj.MLIRGPUToSPIRV.dir/WmmaOpsToSPIRV.cpp.o
[2074/3560] Building CXX object tools/mlir/lib/Conversion/LLVMCommon/CMakeFiles/obj.MLIRLLVMCommonConversion.dir/MemRefBuilder.cpp.o
[2075/3560] Building CXX object tools/mlir/lib/Conversion/GPUToNVVM/CMakeFiles/obj.MLIRGPUToNVVMTransforms.dir/WmmaOpsToNvvm.cpp.o
[2076/3560] Building CXX object tools/mlir/lib/Conversion/GPUToSPIRV/CMakeFiles/obj.MLIRGPUToSPIRV.dir/GPUToSPIRVPass.cpp.o
[2077/3560] Building CXX object tools/mlir/lib/Conversion/LLVMCommon/CMakeFiles/obj.MLIRLLVMCommonConversion.dir/Pattern.cpp.o
[2078/3560] Building CXX object tools/mlir/lib/Conversion/LinalgToStandard/CMakeFiles/obj.MLIRLinalgToStandard.dir/LinalgToStandard.cpp.o
[2079/3560] Building CXX object tools/mlir/lib/Conversion/GPUToSPIRV/CMakeFiles/obj.MLIRGPUToSPIRV.dir/GPUToSPIRV.cpp.o
[2080/3560] Building CXX object tools/mlir/lib/Conversion/LLVMCommon/CMakeFiles/obj.MLIRLLVMCommonConversion.dir/PrintCallHelper.cpp.o
[2081/3560] Building CXX object tools/mlir/lib/Conversion/LLVMCommon/CMakeFiles/obj.MLIRLLVMCommonConversion.dir/StructBuilder.cpp.o
[2082/3560] Building CXX object tools/mlir/lib/Conversion/IndexToSPIRV/CMakeFiles/obj.MLIRIndexToSPIRV.dir/IndexToSPIRV.cpp.o
[2083/3560] Building CXX object tools/mlir/lib/Conversion/MathToEmitC/CMakeFiles/obj.MLIRMathToEmitC.dir/MathToEmitCPass.cpp.o
[2084/3560] Building CXX object tools/mlir/lib/Conversion/MathToEmitC/CMakeFiles/obj.MLIRMathToEmitC.dir/MathToEmitC.cpp.o
[2085/3560] Building CXX object tools/llvm-readobj/CMakeFiles/llvm-readobj.dir/ELFDumper.cpp.o
[2086/3560] Building CXX object tools/mlir/lib/Conversion/LLVMCommon/CMakeFiles/obj.MLIRLLVMCommonConversion.dir/VectorPattern.cpp.o
[2087/3560] Building CXX object tools/mlir/lib/Conversion/GPUToROCDL/CMakeFiles/obj.MLIRGPUToROCDLTransforms.dir/LowerGpuOpsToROCDLOps.cpp.o
[2088/3560] Building CXX object tools/mlir/lib/Conversion/LLVMCommon/CMakeFiles/obj.MLIRLLVMCommonConversion.dir/TypeConverter.cpp.o
[2089/3560] Building CXX object tools/mlir/lib/Conversion/MemRefToEmitC/CMakeFiles/obj.MLIRMemRefToEmitC.dir/MemRefToEmitCPass.cpp.o
[2090/3560] Building CXX object tools/mlir/lib/Conversion/GPUCommon/CMakeFiles/obj.MLIRGPUToGPURuntimeTransforms.dir/GPUToLLVMConversion.cpp.o
[2091/3560] Building CXX object tools/mlir/lib/Conversion/MemRefToEmitC/CMakeFiles/obj.MLIRMemRefToEmitC.dir/MemRefToEmitC.cpp.o
[2092/3560] Building CXX object tools/mlir/lib/Conversion/MemRefToSPIRV/CMakeFiles/obj.MLIRMemRefToSPIRV.dir/MapMemRefStorageClassPass.cpp.o
[2093/3560] Building CXX object tools/mlir/lib/Conversion/MathToSPIRV/CMakeFiles/obj.MLIRMathToSPIRV.dir/MathToSPIRVPass.cpp.o
[2094/3560] Building CXX object tools/mlir/lib/Conversion/MathToFuncs/CMakeFiles/obj.MLIRMathToFuncs.dir/MathToFuncs.cpp.o
[2095/3560] Building CXX object tools/mlir/lib/Conversion/PDLToPDLInterp/CMakeFiles/obj.MLIRPDLToPDLInterp.dir/Predicate.cpp.o
[2096/3560] Building CXX object tools/mlir/lib/Conversion/OpenACCToSCF/CMakeFiles/obj.MLIROpenACCToSCF.dir/OpenACCToSCF.cpp.o
[2097/3560] Building CXX object tools/mlir/lib/Conversion/MemRefToSPIRV/CMakeFiles/obj.MLIRMemRefToSPIRV.dir/MemRefToSPIRVPass.cpp.o
[2098/3560] Building CXX object tools/mlir/lib/Conversion/MPIToLLVM/CMakeFiles/obj.MLIRMPIToLLVM.dir/MPIToLLVM.cpp.o
[2099/3560] Building CXX object tools/mlir/lib/Conversion/MathToLLVM/CMakeFiles/obj.MLIRMathToLLVM.dir/MathToLLVM.cpp.o
[2100/3560] Building CXX object tools/mlir/lib/Conversion/MathToXeVM/CMakeFiles/obj.MLIRMathToXeVM.dir/MathToXeVM.cpp.o
[2101/3560] Building CXX object tools/mlir/lib/Conversion/ShardToMPI/CMakeFiles/obj.MLIRShardToMPI.dir/ShardToMPI.cpp.o
[2102/3560] Building CXX object tools/mlir/lib/Conversion/PDLToPDLInterp/CMakeFiles/obj.MLIRPDLToPDLInterp.dir/RootOrdering.cpp.o
[2103/3560] Building CXX object tools/mlir/lib/Conversion/MemRefToSPIRV/CMakeFiles/obj.MLIRMemRefToSPIRV.dir/MemRefToSPIRV.cpp.o
[2104/3560] Building CXX object tools/mlir/lib/Conversion/ReconcileUnrealizedCasts/CMakeFiles/obj.MLIRReconcileUnrealizedCasts.dir/ReconcileUnrealizedCasts.cpp.o
[2105/3560] Building CXX object tools/mlir/lib/Conversion/GPUToNVVM/CMakeFiles/obj.MLIRGPUToNVVMTransforms.dir/LowerGpuOpsToNVVMOps.cpp.o
[2106/3560] Building CXX object tools/mlir/lib/Conversion/PDLToPDLInterp/CMakeFiles/obj.MLIRPDLToPDLInterp.dir/PDLToPDLInterp.cpp.o
[2107/3560] Building CXX object tools/mlir/lib/Conversion/MathToSPIRV/CMakeFiles/obj.MLIRMathToSPIRV.dir/MathToSPIRV.cpp.o
[2108/3560] Building CXX object tools/mlir/lib/Conversion/MemRefToLLVM/CMakeFiles/obj.MLIRMemRefToLLVM.dir/MemRefToLLVM.cpp.o
[2109/3560] Building CXX object tools/mlir/lib/Conversion/SPIRVCommon/CMakeFiles/obj.MLIRSPIRVAttrToLLVMConversion.dir/AttrToLLVMConverter.cpp.o
[2110/3560] Linking CXX static library lib/libMLIRSPIRVAttrToLLVMConversion.a
[2111/3560] Building CXX object tools/mlir/lib/Conversion/PDLToPDLInterp/CMakeFiles/obj.MLIRPDLToPDLInterp.dir/PredicateTree.cpp.o
[2112/3560] Building CXX object tools/mlir/lib/Conversion/NVVMToLLVM/CMakeFiles/obj.MLIRNVVMToLLVM.dir/NVVMToLLVM.cpp.o
[2113/3560] Building CXX object tools/mlir/lib/Conversion/SCFToGPU/CMakeFiles/obj.MLIRSCFToGPU.dir/SCFToGPUPass.cpp.o
[2114/3560] Building CXX object tools/mlir/lib/Conversion/SCFToEmitC/CMakeFiles/obj.MLIRSCFToEmitC.dir/SCFToEmitC.cpp.o
[2115/3560] Building CXX object tools/mlir/lib/Conversion/MathToROCDL/CMakeFiles/obj.MLIRMathToROCDL.dir/MathToROCDL.cpp.o
[2116/3560] Building CXX object tools/mlir/lib/Conversion/ShapeToStandard/CMakeFiles/obj.MLIRShapeToStandard.dir/ConvertShapeConstraints.cpp.o
[2117/3560] Building CXX object tools/mlir/lib/Conversion/PtrToLLVM/CMakeFiles/obj.MLIRPtrToLLVM.dir/PtrToLLVM.cpp.o
[2118/3560] Building CXX object tools/mlir/lib/Conversion/SCFToGPU/CMakeFiles/obj.MLIRSCFToGPU.dir/SCFToGPU.cpp.o
[2119/3560] Building CXX object tools/mlir/lib/Conversion/SCFToControlFlow/CMakeFiles/obj.MLIRSCFToControlFlow.dir/SCFToControlFlow.cpp.o
[2120/3560] Building CXX object tools/mlir/lib/Conversion/MathToLibm/CMakeFiles/obj.MLIRMathToLibm.dir/MathToLibm.cpp.o
[2121/3560] Building CXX object tools/mlir/lib/Conversion/ShapeToStandard/CMakeFiles/obj.MLIRShapeToStandard.dir/ShapeToStandard.cpp.o
[2122/3560] Building CXX object tools/mlir/lib/Conversion/TensorToLinalg/CMakeFiles/obj.MLIRTensorToLinalg.dir/TensorToLinalgPass.cpp.o
[2123/3560] Building CXX object tools/mlir/lib/Conversion/SCFToOpenMP/CMakeFiles/obj.MLIRSCFToOpenMP.dir/SCFToOpenMP.cpp.o
[2124/3560] Building CXX object tools/mlir/lib/Conversion/NVGPUToNVVM/CMakeFiles/obj.MLIRNVGPUToNVVM.dir/NVGPUToNVVM.cpp.o
[2125/3560] Building CXX object tools/mlir/lib/Conversion/SPIRVToLLVM/CMakeFiles/obj.MLIRSPIRVToLLVM.dir/SPIRVToLLVMPass.cpp.o
[2126/3560] Building CXX object tools/mlir/lib/Conversion/TosaToArith/CMakeFiles/obj.MLIRTosaToArith.dir/TosaToArithPass.cpp.o
[2127/3560] Building CXX object tools/mlir/lib/Conversion/SCFToSPIRV/CMakeFiles/obj.MLIRSCFToSPIRV.dir/SCFToSPIRV.cpp.o
[2128/3560] Building CXX object tools/mlir/lib/Conversion/TosaToArith/CMakeFiles/obj.MLIRTosaToArith.dir/TosaToArith.cpp.o
[2129/3560] Building CXX object tools/mlir/lib/Conversion/SCFToSPIRV/CMakeFiles/obj.MLIRSCFToSPIRV.dir/SCFToSPIRVPass.cpp.o
[2130/3560] Building CXX object tools/mlir/lib/Conversion/TensorToLinalg/CMakeFiles/obj.MLIRTensorToLinalg.dir/TensorToLinalg.cpp.o
[2131/3560] Building CXX object tools/mlir/lib/Conversion/OpenMPToLLVM/CMakeFiles/obj.MLIROpenMPToLLVM.dir/OpenMPToLLVM.cpp.o
[2132/3560] Building CXX object tools/mlir/lib/Conversion/TensorToSPIRV/CMakeFiles/obj.MLIRTensorToSPIRV.dir/TensorToSPIRV.cpp.o
[2133/3560] Building CXX object tools/mlir/lib/Conversion/SPIRVToLLVM/CMakeFiles/obj.MLIRSPIRVToLLVM.dir/ConvertLaunchFuncToLLVMCalls.cpp.o
[2134/3560] Building CXX object tools/mlir/lib/Conversion/TosaToMLProgram/CMakeFiles/obj.MLIRTosaToMLProgram.dir/TosaToMLProgram.cpp.o
[2135/3560] Building CXX object tools/mlir/lib/Conversion/TensorToSPIRV/CMakeFiles/obj.MLIRTensorToSPIRV.dir/TensorToSPIRVPass.cpp.o
[2136/3560] Building CXX object tools/mlir/lib/Conversion/TosaToMLProgram/CMakeFiles/obj.MLIRTosaToMLProgram.dir/TosaToMLProgramPass.cpp.o
[2137/3560] Building CXX object tools/mlir/lib/Conversion/TosaToSCF/CMakeFiles/obj.MLIRTosaToSCF.dir/TosaToSCFPass.cpp.o
[2138/3560] Building CXX object tools/mlir/lib/Conversion/TosaToTensor/CMakeFiles/obj.MLIRTosaToTensor.dir/TosaToTensorPass.cpp.o
[2139/3560] Building CXX object tools/mlir/lib/Conversion/TosaToSCF/CMakeFiles/obj.MLIRTosaToSCF.dir/TosaToSCF.cpp.o
[2140/3560] Building CXX object tools/mlir/lib/Conversion/TosaToLinalg/CMakeFiles/obj.MLIRTosaToLinalg.dir/TosaToLinalgNamedPass.cpp.o
[2141/3560] Building CXX object tools/mlir/lib/Conversion/TosaToLinalg/CMakeFiles/obj.MLIRTosaToLinalg.dir/TosaToLinalgPass.cpp.o
[2142/3560] Building CXX object tools/mlir/lib/Conversion/TosaToLinalg/CMakeFiles/obj.MLIRTosaToLinalg.dir/TosaToLinalgNamed.cpp.o
[2143/3560] Building CXX object tools/mlir/lib/Conversion/UBToLLVM/CMakeFiles/obj.MLIRUBToLLVM.dir/UBToLLVM.cpp.o
[2144/3560] Building CXX object tools/mlir/lib/Conversion/TosaToTensor/CMakeFiles/obj.MLIRTosaToTensor.dir/TosaToTensor.cpp.o
[2145/3560] Building CXX object tools/mlir/lib/Conversion/VectorToArmSME/CMakeFiles/obj.MLIRVectorToArmSME.dir/VectorToArmSMEPass.cpp.o
[2146/3560] Building CXX object tools/mlir/lib/Conversion/VectorToAMX/CMakeFiles/obj.MLIRVectorToAMX.dir/VectorToAMX.cpp.o
[2147/3560] Building CXX object tools/mlir/lib/Conversion/VectorToArmSME/CMakeFiles/obj.MLIRVectorToArmSME.dir/VectorToArmSME.cpp.o
[2148/3560] Building CXX object tools/mlir/lib/Dialect/Affine/IR/CMakeFiles/obj.MLIRAffineDialect.dir/AffineMemoryOpInterfaces.cpp.o
[2149/3560] Building CXX object tools/mlir/lib/Conversion/UBToSPIRV/CMakeFiles/obj.MLIRUBToSPIRV.dir/UBToSPIRV.cpp.o
[2150/3560] Building CXX object tools/mlir/lib/Dialect/Affine/Analysis/CMakeFiles/obj.MLIRAffineAnalysis.dir/NestedMatcher.cpp.o
[2151/3560] Building CXX object tools/mlir/lib/Dialect/Affine/Analysis/CMakeFiles/obj.MLIRAffineAnalysis.dir/AffineStructures.cpp.o
[2152/3560] Building CXX object tools/mlir/lib/Dialect/Affine/Analysis/CMakeFiles/obj.MLIRAffineAnalysis.dir/LoopAnalysis.cpp.o
[2153/3560] Building CXX object tools/mlir/lib/Dialect/Affine/Analysis/CMakeFiles/obj.MLIRAffineAnalysis.dir/AffineAnalysis.cpp.o
[2154/3560] Building CXX object tools/mlir/lib/Conversion/VectorToXeGPU/CMakeFiles/obj.MLIRVectorToXeGPU.dir/VectorToXeGPU.cpp.o
[2155/3560] Building CXX object tools/mlir/lib/Dialect/Affine/IR/CMakeFiles/obj.MLIRAffineDialect.dir/AffineValueMap.cpp.o
[2156/3560] Building CXX object tools/mlir/lib/Conversion/VectorToSCF/CMakeFiles/obj.MLIRVectorToSCF.dir/VectorToSCF.cpp.o
[2157/3560] Building CXX object tools/mlir/lib/Conversion/TosaToLinalg/CMakeFiles/obj.MLIRTosaToLinalg.dir/TosaToLinalg.cpp.o
[2158/3560] Building CXX object tools/mlir/lib/Conversion/VectorToLLVM/CMakeFiles/obj.MLIRVectorToLLVMPass.dir/ConvertVectorToLLVMPass.cpp.o
[2159/3560] Building CXX object tools/mlir/lib/Conversion/VectorToSPIRV/CMakeFiles/obj.MLIRVectorToSPIRV.dir/VectorToSPIRVPass.cpp.o
[2160/3560] Building CXX object tools/mlir/lib/Dialect/Affine/IR/CMakeFiles/obj.MLIRAffineDialect.dir/ValueBoundsOpInterfaceImpl.cpp.o
[2161/3560] Building CXX object tools/mlir/lib/Dialect/Affine/Transforms/CMakeFiles/obj.MLIRAffineTransforms.dir/AffineExpandIndexOpsAsAffine.cpp.o
[2162/3560] Building CXX object tools/mlir/lib/Dialect/Affine/Transforms/CMakeFiles/obj.MLIRAffineTransforms.dir/AffineExpandIndexOps.cpp.o
[2163/3560] Building CXX object tools/mlir/lib/Dialect/Affine/Transforms/CMakeFiles/obj.MLIRAffineTransforms.dir/AffineDataCopyGeneration.cpp.o
[2164/3560] Building CXX object tools/mlir/lib/Dialect/Affine/Transforms/CMakeFiles/obj.MLIRAffineTransforms.dir/AffineLoopInvariantCodeMotion.cpp.o
[2165/3560] Building CXX object tools/mlir/lib/Dialect/Affine/Analysis/CMakeFiles/obj.MLIRAffineAnalysis.dir/Utils.cpp.o
[2166/3560] Building CXX object tools/mlir/lib/Dialect/Affine/Transforms/CMakeFiles/obj.MLIRAffineTransforms.dir/AffineLoopNormalize.cpp.o
[2167/3560] Building CXX object tools/mlir/lib/Conversion/VectorToLLVM/CMakeFiles/obj.MLIRVectorToLLVM.dir/ConvertVectorToLLVM.cpp.o
[2168/3560] Building CXX object tools/mlir/lib/Dialect/Affine/Transforms/CMakeFiles/obj.MLIRAffineTransforms.dir/AffineScalarReplacement.cpp.o
[2169/3560] Building CXX object tools/mlir/lib/Dialect/Affine/Transforms/CMakeFiles/obj.MLIRAffineTransforms.dir/AffineParallelize.cpp.o
[2170/3560] Building CXX object tools/mlir/lib/Dialect/Affine/Transforms/CMakeFiles/obj.MLIRAffineTransforms.dir/DecomposeAffineOps.cpp.o
[2171/3560] Building CXX object tools/mlir/lib/Conversion/VectorToSPIRV/CMakeFiles/obj.MLIRVectorToSPIRV.dir/VectorToSPIRV.cpp.o
[2172/3560] Building CXX object tools/mlir/lib/Dialect/Affine/Transforms/CMakeFiles/obj.MLIRAffineTransforms.dir/LoopCoalescing.cpp.o
[2173/3560] Building CXX object tools/mlir/lib/Conversion/XeVMToLLVM/CMakeFiles/obj.MLIRXeVMToLLVM.dir/XeVMToLLVM.cpp.o
[2174/3560] Building CXX object tools/mlir/lib/Dialect/Affine/Transforms/CMakeFiles/obj.MLIRAffineTransforms.dir/LoopUnrollAndJam.cpp.o
[2175/3560] Building CXX object tools/mlir/lib/Dialect/Affine/Transforms/CMakeFiles/obj.MLIRAffineTransforms.dir/LoopUnroll.cpp.o
[2176/3560] Building CXX object tools/mlir/lib/Dialect/Affine/Transforms/CMakeFiles/obj.MLIRAffineTransforms.dir/LoopTiling.cpp.o
[2177/3560] Building CXX object tools/mlir/lib/Conversion/VectorToGPU/CMakeFiles/obj.MLIRVectorToGPU.dir/VectorToGPU.cpp.o
[2178/3560] Building CXX object tools/mlir/lib/Dialect/Affine/Transforms/CMakeFiles/obj.MLIRAffineTransforms.dir/ReifyValueBounds.cpp.o
[2179/3560] Building CXX object tools/mlir/lib/Dialect/Affine/Transforms/CMakeFiles/obj.MLIRAffineTransforms.dir/PipelineDataTransfer.cpp.o
[2180/3560] Building CXX object tools/mlir/lib/Dialect/Affine/Transforms/CMakeFiles/obj.MLIRAffineTransforms.dir/RaiseMemrefDialect.cpp.o
[2181/3560] Building CXX object tools/mlir/lib/Dialect/Affine/Transforms/CMakeFiles/obj.MLIRAffineTransforms.dir/SimplifyAffineStructures.cpp.o
[2182/3560] Building CXX object tools/mlir/lib/Dialect/AMDGPU/Utils/CMakeFiles/obj.MLIRAMDGPUUtils.dir/Chipset.cpp.o
[2183/3560] Building CXX object tools/mlir/lib/Conversion/XeGPUToXeVM/CMakeFiles/obj.MLIRXeGPUToXeVM.dir/XeGPUToXeVM.cpp.o
[2184/3560] Building CXX object tools/mlir/lib/Conversion/SPIRVToLLVM/CMakeFiles/obj.MLIRSPIRVToLLVM.dir/SPIRVToLLVM.cpp.o
[2185/3560] Building CXX object tools/mlir/lib/Dialect/Affine/Transforms/CMakeFiles/obj.MLIRAffineTransforms.dir/LoopFusion.cpp.o
[2186/3560] Building CXX object tools/mlir/lib/Dialect/Affine/Utils/CMakeFiles/obj.MLIRAffineUtils.dir/LoopFusionUtils.cpp.o
[2187/3560] Building CXX object tools/mlir/lib/Dialect/Affine/Transforms/CMakeFiles/obj.MLIRAffineTransforms.dir/SimplifyAffineMinMax.cpp.o
[2188/3560] Building CXX object tools/mlir/lib/Dialect/Affine/Utils/CMakeFiles/obj.MLIRAffineUtils.dir/ViewLikeInterfaceUtils.cpp.o
[2189/3560] Building CXX object tools/mlir/lib/Dialect/Affine/TransformOps/CMakeFiles/obj.MLIRAffineTransformOps.dir/AffineTransformOps.cpp.o
[2190/3560] Building CXX object tools/mlir/lib/Dialect/Affine/Transforms/CMakeFiles/obj.MLIRAffineTransforms.dir/SuperVectorize.cpp.o
[2191/3560] Building CXX object tools/mlir/lib/Dialect/AMDGPU/Transforms/CMakeFiles/obj.MLIRAMDGPUTransforms.dir/FoldMemRefsOps.cpp.o
[2192/3560] Building CXX object tools/mlir/lib/Dialect/AMX/Transforms/CMakeFiles/obj.MLIRAMXTransforms.dir/LegalizeForLLVMExport.cpp.o
[2193/3560] Building CXX object tools/mlir/lib/Dialect/Arith/IR/CMakeFiles/obj.MLIRArithDialect.dir/InferIntRangeInterfaceImpls.cpp.o
[2194/3560] Building CXX object tools/mlir/lib/Dialect/AMDGPU/Transforms/CMakeFiles/obj.MLIRAMDGPUTransforms.dir/ResolveStridedMetadata.cpp.o
[2195/3560] Building CXX object tools/mlir/lib/Dialect/AMDGPU/Transforms/CMakeFiles/obj.MLIRAMDGPUTransforms.dir/EmulateAtomics.cpp.o
[2196/3560] Building CXX object tools/mlir/lib/Dialect/Arith/IR/CMakeFiles/obj.MLIRArithValueBoundsOpInterfaceImpl.dir/ValueBoundsOpInterfaceImpl.cpp.o
[2197/3560] Building CXX object tools/mlir/lib/Dialect/Affine/Utils/CMakeFiles/obj.MLIRAffineUtils.dir/Utils.cpp.o
[2198/3560] Building CXX object tools/mlir/lib/Dialect/Arith/Transforms/CMakeFiles/obj.MLIRArithTransforms.dir/BufferDeallocationOpInterfaceImpl.cpp.o
[2199/3560] Building CXX object tools/mlir/lib/Dialect/AMDGPU/Transforms/CMakeFiles/obj.MLIRAMDGPUTransforms.dir/MaskedloadToLoad.cpp.o
[2200/3560] Building CXX object tools/mlir/lib/Dialect/Arith/Transforms/CMakeFiles/obj.MLIRArithTransforms.dir/BufferViewFlowOpInterfaceImpl.cpp.o
[2201/3560] Building CXX object tools/mlir/lib/Dialect/Arith/Transforms/CMakeFiles/obj.MLIRArithTransforms.dir/BufferizableOpInterfaceImpl.cpp.o
[2202/3560] Building CXX object tools/mlir/lib/Dialect/Affine/Utils/CMakeFiles/obj.MLIRAffineUtils.dir/LoopUtils.cpp.o
[2203/3560] Building CXX object tools/mlir/lib/Dialect/Arith/Transforms/CMakeFiles/obj.MLIRArithTransforms.dir/EmulateNarrowType.cpp.o
[2204/3560] Building CXX object tools/mlir/lib/Dialect/Arith/Transforms/CMakeFiles/obj.MLIRArithTransforms.dir/ShardingInterfaceImpl.cpp.o
[2205/3560] Building CXX object tools/mlir/lib/Dialect/Arith/Transforms/CMakeFiles/obj.MLIRArithTransforms.dir/ReifyValueBounds.cpp.o
[2206/3560] Building CXX object tools/mlir/lib/Dialect/Arith/Transforms/CMakeFiles/obj.MLIRArithTransforms.dir/EmulateUnsupportedFloats.cpp.o
[2207/3560] Building CXX object tools/mlir/lib/Dialect/Arith/Utils/CMakeFiles/obj.MLIRArithUtils.dir/Utils.cpp.o
[2208/3560] Building CXX object tools/mlir/lib/Dialect/Arith/Transforms/CMakeFiles/obj.MLIRArithTransforms.dir/UnsignedWhenEquivalent.cpp.o
[2209/3560] Building CXX object tools/mlir/lib/Dialect/ArmNeon/TransformOps/CMakeFiles/obj.MLIRArmNeonVectorTransformOps.dir/ArmNeonVectorTransformOps.cpp.o
[2210/3560] Building CXX object tools/mlir/lib/Dialect/ArmNeon/Transforms/CMakeFiles/obj.MLIRArmNeonTransforms.dir/LowerContractToNeonPatterns.cpp.o
[2211/3560] Building CXX object tools/mlir/lib/Dialect/Arith/Transforms/CMakeFiles/obj.MLIRArithTransforms.dir/ExpandOps.cpp.o
[2212/3560] Building CXX object tools/mlir/lib/Dialect/AMX/IR/CMakeFiles/obj.MLIRAMXDialect.dir/AMXDialect.cpp.o
[2213/3560] Building CXX object tools/mlir/lib/Dialect/Arith/Transforms/CMakeFiles/obj.MLIRArithTransforms.dir/IntRangeOptimizations.cpp.o
[2214/3560] Building CXX object tools/mlir/lib/Dialect/ArmSME/IR/CMakeFiles/obj.MLIRArmSMEDialect.dir/Utils.cpp.o
[2215/3560] Building CXX object tools/mlir/lib/Dialect/ArmNeon/IR/CMakeFiles/obj.MLIRArmNeonDialect.dir/ArmNeonDialect.cpp.o
[2216/3560] Linking CXX static library lib/libMLIRArmNeonDialect.a
[2217/3560] Building CXX object tools/mlir/lib/Dialect/Affine/IR/CMakeFiles/obj.MLIRAffineDialect.dir/AffineOps.cpp.o
[2218/3560] Building CXX object tools/mlir/lib/Dialect/Arith/Transforms/CMakeFiles/obj.MLIRArithTransforms.dir/EmulateWideInt.cpp.o
[2219/3560] Building CXX object tools/mlir/lib/Dialect/ArmSVE/TransformOps/CMakeFiles/obj.MLIRArmSVEVectorTransformOps.dir/ArmSVEVectorTransformOps.cpp.o
[2220/3560] Building CXX object tools/mlir/lib/Dialect/ArmSME/Transforms/CMakeFiles/obj.MLIRArmSMETransforms.dir/EnableArmStreaming.cpp.o
[2221/3560] Building CXX object tools/mlir/lib/Dialect/ArmSME/Transforms/CMakeFiles/obj.MLIRArmSMETransforms.dir/OuterProductFusion.cpp.o
[2222/3560] Building CXX object tools/mlir/lib/Dialect/ArmSVE/Transforms/CMakeFiles/obj.MLIRArmSVETransforms.dir/LowerContractToSVEPatterns.cpp.o
[2223/3560] Building CXX object tools/mlir/lib/Dialect/Bufferization/IR/CMakeFiles/obj.MLIRBufferizationDialect.dir/AllocationOpInterface.cpp.o
[2224/3560] Building CXX object tools/mlir/lib/Dialect/ArmSVE/Transforms/CMakeFiles/obj.MLIRArmSVETransforms.dir/LegalizeVectorStorage.cpp.o
[2225/3560] Building CXX object tools/mlir/lib/Dialect/Async/Transforms/CMakeFiles/obj.MLIRAsyncTransforms.dir/AsyncRuntimeRefCounting.cpp.o
[2226/3560] Building CXX object tools/mlir/lib/Dialect/Async/Transforms/CMakeFiles/obj.MLIRAsyncTransforms.dir/AsyncRuntimeRefCountingOpt.cpp.o
[2227/3560] Building CXX object tools/mlir/lib/Dialect/Async/Transforms/CMakeFiles/obj.MLIRAsyncTransforms.dir/PassDetail.cpp.o
[2228/3560] Building CXX object tools/mlir/lib/Dialect/Arith/IR/CMakeFiles/obj.MLIRArithDialect.dir/ArithDialect.cpp.o
[2229/3560] Building CXX object tools/mlir/lib/Dialect/Async/Transforms/CMakeFiles/obj.MLIRAsyncTransforms.dir/AsyncParallelFor.cpp.o
[2230/3560] Building CXX object tools/mlir/lib/Dialect/Bufferization/IR/CMakeFiles/obj.MLIRBufferizationDialect.dir/BufferizationTypeInterfaces.cpp.o
[2231/3560] Building CXX object tools/mlir/lib/Dialect/ArmSME/Transforms/CMakeFiles/obj.MLIRArmSMETransforms.dir/TileAllocation.cpp.o
[2232/3560] Building CXX object tools/mlir/lib/Dialect/Bufferization/IR/CMakeFiles/obj.MLIRBufferizationDialect.dir/BufferViewFlowOpInterface.cpp.o
[2233/3560] Building CXX object tools/mlir/lib/Dialect/ArmSME/Transforms/CMakeFiles/obj.MLIRArmSMETransforms.dir/VectorLegalization.cpp.o
[2234/3560] Building CXX object tools/mlir/lib/Dialect/Bufferization/IR/CMakeFiles/obj.MLIRBufferizationDialect.dir/UnstructuredControlFlow.cpp.o
[2235/3560] Building CXX object tools/mlir/lib/Dialect/ArmSVE/Transforms/CMakeFiles/obj.MLIRArmSVETransforms.dir/LegalizeForLLVMExport.cpp.o
[2236/3560] Building CXX object tools/mlir/lib/Dialect/Bufferization/IR/CMakeFiles/obj.MLIRBufferizationDialect.dir/BufferDeallocationOpInterface.cpp.o
[2237/3560] Building CXX object tools/mlir/lib/Dialect/Async/Transforms/CMakeFiles/obj.MLIRAsyncTransforms.dir/AsyncToAsyncRuntime.cpp.o
[2238/3560] Building CXX object tools/mlir/lib/Dialect/Bufferization/IR/CMakeFiles/obj.MLIRBufferizationDialect.dir/BufferizableOpInterface.cpp.o
[2239/3560] Building CXX object tools/mlir/lib/Dialect/Bufferization/Pipelines/CMakeFiles/obj.MLIRBufferizationPipelines.dir/BufferizationPipelines.cpp.o
[2240/3560] Building CXX object tools/mlir/lib/Dialect/Bufferization/Transforms/CMakeFiles/obj.MLIRBufferizationTransforms.dir/BufferViewFlowAnalysis.cpp.o
[2241/3560] Building CXX object tools/mlir/lib/Dialect/Bufferization/Transforms/CMakeFiles/obj.MLIRBufferizationTransforms.dir/BufferUtils.cpp.o
[2242/3560] Building CXX object tools/mlir/lib/Dialect/Bufferization/IR/CMakeFiles/obj.MLIRBufferizationDialect.dir/BufferizationDialect.cpp.o
[2243/3560] Building CXX object tools/mlir/lib/Dialect/Bufferization/Transforms/CMakeFiles/obj.MLIRBufferizationTransforms.dir/BufferDeallocationSimplification.cpp.o
[2244/3560] Building CXX object tools/mlir/lib/Dialect/Bufferization/Transforms/CMakeFiles/obj.MLIRBufferizationTransforms.dir/BufferOptimizations.cpp.o
[2245/3560] Building CXX object tools/mlir/lib/Dialect/Bufferization/Transforms/CMakeFiles/obj.MLIRBufferizationTransforms.dir/BufferResultsToOutParams.cpp.o
[2246/3560] Building CXX object tools/mlir/lib/Dialect/Bufferization/Transforms/CMakeFiles/obj.MLIRBufferizationTransforms.dir/DropEquivalentBufferResults.cpp.o
[2247/3560] Building CXX object tools/mlir/lib/Dialect/Bufferization/Transforms/CMakeFiles/obj.MLIRBufferizationTransforms.dir/Bufferize.cpp.o
[2248/3560] Building CXX object tools/mlir/lib/Dialect/Bufferization/Transforms/CMakeFiles/obj.MLIRBufferizationTransforms.dir/EmptyTensorElimination.cpp.o
[2249/3560] Building CXX object tools/mlir/lib/Dialect/Bufferization/Transforms/CMakeFiles/obj.MLIRBufferizationTransforms.dir/FuncBufferizableOpInterfaceImpl.cpp.o
[2250/3560] Building CXX object tools/mlir/lib/Dialect/Async/IR/CMakeFiles/obj.MLIRAsyncDialect.dir/Async.cpp.o
[2251/3560] Linking CXX static library lib/libMLIRAsyncDialect.a
[2252/3560] Building CXX object tools/mlir/lib/Dialect/Bufferization/IR/CMakeFiles/obj.MLIRBufferizationDialect.dir/BufferizationOps.cpp.o
[2253/3560] Building CXX object tools/mlir/lib/Dialect/Bufferization/Transforms/CMakeFiles/obj.MLIRBufferizationTransforms.dir/EmptyTensorToAllocTensor.cpp.o
[2254/3560] Building CXX object tools/mlir/lib/Dialect/ArmSVE/IR/CMakeFiles/obj.MLIRArmSVEDialect.dir/ArmSVEDialect.cpp.o
[2255/3560] Building CXX object tools/mlir/lib/Dialect/Bufferization/Transforms/CMakeFiles/obj.MLIRBufferizationTransforms.dir/LowerDeallocations.cpp.o
[2256/3560] Building CXX object tools/mlir/lib/Dialect/Bufferization/Transforms/CMakeFiles/obj.MLIRBufferizationTransforms.dir/TensorCopyInsertion.cpp.o
[2257/3560] Building CXX object tools/mlir/lib/Dialect/DLTI/CMakeFiles/obj.MLIRDLTIDialect.dir/Traits.cpp.o
[2258/3560] Building CXX object tools/mlir/lib/Dialect/Bufferization/TransformOps/CMakeFiles/obj.MLIRBufferizationTransformOps.dir/BufferizationTransformOps.cpp.o
[2259/3560] Building CXX object tools/mlir/lib/Dialect/Bufferization/Transforms/CMakeFiles/obj.MLIRBufferizationTransforms.dir/OptimizeAllocationLiveness.cpp.o
[2260/3560] Building CXX object tools/mlir/lib/Dialect/ControlFlow/Transforms/CMakeFiles/obj.MLIRControlFlowTransforms.dir/BufferizableOpInterfaceImpl.cpp.o
[2261/3560] Building CXX object tools/mlir/lib/Dialect/Bufferization/Transforms/CMakeFiles/obj.MLIRBufferizationTransforms.dir/OneShotAnalysis.cpp.o
[2262/3560] Building CXX object tools/mlir/lib/Dialect/Arith/IR/CMakeFiles/obj.MLIRArithDialect.dir/ArithOps.cpp.o
[2263/3560] Building CXX object tools/mlir/lib/Dialect/ControlFlow/Transforms/CMakeFiles/obj.MLIRControlFlowTransforms.dir/StructuralTypeConversions.cpp.o
[2264/3560] Building CXX object tools/mlir/lib/Dialect/Func/Extensions/CMakeFiles/obj.MLIRFuncAllExtensions.dir/AllExtensions.cpp.o
[2265/3560] Building CXX object tools/mlir/lib/Dialect/Bufferization/Transforms/CMakeFiles/obj.MLIRBufferizationTransforms.dir/OneShotModuleBufferize.cpp.o
[2266/3560] Building CXX object tools/mlir/lib/Dialect/ControlFlow/Transforms/CMakeFiles/obj.MLIRControlFlowTransforms.dir/BufferDeallocationOpInterfaceImpl.cpp.o
[2267/3560] Building CXX object tools/mlir/lib/Dialect/Bufferization/Transforms/CMakeFiles/obj.MLIRBufferizationTransforms.dir/OwnershipBasedBufferDeallocation.cpp.o
[2268/3560] Building CXX object tools/mlir/lib/Dialect/EmitC/Transforms/CMakeFiles/obj.MLIREmitCTransforms.dir/FormExpressions.cpp.o
[2269/3560] Building CXX object tools/mlir/lib/Dialect/EmitC/Transforms/CMakeFiles/obj.MLIREmitCTransforms.dir/Transforms.cpp.o
[2270/3560] Building CXX object tools/mlir/lib/Dialect/DLTI/CMakeFiles/obj.MLIRDLTIDialect.dir/DLTI.cpp.o
[2271/3560] Linking CXX static library lib/libMLIRDLTIDialect.a
[2272/3560] Building CXX object tools/mlir/lib/Dialect/EmitC/Transforms/CMakeFiles/obj.MLIREmitCTransforms.dir/TypeConversions.cpp.o
[2273/3560] Building CXX object tools/mlir/lib/Dialect/Func/Extensions/CMakeFiles/obj.MLIRFuncInlinerExtension.dir/InlinerExtension.cpp.o
[2274/3560] Building CXX object tools/mlir/lib/Dialect/Func/Extensions/CMakeFiles/obj.MLIRFuncShardingExtensions.dir/ShardingExtensions.cpp.o
[2275/3560] Building CXX object tools/mlir/lib/Dialect/DLTI/TransformOps/CMakeFiles/obj.MLIRDLTITransformOps.dir/DLTITransformOps.cpp.o
[2276/3560] Building CXX object tools/mlir/lib/Dialect/AMDGPU/IR/CMakeFiles/obj.MLIRAMDGPUDialect.dir/AMDGPUDialect.cpp.o
[2277/3560] Building CXX object tools/mlir/lib/Dialect/ControlFlow/IR/CMakeFiles/obj.MLIRControlFlowDialect.dir/ControlFlowOps.cpp.o
[2278/3560] Building CXX object tools/mlir/lib/Dialect/Func/Transforms/CMakeFiles/obj.MLIRFuncTransforms.dir/DuplicateFunctionElimination.cpp.o
[2279/3560] Building CXX object tools/mlir/lib/Dialect/EmitC/Transforms/CMakeFiles/obj.MLIREmitCTransforms.dir/WrapFuncInClass.cpp.o
[2280/3560] Building CXX object tools/mlir/lib/Dialect/Func/Transforms/CMakeFiles/obj.MLIRFuncTransforms.dir/FuncConversions.cpp.o
[2281/3560] Building CXX object tools/mlir/lib/Dialect/Func/Utils/CMakeFiles/obj.MLIRFuncUtils.dir/Utils.cpp.o
[2282/3560] Building CXX object tools/mlir/lib/Dialect/Complex/IR/CMakeFiles/obj.MLIRComplexDialect.dir/ComplexDialect.cpp.o
[2283/3560] Building CXX object tools/mlir/lib/Dialect/GPU/CMakeFiles/obj.MLIRGPUDialect.dir/IR/InferIntRangeInterfaceImpls.cpp.o
[2284/3560] Building CXX object tools/mlir/lib/Dialect/GPU/CMakeFiles/obj.MLIRGPUTransforms.dir/Transforms/BufferDeallocationOpInterfaceImpl.cpp.o
[2285/3560] Building CXX object tools/mlir/lib/Dialect/GPU/CMakeFiles/obj.MLIRGPUDialect.dir/IR/ValueBoundsOpInterfaceImpl.cpp.o
[2286/3560] Building CXX object tools/mlir/lib/Dialect/Complex/IR/CMakeFiles/obj.MLIRComplexDialect.dir/ComplexOps.cpp.o
[2287/3560] Building CXX object tools/mlir/lib/Dialect/Func/IR/CMakeFiles/obj.MLIRFuncDialect.dir/FuncOps.cpp.o
[2288/3560] Linking CXX static library lib/libMLIRFuncDialect.a
[2289/3560] Building CXX object tools/mlir/lib/Dialect/GPU/CMakeFiles/obj.MLIRGPUTransforms.dir/Transforms/AllReduceLowering.cpp.o
[2290/3560] Building CXX object tools/mlir/lib/Dialect/GPU/CMakeFiles/obj.MLIRGPUTransforms.dir/Transforms/GlobalIdRewriter.cpp.o
[2291/3560] Building CXX object tools/mlir/lib/Dialect/GPU/CMakeFiles/obj.MLIRGPUTransforms.dir/Transforms/AsyncRegionRewriter.cpp.o
[2292/3560] Building CXX object tools/mlir/lib/Dialect/GPU/CMakeFiles/obj.MLIRGPUTransforms.dir/Transforms/MemoryPromotion.cpp.o
[2293/3560] Building CXX object tools/mlir/lib/Dialect/GPU/CMakeFiles/obj.MLIRGPUTransforms.dir/Transforms/DecomposeMemRefs.cpp.o
[2294/3560] Building CXX object tools/mlir/lib/Dialect/GPU/CMakeFiles/obj.MLIRGPUTransforms.dir/Transforms/EliminateBarriers.cpp.o
[2295/3560] Building CXX object tools/mlir/lib/Dialect/GPU/CMakeFiles/obj.MLIRGPUTransforms.dir/Transforms/KernelOutlining.cpp.o
[2296/3560] Building CXX object tools/mlir/lib/Dialect/GPU/CMakeFiles/obj.MLIRGPUTransforms.dir/Transforms/ModuleToBinary.cpp.o
[2297/3560] Building CXX object tools/mlir/lib/Dialect/GPU/CMakeFiles/obj.MLIRGPUTransforms.dir/Transforms/PromoteShuffleToAMDGPU.cpp.o
[2298/3560] Building CXX object tools/mlir/lib/Dialect/Func/TransformOps/CMakeFiles/obj.MLIRFuncTransformOps.dir/FuncTransformOps.cpp.o
[2299/3560] Building CXX object tools/mlir/lib/Dialect/GPU/CMakeFiles/obj.MLIRGPUTransforms.dir/Transforms/ParallelLoopMapper.cpp.o
[2300/3560] Building CXX object tools/mlir/lib/Dialect/GPU/CMakeFiles/obj.MLIRGPUTransforms.dir/Transforms/ShuffleRewriter.cpp.o
[2301/3560] Building CXX object tools/mlir/lib/Dialect/Index/IR/CMakeFiles/obj.MLIRIndexDialect.dir/IndexDialect.cpp.o
[2302/3560] Building CXX object tools/mlir/lib/Dialect/GPU/CMakeFiles/obj.MLIRGPUTransforms.dir/Transforms/SPIRVAttachTarget.cpp.o
[2303/3560] Building CXX object tools/mlir/lib/Dialect/GPU/CMakeFiles/obj.MLIRGPUTransforms.dir/Transforms/SubgroupIdRewriter.cpp.o
[2304/3560] Building CXX object tools/mlir/lib/Dialect/Index/IR/CMakeFiles/obj.MLIRIndexDialect.dir/IndexAttrs.cpp.o
[2305/3560] Building CXX object tools/mlir/lib/Dialect/ArmSME/IR/CMakeFiles/obj.MLIRArmSMEDialect.dir/ArmSME.cpp.o
[2306/3560] Building CXX object tools/mlir/lib/Dialect/GPU/Utils/CMakeFiles/obj.MLIRGPUUtils.dir/Utils.cpp.o
[2307/3560] Building CXX object tools/mlir/lib/Dialect/GPU/Utils/CMakeFiles/obj.MLIRGPUUtils.dir/DistributionUtils.cpp.o
[2308/3560] Building CXX object tools/mlir/lib/Dialect/Index/IR/CMakeFiles/obj.MLIRIndexDialect.dir/InferIntRangeInterfaceImpls.cpp.o
[2309/3560] Building CXX object tools/mlir/lib/Dialect/GPU/TransformOps/CMakeFiles/obj.MLIRGPUTransformOps.dir/Utils.cpp.o
[2310/3560] Building CXX object tools/mlir/lib/Dialect/IRDL/CMakeFiles/obj.MLIRIRDL.dir/IR/IRDLOps.cpp.o
[2311/3560] Building CXX object tools/mlir/lib/Dialect/IRDL/CMakeFiles/obj.MLIRIRDL.dir/IRDLVerifiers.cpp.o
[2312/3560] Building CXX object tools/mlir/lib/Dialect/IRDL/CMakeFiles/obj.MLIRIRDL.dir/IRDLSymbols.cpp.o
[2313/3560] Building CXX object tools/mlir/lib/Dialect/GPU/CMakeFiles/obj.MLIRGPUTransforms.dir/Transforms/NVVMAttachTarget.cpp.o
[2314/3560] Building CXX object tools/mlir/lib/Dialect/GPU/CMakeFiles/obj.MLIRGPUTransforms.dir/Transforms/ROCDLAttachTarget.cpp.o
[2315/3560] Building CXX object tools/mlir/lib/Dialect/GPU/CMakeFiles/obj.MLIRGPUTransforms.dir/Transforms/XeVMAttachTarget.cpp.o
[2316/3560] Building CXX object tools/mlir/lib/Dialect/GPU/Pipelines/CMakeFiles/obj.MLIRGPUPipelines.dir/GPUToNVVMPipeline.cpp.o
[2317/3560] Building CXX object tools/mlir/lib/Dialect/Linalg/Transforms/CMakeFiles/obj.MLIRLinalgTransforms.dir/AllInterfaces.cpp.o
[2318/3560] Building CXX object tools/mlir/lib/Dialect/IRDL/CMakeFiles/obj.MLIRIRDL.dir/IRDLLoading.cpp.o
[2319/3560] Building CXX object tools/mlir/lib/Dialect/GPU/CMakeFiles/obj.MLIRGPUTransforms.dir/Transforms/SubgroupReduceLowering.cpp.o
[2320/3560] Building CXX object tools/mlir/lib/Dialect/Linalg/TransformOps/CMakeFiles/obj.MLIRLinalgTransformOps.dir/Syntax.cpp.o
[2321/3560] Building CXX object tools/mlir/lib/Dialect/Linalg/TransformOps/CMakeFiles/obj.MLIRLinalgTransformOps.dir/GPUHeuristics.cpp.o
[2322/3560] Building CXX object tools/mlir/lib/Dialect/Linalg/IR/CMakeFiles/obj.MLIRLinalgDialect.dir/ValueBoundsOpInterfaceImpl.cpp.o
[2323/3560] Building CXX object tools/mlir/lib/Dialect/Linalg/IR/CMakeFiles/obj.MLIRLinalgDialect.dir/LinalgInterfaces.cpp.o
[2324/3560] Building CXX object tools/mlir/lib/Dialect/EmitC/IR/CMakeFiles/obj.MLIREmitCDialect.dir/EmitC.cpp.o
[2325/3560] Linking CXX static library lib/libMLIREmitCDialect.a
[2326/3560] Building CXX object tools/mlir/lib/Dialect/IRDL/CMakeFiles/obj.MLIRIRDL.dir/IR/IRDL.cpp.o
[2327/3560] Linking CXX static library lib/libMLIRIRDL.a
[2328/3560] Building CXX object tools/mlir/lib/Dialect/GPU/Pipelines/CMakeFiles/obj.MLIRGPUPipelines.dir/GPUToXeVMPipeline.cpp.o
[2329/3560] Building CXX object tools/mlir/lib/Dialect/Linalg/Transforms/CMakeFiles/obj.MLIRLinalgTransforms.dir/BubbleUpExtractSlice.cpp.o
[2330/3560] Building CXX object tools/mlir/lib/Dialect/Index/IR/CMakeFiles/obj.MLIRIndexDialect.dir/IndexOps.cpp.o
[2331/3560] Linking CXX static library lib/libMLIRIndexDialect.a
[2332/3560] Building CXX object tools/mlir/lib/Dialect/Linalg/Transforms/CMakeFiles/obj.MLIRLinalgTransforms.dir/ConstantFold.cpp.o
[2333/3560] Building CXX object tools/mlir/lib/Dialect/Linalg/Transforms/CMakeFiles/obj.MLIRLinalgTransforms.dir/ConvertToDestinationStyle.cpp.o
[2334/3560] Building CXX object tools/mlir/lib/Dialect/Linalg/Transforms/CMakeFiles/obj.MLIRLinalgTransforms.dir/ConvertConv2DToImg2Col.cpp.o
[2335/3560] Building CXX object tools/mlir/lib/Dialect/Linalg/TransformOps/CMakeFiles/obj.MLIRLinalgTransformOps.dir/LinalgMatchOps.cpp.o
[2336/3560] Building CXX object tools/mlir/lib/Dialect/Linalg/Transforms/CMakeFiles/obj.MLIRLinalgTransforms.dir/DecomposeLinalgOps.cpp.o
[2337/3560] Building CXX object tools/mlir/lib/Dialect/Linalg/Transforms/CMakeFiles/obj.MLIRLinalgTransforms.dir/DataLayoutPropagation.cpp.o
[2338/3560] Building CXX object tools/mlir/lib/Dialect/Linalg/Transforms/CMakeFiles/obj.MLIRLinalgTransforms.dir/Detensorize.cpp.o
[2339/3560] Building CXX object tools/mlir/lib/Dialect/Linalg/Transforms/CMakeFiles/obj.MLIRLinalgTransforms.dir/EliminateEmptyTensors.cpp.o
[2340/3560] Building CXX object tools/mlir/lib/Dialect/Linalg/Transforms/CMakeFiles/obj.MLIRLinalgTransforms.dir/BufferizableOpInterfaceImpl.cpp.o
[2341/3560] Building CXX object tools/mlir/lib/Dialect/Linalg/Transforms/CMakeFiles/obj.MLIRLinalgTransforms.dir/ElementwiseToLinalg.cpp.o
[2342/3560] Building CXX object tools/mlir/lib/Dialect/Linalg/Transforms/CMakeFiles/obj.MLIRLinalgTransforms.dir/FoldAddIntoDest.cpp.o
[2343/3560] Building CXX object tools/mlir/lib/Dialect/GPU/TransformOps/CMakeFiles/obj.MLIRGPUTransformOps.dir/GPUTransformOps.cpp.o
[2344/3560] Building CXX object tools/mlir/lib/Dialect/Linalg/Transforms/CMakeFiles/obj.MLIRLinalgTransforms.dir/EraseUnusedOperandsAndResults.cpp.o
[2345/3560] Building CXX object tools/mlir/lib/Dialect/Linalg/Transforms/CMakeFiles/obj.MLIRLinalgTransforms.dir/FusePadOpWithLinalgProducer.cpp.o
[2346/3560] Building CXX object tools/mlir/lib/Dialect/Linalg/Transforms/CMakeFiles/obj.MLIRLinalgTransforms.dir/FoldIntoElementwise.cpp.o
[2347/3560] Building CXX object tools/mlir/lib/Dialect/Linalg/Transforms/CMakeFiles/obj.MLIRLinalgTransforms.dir/Fusion.cpp.o
[2348/3560] Building CXX object tools/mlir/lib/Dialect/Linalg/Transforms/CMakeFiles/obj.MLIRLinalgTransforms.dir/DropUnitDims.cpp.o
[2349/3560] Building CXX object tools/mlir/lib/Dialect/Linalg/Transforms/CMakeFiles/obj.MLIRLinalgTransforms.dir/Generalization.cpp.o
[2350/3560] Building CXX object tools/mlir/lib/Dialect/Linalg/Transforms/CMakeFiles/obj.MLIRLinalgTransforms.dir/Hoisting.cpp.o
[2351/3560] Building CXX object tools/mlir/lib/Dialect/Linalg/Transforms/CMakeFiles/obj.MLIRLinalgTransforms.dir/Interchange.cpp.o
[2352/3560] Building CXX object tools/mlir/lib/Dialect/Linalg/Transforms/CMakeFiles/obj.MLIRLinalgTransforms.dir/InlineScalarOperands.cpp.o
[2353/3560] Building CXX object tools/mlir/lib/Dialect/Linalg/Transforms/CMakeFiles/obj.MLIRLinalgTransforms.dir/ElementwiseOpFusion.cpp.o
[2354/3560] Building CXX object tools/mlir/lib/Dialect/Linalg/TransformOps/CMakeFiles/obj.MLIRLinalgTransformOps.dir/DialectExtension.cpp.o
[2355/3560] Building CXX object tools/mlir/lib/Dialect/Linalg/Transforms/CMakeFiles/obj.MLIRLinalgTransforms.dir/MorphOps.cpp.o
[2356/3560] Building CXX object tools/mlir/lib/Dialect/Linalg/Transforms/CMakeFiles/obj.MLIRLinalgTransforms.dir/TransposeMatmul.cpp.o
[2357/3560] Building CXX object tools/mlir/lib/Dialect/Linalg/Transforms/CMakeFiles/obj.MLIRLinalgTransforms.dir/Loops.cpp.o
[2358/3560] Building CXX object tools/mlir/lib/Dialect/Linalg/Transforms/CMakeFiles/obj.MLIRLinalgTransforms.dir/HoistPadding.cpp.o
[2359/3560] Building CXX object tools/mlir/lib/Dialect/Linalg/Transforms/CMakeFiles/obj.MLIRLinalgTransforms.dir/SimplifyDepthwiseConv.cpp.o
[2360/3560] Building CXX object tools/mlir/lib/Dialect/Linalg/Transforms/CMakeFiles/obj.MLIRLinalgTransforms.dir/PackAndUnpackPatterns.cpp.o
[2361/3560] Building CXX object tools/mlir/lib/Dialect/Linalg/Transforms/CMakeFiles/obj.MLIRLinalgTransforms.dir/NamedToElementwise.cpp.o
[2362/3560] Building CXX object tools/mlir/lib/Dialect/Linalg/Transforms/CMakeFiles/obj.MLIRLinalgTransforms.dir/BlockPackMatmul.cpp.o
[2363/3560] Building CXX object tools/mlir/lib/Dialect/Linalg/Transforms/CMakeFiles/obj.MLIRLinalgTransforms.dir/SubsetInsertionOpInterfaceImpl.cpp.o
[2364/3560] Building CXX object tools/mlir/lib/Dialect/Linalg/Transforms/CMakeFiles/obj.MLIRLinalgTransforms.dir/Padding.cpp.o
[2365/3560] Building CXX object tools/mlir/lib/Dialect/Linalg/Transforms/CMakeFiles/obj.MLIRLinalgTransforms.dir/PadTilingInterface.cpp.o
[2366/3560] Building CXX object tools/mlir/lib/Dialect/Linalg/Transforms/CMakeFiles/obj.MLIRLinalgTransforms.dir/Split.cpp.o
[2367/3560] Building CXX object tools/mlir/lib/Dialect/Linalg/Transforms/CMakeFiles/obj.MLIRLinalgTransforms.dir/SwapExtractSliceWithFillPatterns.cpp.o
[2368/3560] Building CXX object tools/mlir/lib/Dialect/Linalg/Transforms/CMakeFiles/obj.MLIRLinalgTransforms.dir/SplitReduction.cpp.o
[2369/3560] Building CXX object tools/mlir/lib/Dialect/GPU/CMakeFiles/obj.MLIRGPUDialect.dir/IR/GPUDialect.cpp.o
[2370/3560] Building CXX object tools/mlir/lib/Dialect/Linalg/Transforms/CMakeFiles/obj.MLIRLinalgTransforms.dir/Specialize.cpp.o
[2371/3560] Building CXX object tools/mlir/lib/Dialect/Linalg/Transforms/CMakeFiles/obj.MLIRLinalgTransforms.dir/Promotion.cpp.o
[2372/3560] Building CXX object tools/mlir/lib/Dialect/Linalg/Transforms/CMakeFiles/obj.MLIRLinalgTransforms.dir/ShardingInterfaceImpl.cpp.o
[2373/3560] Building CXX object tools/mlir/lib/Dialect/Linalg/Transforms/CMakeFiles/obj.MLIRLinalgTransforms.dir/Tiling.cpp.o
[2374/3560] Building CXX object tools/mlir/lib/Dialect/Linalg/Transforms/CMakeFiles/obj.MLIRLinalgTransforms.dir/TransposeConv2D.cpp.o
[2375/3560] Building CXX object tools/mlir/lib/Dialect/LLVMIR/CMakeFiles/obj.MLIRLLVMDialect.dir/IR/FunctionCallUtils.cpp.o
[2376/3560] Building CXX object tools/mlir/lib/Dialect/Linalg/Transforms/CMakeFiles/obj.MLIRLinalgTransforms.dir/DecomposeGenericByUnfoldingPermutation.cpp.o
[2377/3560] Building CXX object tools/mlir/lib/Dialect/Linalg/Transforms/CMakeFiles/obj.MLIRLinalgTransforms.dir/WinogradConv2D.cpp.o
[2378/3560] Building CXX object tools/mlir/lib/Dialect/Linalg/TransformOps/CMakeFiles/obj.MLIRLinalgTransformOps.dir/LinalgTransformOps.cpp.o
[2379/3560] Building CXX object tools/mlir/lib/Dialect/LLVMIR/CMakeFiles/obj.MLIRLLVMDialect.dir/IR/LLVMTypeSyntax.cpp.o
[2380/3560] Building CXX object tools/mlir/lib/Dialect/Linalg/Utils/CMakeFiles/obj.MLIRLinalgUtils.dir/Utils.cpp.o
[2381/3560] Building CXX object tools/mlir/lib/Dialect/LLVMIR/CMakeFiles/obj.MLIRLLVMDialect.dir/IR/LLVMInterfaces.cpp.o
[2382/3560] Building CXX object tools/mlir/lib/Dialect/LLVMIR/CMakeFiles/obj.MLIRNVVMDialect.dir/IR/NVVMRequiresSMTraits.cpp.o
[2383/3560] Building CXX object tools/mlir/lib/Dialect/LLVMIR/CMakeFiles/obj.MLIRLLVMDialect.dir/IR/LLVMMemorySlot.cpp.o
[2384/3560] Building CXX object tools/mlir/lib/Dialect/LLVMIR/CMakeFiles/obj.MLIRLLVMDialect.dir/IR/LLVMDialectBytecode.cpp.o
[2385/3560] Building CXX object tools/mlir/lib/Dialect/Linalg/Transforms/CMakeFiles/obj.MLIRLinalgTransforms.dir/Transforms.cpp.o
[2386/3560] Building CXX object tools/mlir/lib/Dialect/LLVMIR/CMakeFiles/obj.MLIRLLVMDialect.dir/IR/LLVMTypes.cpp.o
[2387/3560] Building CXX object tools/mlir/lib/Dialect/LLVMIR/CMakeFiles/obj.MLIRNVVMDialect.dir/IR/BasicPtxBuilderInterface.cpp.o
[2388/3560] Building CXX object tools/mlir/lib/Dialect/LLVMIR/Transforms/CMakeFiles/obj.MLIRLLVMIRTransforms.dir/AddComdats.cpp.o
[2389/3560] Building CXX object tools/mlir/lib/Dialect/LLVMIR/Transforms/CMakeFiles/obj.MLIRLLVMIRTransforms.dir/DIExpressionLegalization.cpp.o
[2390/3560] Building CXX object tools/mlir/lib/Dialect/Linalg/Transforms/CMakeFiles/obj.MLIRLinalgTransforms.dir/Vectorization.cpp.o
[2391/3560] Building CXX object tools/mlir/lib/Dialect/LLVMIR/CMakeFiles/obj.MLIRVCIXDialect.dir/IR/VCIXDialect.cpp.o
[2392/3560] Building CXX object tools/mlir/lib/Dialect/LLVMIR/Transforms/CMakeFiles/obj.MLIRLLVMIRTransforms.dir/DIExpressionRewriter.cpp.o
[2393/3560] Building CXX object tools/mlir/lib/Dialect/Linalg/Transforms/CMakeFiles/obj.MLIRLinalgTransforms.dir/RuntimeOpVerification.cpp.o
[2394/3560] Building CXX object tools/mlir/lib/Dialect/LLVMIR/Transforms/CMakeFiles/obj.MLIRLLVMIRTransforms.dir/DIScopeForLLVMFuncOp.cpp.o
[2395/3560] Building CXX object tools/mlir/lib/Dialect/LLVMIR/Transforms/CMakeFiles/obj.MLIRLLVMIRTransforms.dir/LegalizeForExport.cpp.o
[2396/3560] Building CXX object tools/mlir/lib/Dialect/LLVMIR/Transforms/CMakeFiles/obj.MLIRLLVMIRTransforms.dir/RequestCWrappers.cpp.o
[2397/3560] Building CXX object tools/mlir/lib/Dialect/Math/Transforms/CMakeFiles/obj.MLIRMathTransforms.dir/AlgebraicSimplification.cpp.o
[2398/3560] Building CXX object tools/mlir/lib/Dialect/Math/Transforms/CMakeFiles/obj.MLIRMathTransforms.dir/ExpandOps.cpp.o
[2399/3560] Building CXX object tools/mlir/lib/Dialect/Math/Transforms/CMakeFiles/obj.MLIRMathTransforms.dir/SincosFusion.cpp.o
[2400/3560] Building CXX object tools/mlir/lib/Dialect/Math/Transforms/CMakeFiles/obj.MLIRMathTransforms.dir/ExtendToSupportedTypes.cpp.o
[2401/3560] Building CXX object tools/mlir/lib/Dialect/Math/Transforms/CMakeFiles/obj.MLIRMathTransforms.dir/UpliftToFMA.cpp.o
[2402/3560] Building CXX object tools/mlir/lib/Dialect/LLVMIR/Transforms/CMakeFiles/obj.MLIRLLVMIRTransforms.dir/OptimizeForNVVM.cpp.o
[2403/3560] Building CXX object tools/mlir/lib/Dialect/LLVMIR/Transforms/CMakeFiles/obj.MLIRLLVMIRTransforms.dir/InlinerInterfaceImpl.cpp.o
[2404/3560] Building CXX object tools/mlir/lib/Dialect/Linalg/IR/CMakeFiles/obj.MLIRLinalgDialect.dir/LinalgOps.cpp.o
[2405/3560] Building CXX object tools/mlir/lib/Dialect/MemRef/IR/CMakeFiles/obj.MLIRMemRefDialect.dir/MemRefMemorySlot.cpp.o
[2406/3560] Building CXX object tools/mlir/lib/Dialect/Linalg/IR/CMakeFiles/obj.MLIRLinalgDialect.dir/LinalgDialect.cpp.o
[2407/3560] Building CXX object tools/mlir/lib/Dialect/MemRef/IR/CMakeFiles/obj.MLIRMemRefDialect.dir/ValueBoundsOpInterfaceImpl.cpp.o
[2408/3560] Building CXX object tools/mlir/lib/Dialect/MemRef/Transforms/CMakeFiles/obj.MLIRMemRefTransforms.dir/BufferViewFlowOpInterfaceImpl.cpp.o
[2409/3560] Building CXX object tools/mlir/lib/Dialect/Math/IR/CMakeFiles/obj.MLIRMathDialect.dir/MathDialect.cpp.o
[2410/3560] Building CXX object tools/mlir/lib/Dialect/MemRef/Transforms/CMakeFiles/obj.MLIRMemRefTransforms.dir/AllocationOpInterfaceImpl.cpp.o
[2411/3560] Building CXX object tools/mlir/lib/Dialect/LLVMIR/CMakeFiles/obj.MLIRXeVMDialect.dir/IR/XeVMDialect.cpp.o
[2412/3560] Building CXX object tools/mlir/lib/Dialect/MemRef/Transforms/CMakeFiles/obj.MLIRMemRefTransforms.dir/ComposeSubView.cpp.o
[2413/3560] Building CXX object tools/mlir/lib/Dialect/LLVMIR/CMakeFiles/obj.MLIRLLVMDialect.dir/IR/LLVMAttrs.cpp.o
[2414/3560] Building CXX object tools/mlir/lib/Dialect/MemRef/Transforms/CMakeFiles/obj.MLIRMemRefTransforms.dir/ExpandOps.cpp.o
[2415/3560] Building CXX object tools/mlir/lib/Dialect/Math/IR/CMakeFiles/obj.MLIRMathDialect.dir/MathOps.cpp.o
[2416/3560] Building CXX object tools/mlir/lib/Dialect/Math/Transforms/CMakeFiles/obj.MLIRMathTransforms.dir/PolynomialApproximation.cpp.o
[2417/3560] Building CXX object tools/mlir/lib/Dialect/MemRef/Transforms/CMakeFiles/obj.MLIRMemRefTransforms.dir/ExpandRealloc.cpp.o
[2418/3560] Building CXX object tools/mlir/lib/Dialect/MemRef/IR/CMakeFiles/obj.MLIRMemRefDialect.dir/MemRefDialect.cpp.o
[2419/3560] Building CXX object tools/mlir/lib/Dialect/MemRef/Transforms/CMakeFiles/obj.MLIRMemRefTransforms.dir/ExpandStridedMetadata.cpp.o
[2420/3560] Building CXX object tools/mlir/lib/Dialect/MemRef/Transforms/CMakeFiles/obj.MLIRMemRefTransforms.dir/ExtractAddressComputations.cpp.o
[2421/3560] Building CXX object tools/mlir/lib/Dialect/MemRef/Transforms/CMakeFiles/obj.MLIRMemRefTransforms.dir/EmulateWideInt.cpp.o
[2422/3560] Building CXX object tools/mlir/lib/Dialect/MemRef/Transforms/CMakeFiles/obj.MLIRMemRefTransforms.dir/EmulateNarrowType.cpp.o
[2423/3560] Building CXX object tools/mlir/lib/Dialect/MemRef/Transforms/CMakeFiles/obj.MLIRMemRefTransforms.dir/IndependenceTransforms.cpp.o
[2424/3560] Building CXX object tools/mlir/lib/Dialect/MemRef/Transforms/CMakeFiles/obj.MLIRMemRefTransforms.dir/MultiBuffer.cpp.o
[2425/3560] Building CXX object tools/mlir/lib/Dialect/MemRef/TransformOps/CMakeFiles/obj.MLIRMemRefTransformOps.dir/MemRefTransformOps.cpp.o
[2426/3560] Building CXX object tools/mlir/lib/Dialect/MemRef/Transforms/CMakeFiles/obj.MLIRMemRefTransforms.dir/NormalizeMemRefs.cpp.o
[2427/3560] Building CXX object tools/mlir/lib/Dialect/MemRef/Transforms/CMakeFiles/obj.MLIRMemRefTransforms.dir/ReifyResultShapes.cpp.o
[2428/3560] Building CXX object tools/mlir/lib/Dialect/MemRef/Transforms/CMakeFiles/obj.MLIRMemRefTransforms.dir/FlattenMemRefs.cpp.o
[2429/3560] Building CXX object tools/mlir/lib/Dialect/MemRef/Transforms/CMakeFiles/obj.MLIRMemRefTransforms.dir/ResolveShapedTypeResultDims.cpp.o
[2430/3560] Building CXX object tools/mlir/lib/Dialect/MemRef/Utils/CMakeFiles/obj.MLIRMemRefUtils.dir/MemRefUtils.cpp.o
[2431/3560] Building CXX object tools/mlir/lib/Dialect/Shard/Interfaces/CMakeFiles/obj.MLIRShardingInterface.dir/ShardingInterface.cpp.o
[2432/3560] Building CXX object tools/mlir/lib/Dialect/MemRef/Transforms/CMakeFiles/obj.MLIRMemRefTransforms.dir/RuntimeOpVerification.cpp.o
[2433/3560] Building CXX object tools/mlir/lib/Dialect/Shard/Transforms/CMakeFiles/obj.MLIRShardTransforms.dir/ShardingPropagation.cpp.o
[2434/3560] Building CXX object tools/mlir/lib/Dialect/Shard/Transforms/CMakeFiles/obj.MLIRShardTransforms.dir/Simplifications.cpp.o
[2435/3560] Building CXX object tools/mlir/lib/Dialect/Shard/Transforms/CMakeFiles/obj.MLIRShardTransforms.dir/Transforms.cpp.o
[2436/3560] Building CXX object tools/mlir/lib/Dialect/Shard/Transforms/CMakeFiles/obj.MLIRShardTransforms.dir/Partition.cpp.o
[2437/3560] Building CXX object tools/mlir/lib/Dialect/MLProgram/Transforms/CMakeFiles/obj.MLIRMLProgramTransforms.dir/PipelineGlobalOps.cpp.o
[2438/3560] Building CXX object tools/mlir/lib/Dialect/MLProgram/Transforms/CMakeFiles/obj.MLIRMLProgramTransforms.dir/BufferizableOpInterfaceImpl.cpp.o
[2439/3560] Building CXX object tools/mlir/lib/Dialect/MemRef/Transforms/CMakeFiles/obj.MLIRMemRefTransforms.dir/FoldMemRefAliasOps.cpp.o
[2440/3560] Building CXX object tools/mlir/lib/Dialect/MLProgram/IR/CMakeFiles/obj.MLIRMLProgramDialect.dir/MLProgramDialect.cpp.o
[2441/3560] Building CXX object tools/mlir/lib/Dialect/MPI/IR/CMakeFiles/obj.MLIRMPIDialect.dir/MPI.cpp.o
[2442/3560] Building CXX object tools/mlir/lib/Dialect/MLProgram/IR/CMakeFiles/obj.MLIRMLProgramDialect.dir/MLProgramOps.cpp.o
[2443/3560] Building CXX object tools/mlir/lib/Dialect/MemRef/IR/CMakeFiles/obj.MLIRMemRefDialect.dir/MemRefOps.cpp.o
[2444/3560] Building CXX object tools/mlir/lib/Dialect/NVGPU/Transforms/CMakeFiles/obj.MLIRNVGPUTransforms.dir/CreateAsyncGroups.cpp.o
[2445/3560] Building CXX object tools/mlir/lib/Dialect/MPI/IR/CMakeFiles/obj.MLIRMPIDialect.dir/MPIOps.cpp.o
[2446/3560] Building CXX object tools/mlir/lib/Dialect/OpenACC/Analysis/CMakeFiles/obj.MLIROpenACCAnalysis.dir/OpenACCSupport.cpp.o
[2447/3560] Building CXX object tools/mlir/lib/Dialect/NVGPU/Transforms/CMakeFiles/obj.MLIRNVGPUTransforms.dir/MmaSyncTF32Transform.cpp.o
[2448/3560] Building CXX object tools/mlir/lib/Dialect/NVGPU/Transforms/CMakeFiles/obj.MLIRNVGPUTransforms.dir/OptimizeSharedMemory.cpp.o
[2449/3560] Building CXX object tools/mlir/lib/Dialect/NVGPU/Transforms/CMakeFiles/obj.MLIRNVGPUTransforms.dir/Utils.cpp.o
[2450/3560] Building CXX object tools/mlir/lib/Dialect/OpenACC/Utils/CMakeFiles/obj.MLIROpenACCUtils.dir/OpenACCUtils.cpp.o
[2451/3560] Building CXX object tools/mlir/lib/Dialect/PDL/IR/CMakeFiles/obj.MLIRPDLDialect.dir/PDLTypes.cpp.o
[2452/3560] Building CXX object tools/mlir/lib/Dialect/OpenACC/Transforms/CMakeFiles/obj.MLIROpenACCTransforms.dir/ACCImplicitDeclare.cpp.o
[2453/3560] Building CXX object tools/mlir/lib/Dialect/OpenACC/Transforms/CMakeFiles/obj.MLIROpenACCTransforms.dir/ACCLegalizeSerial.cpp.o
[2454/3560] Building CXX object tools/mlir/lib/Dialect/OpenACC/Transforms/CMakeFiles/obj.MLIROpenACCTransforms.dir/ACCImplicitRoutine.cpp.o
[2455/3560] Building CXX object tools/mlir/lib/Dialect/OpenACC/Transforms/CMakeFiles/obj.MLIROpenACCTransforms.dir/LegalizeDataValues.cpp.o
[2456/3560] Building CXX object tools/mlir/lib/Dialect/NVGPU/Utils/CMakeFiles/obj.MLIRNVGPUUtils.dir/MMAUtils.cpp.o
[2457/3560] Building CXX object tools/mlir/lib/Dialect/OpenACC/Transforms/CMakeFiles/obj.MLIROpenACCTransforms.dir/ACCImplicitData.cpp.o
[2458/3560] Building CXX object tools/mlir/lib/Dialect/Ptr/IR/CMakeFiles/obj.MLIRPtrMemorySpaceInterfaces.dir/MemorySpaceInterfaces.cpp.o
[2459/3560] Linking CXX static library lib/libMLIRPtrMemorySpaceInterfaces.a
[2460/3560] Building CXX object tools/mlir/lib/Dialect/Ptr/IR/CMakeFiles/obj.MLIRPtrDialect.dir/PtrAttrs.cpp.o
[2461/3560] Building CXX object tools/mlir/lib/Dialect/Ptr/IR/CMakeFiles/obj.MLIRPtrDialect.dir/PtrTypes.cpp.o
[2462/3560] Building CXX object tools/mlir/lib/Dialect/Quant/IR/CMakeFiles/obj.MLIRQuantDialect.dir/QuantDialectBytecode.cpp.o
[2463/3560] Building CXX object tools/mlir/lib/Dialect/Shard/IR/CMakeFiles/obj.MLIRShardDialect.dir/ShardOps.cpp.o
[2464/3560] Building CXX object tools/mlir/lib/Dialect/OpenMP/Transforms/CMakeFiles/obj.MLIROpenMPTransforms.dir/OpenMPOffloadPrivatizationPrepare.cpp.o
[2465/3560] Building CXX object tools/mlir/lib/Dialect/Quant/IR/CMakeFiles/obj.MLIRQuantDialect.dir/QuantTypes.cpp.o
[2466/3560] Building CXX object tools/mlir/lib/Dialect/Quant/IR/CMakeFiles/obj.MLIRQuantDialect.dir/TypeParser.cpp.o
[2467/3560] Building CXX object tools/mlir/lib/Dialect/Quant/Utils/CMakeFiles/obj.MLIRQuantUtils.dir/UniformSupport.cpp.o
[2468/3560] Building CXX object tools/mlir/lib/Dialect/Quant/Utils/CMakeFiles/obj.MLIRQuantUtils.dir/FakeQuantSupport.cpp.o
[2469/3560] Building CXX object tools/mlir/lib/Dialect/Quant/IR/CMakeFiles/obj.MLIRQuantDialect.dir/QuantOps.cpp.o
[2470/3560] Building CXX object tools/mlir/lib/Dialect/NVGPU/IR/CMakeFiles/obj.MLIRNVGPUDialect.dir/NVGPUDialect.cpp.o
[2471/3560] Linking CXX static library lib/libMLIRQuantDialect.a
[2472/3560] Linking CXX static library lib/libMLIRQuantUtils.a
[2473/3560] Building CXX object tools/mlir/lib/Dialect/PDL/IR/CMakeFiles/obj.MLIRPDLDialect.dir/PDL.cpp.o
[2474/3560] Linking CXX static library lib/libMLIRPDLDialect.a
[2475/3560] Building CXX object tools/mlir/lib/Dialect/Quant/Transforms/CMakeFiles/obj.MLIRQuantTransforms.dir/NormalizeQuantTypes.cpp.o
[2476/3560] Building CXX object tools/mlir/lib/Dialect/SCF/IR/CMakeFiles/obj.MLIRSCFDialect.dir/DeviceMappingInterface.cpp.o
[2477/3560] Building CXX object tools/mlir/lib/Dialect/Quant/Transforms/CMakeFiles/obj.MLIRQuantTransforms.dir/StripFuncQuantTypes.cpp.o
[2478/3560] Building CXX object tools/mlir/lib/Dialect/SCF/IR/CMakeFiles/obj.MLIRSCFDialect.dir/ValueBoundsOpInterfaceImpl.cpp.o
[2479/3560] Building CXX object tools/mlir/lib/Dialect/SCF/Transforms/CMakeFiles/obj.MLIRSCFTransforms.dir/BufferDeallocationOpInterfaceImpl.cpp.o
[2480/3560] Building CXX object tools/mlir/lib/Dialect/Quant/Transforms/CMakeFiles/obj.MLIRQuantTransforms.dir/LowerQuantOps.cpp.o
[2481/3560] Building CXX object tools/mlir/lib/Dialect/SCF/Transforms/CMakeFiles/obj.MLIRSCFTransforms.dir/ForallToFor.cpp.o
[2482/3560] Building CXX object tools/mlir/lib/Dialect/SCF/Transforms/CMakeFiles/obj.MLIRSCFTransforms.dir/ForallToParallel.cpp.o
[2483/3560] Building CXX object tools/mlir/lib/Dialect/NVGPU/TransformOps/CMakeFiles/obj.MLIRNVGPUTransformOps.dir/NVGPUTransformOps.cpp.o
[2484/3560] Building CXX object tools/mlir/lib/Dialect/SCF/Transforms/CMakeFiles/obj.MLIRSCFTransforms.dir/ForToWhile.cpp.o
[2485/3560] Building CXX object tools/mlir/lib/Dialect/Ptr/IR/CMakeFiles/obj.MLIRPtrDialect.dir/PtrDialect.cpp.o
[2486/3560] Linking CXX static library lib/libMLIRPtrDialect.a
[2487/3560] Building CXX object tools/mlir/lib/Dialect/SCF/Transforms/CMakeFiles/obj.MLIRSCFTransforms.dir/LoopRangeFolding.cpp.o
[2488/3560] Building CXX object tools/mlir/lib/Dialect/SCF/Transforms/CMakeFiles/obj.MLIRSCFTransforms.dir/BufferizableOpInterfaceImpl.cpp.o
[2489/3560] Building CXX object tools/mlir/lib/Dialect/SCF/Transforms/CMakeFiles/obj.MLIRSCFTransforms.dir/ParallelForToNestedFors.cpp.o
[2490/3560] Building CXX object tools/mlir/lib/Dialect/SCF/Transforms/CMakeFiles/obj.MLIRSCFTransforms.dir/ParallelLoopCollapsing.cpp.o
[2491/3560] Building CXX object tools/mlir/lib/Dialect/SCF/Transforms/CMakeFiles/obj.MLIRSCFTransforms.dir/LoopCanonicalization.cpp.o
[2492/3560] Building CXX object tools/mlir/lib/Dialect/SCF/Transforms/CMakeFiles/obj.MLIRSCFTransforms.dir/LoopPipelining.cpp.o
[2493/3560] Building CXX object tools/mlir/lib/Dialect/SCF/Transforms/CMakeFiles/obj.MLIRSCFTransforms.dir/LoopSpecialization.cpp.o
[2494/3560] Building CXX object tools/mlir/lib/Dialect/SCF/Transforms/CMakeFiles/obj.MLIRSCFTransforms.dir/RotateWhileLoop.cpp.o
[2495/3560] Building CXX object tools/mlir/lib/Dialect/SCF/Transforms/CMakeFiles/obj.MLIRSCFTransforms.dir/ParallelLoopFusion.cpp.o
[2496/3560] Building CXX object tools/mlir/lib/Dialect/PDLInterp/IR/CMakeFiles/obj.MLIRPDLInterpDialect.dir/PDLInterp.cpp.o
[2497/3560] Linking CXX static library lib/libMLIRPDLInterpDialect.a
[2498/3560] Building CXX object tools/mlir/lib/Dialect/SCF/Transforms/CMakeFiles/obj.MLIRSCFTransforms.dir/ParallelLoopTiling.cpp.o
[2499/3560] Building CXX object tools/mlir/lib/Dialect/SCF/Transforms/CMakeFiles/obj.MLIRSCFTransforms.dir/StructuralTypeConversions.cpp.o
[2500/3560] Building CXX object tools/mlir/lib/Dialect/SCF/Transforms/CMakeFiles/obj.MLIRSCFTransforms.dir/WrapInZeroTripCheck.cpp.o
[2501/3560] Building CXX object tools/mlir/lib/Dialect/SCF/Utils/CMakeFiles/obj.MLIRSCFUtils.dir/AffineCanonicalizationUtils.cpp.o
[2502/3560] Building CXX object tools/mlir/lib/Dialect/SCF/Transforms/CMakeFiles/obj.MLIRSCFTransforms.dir/UpliftWhileToFor.cpp.o
[2503/3560] Building CXX object tools/mlir/lib/Dialect/SCF/TransformOps/CMakeFiles/obj.MLIRSCFTransformOps.dir/SCFTransformOps.cpp.o
[2504/3560] Building CXX object tools/mlir/lib/Dialect/Shape/Transforms/CMakeFiles/obj.MLIRShapeOpsTransforms.dir/BufferizableOpInterfaceImpl.cpp.o
[2505/3560] Building CXX object tools/mlir/lib/Dialect/SMT/IR/CMakeFiles/obj.MLIRSMT.dir/SMTAttributes.cpp.o
[2506/3560] Building CXX object tools/mlir/lib/Dialect/Shape/Transforms/CMakeFiles/obj.MLIRShapeOpsTransforms.dir/RemoveShapeConstraints.cpp.o
[2507/3560] Building CXX object tools/mlir/lib/Dialect/Shape/Transforms/CMakeFiles/obj.MLIRShapeOpsTransforms.dir/ShapeToShapeLowering.cpp.o
[2508/3560] Building CXX object tools/mlir/lib/Dialect/SCF/Utils/CMakeFiles/obj.MLIRSCFUtils.dir/Utils.cpp.o
[2509/3560] Building CXX object tools/mlir/lib/Dialect/SMT/IR/CMakeFiles/obj.MLIRSMT.dir/SMTTypes.cpp.o
[2510/3560] Building CXX object tools/mlir/lib/Dialect/SparseTensor/IR/CMakeFiles/obj.MLIRSparseTensorDialect.dir/Detail/Var.cpp.o
[2511/3560] Building CXX object tools/mlir/lib/Dialect/SparseTensor/IR/CMakeFiles/obj.MLIRSparseTensorDialect.dir/SparseTensorInterfaces.cpp.o
[2512/3560] Building CXX object tools/mlir/lib/Dialect/SCF/Transforms/CMakeFiles/obj.MLIRSCFTransforms.dir/TileUsingInterface.cpp.o
[2513/3560] Building CXX object tools/mlir/lib/Dialect/Shape/Transforms/CMakeFiles/obj.MLIRShapeOpsTransforms.dir/OutlineShapeComputation.cpp.o
[2514/3560] Building CXX object tools/mlir/lib/Dialect/SparseTensor/IR/CMakeFiles/obj.MLIRSparseTensorDialect.dir/Detail/DimLvlMap.cpp.o
[2515/3560] Building CXX object tools/mlir/lib/Dialect/SparseTensor/IR/CMakeFiles/obj.MLIRSparseTensorDialect.dir/Detail/LvlTypeParser.cpp.o
[2516/3560] Building CXX object tools/mlir/lib/Dialect/SparseTensor/IR/CMakeFiles/obj.MLIRSparseTensorDialect.dir/Detail/DimLvlMapParser.cpp.o
[2517/3560] Building CXX object tools/mlir/lib/Dialect/SCF/IR/CMakeFiles/obj.MLIRSCFDialect.dir/SCF.cpp.o
[2518/3560] Building CXX object tools/mlir/lib/Dialect/SparseTensor/Transforms/CMakeFiles/obj.MLIRSparseTensorTransforms.dir/BufferizableOpInterfaceImpl.cpp.o
[2519/3560] Building CXX object tools/mlir/lib/Dialect/SparseTensor/TransformOps/CMakeFiles/obj.MLIRSparseTensorTransformOps.dir/SparseTensorTransformOps.cpp.o
[2520/3560] Building CXX object tools/mlir/lib/Dialect/SMT/IR/CMakeFiles/obj.MLIRSMT.dir/SMTDialect.cpp.o
[2521/3560] Building CXX object tools/mlir/lib/Dialect/SparseTensor/Transforms/CMakeFiles/obj.MLIRSparseTensorTransforms.dir/SparseAssembler.cpp.o
[2522/3560] Building CXX object tools/mlir/lib/Dialect/SparseTensor/Transforms/CMakeFiles/obj.MLIRSparseTensorTransforms.dir/SparseSpaceCollapse.cpp.o
[2523/3560] Building CXX object tools/mlir/lib/Dialect/SMT/IR/CMakeFiles/obj.MLIRSMT.dir/SMTOps.cpp.o
[2524/3560] Linking CXX static library lib/libMLIRSMT.a
[2525/3560] Building CXX object tools/mlir/lib/Dialect/SparseTensor/Transforms/CMakeFiles/obj.MLIRSparseTensorTransforms.dir/SparseBufferRewriting.cpp.o
[2526/3560] Building CXX object tools/mlir/lib/Dialect/SparseTensor/Transforms/CMakeFiles/obj.MLIRSparseTensorTransforms.dir/SparseStorageSpecifierToLLVM.cpp.o
[2527/3560] Building CXX object tools/mlir/lib/Dialect/SparseTensor/Transforms/CMakeFiles/obj.MLIRSparseTensorTransforms.dir/SparseIterationToScf.cpp.o
[2528/3560] Building CXX object tools/mlir/lib/Dialect/SparseTensor/Transforms/CMakeFiles/obj.MLIRSparseTensorTransforms.dir/SparseGPUCodegen.cpp.o
[2529/3560] Building CXX object tools/mlir/lib/Dialect/SparseTensor/Transforms/CMakeFiles/obj.MLIRSparseTensorTransforms.dir/SparseReinterpretMap.cpp.o
[2530/3560] Building CXX object tools/mlir/lib/Dialect/SparseTensor/Transforms/CMakeFiles/obj.MLIRSparseTensorTransforms.dir/StageSparseOperations.cpp.o
[2531/3560] Building CXX object tools/mlir/lib/Dialect/SparseTensor/Pipelines/CMakeFiles/obj.MLIRSparseTensorPipelines.dir/SparseTensorPipelines.cpp.o
[2532/3560] Building CXX object tools/mlir/lib/Dialect/Shape/IR/CMakeFiles/obj.MLIRShapeDialect.dir/Shape.cpp.o
[2533/3560] Building CXX object tools/mlir/lib/Dialect/Linalg/Transforms/CMakeFiles/obj.MLIRLinalgTransforms.dir/TilingInterfaceImpl.cpp.o
[2534/3560] Building CXX object tools/mlir/lib/Dialect/SparseTensor/Transforms/CMakeFiles/obj.MLIRSparseTensorTransforms.dir/SparseTensorConversion.cpp.o
[2535/3560] Building CXX object tools/mlir/lib/Dialect/SparseTensor/Transforms/CMakeFiles/obj.MLIRSparseTensorTransforms.dir/SparseTensorCodegen.cpp.o
[2536/3560] Building CXX object tools/mlir/lib/Dialect/OpenMP/CMakeFiles/obj.MLIROpenMPDialect.dir/IR/OpenMPDialect.cpp.o
[2537/3560] Building CXX object tools/mlir/lib/Dialect/SparseTensor/Transforms/CMakeFiles/obj.MLIRSparseTensorTransforms.dir/SparseVectorization.cpp.o
[2538/3560] Building CXX object tools/mlir/lib/Dialect/SparseTensor/Transforms/CMakeFiles/obj.MLIRSparseTensorTransforms.dir/Sparsification.cpp.o
[2539/3560] Building CXX object tools/mlir/lib/Dialect/SparseTensor/Transforms/CMakeFiles/obj.MLIRSparseTensorTransforms.dir/SparseTensorPasses.cpp.o
[2540/3560] Building CXX object tools/mlir/lib/Dialect/SparseTensor/Transforms/CMakeFiles/obj.MLIRSparseTensorTransforms.dir/Utils/IterationGraphSorter.cpp.o
[2541/3560] Building CXX object tools/mlir/lib/Dialect/SparseTensor/Transforms/CMakeFiles/obj.MLIRSparseTensorTransforms.dir/Utils/CodegenEnv.cpp.o
[2542/3560] Building CXX object tools/mlir/lib/Dialect/SparseTensor/Transforms/CMakeFiles/obj.MLIRSparseTensorTransforms.dir/SparseTensorRewriting.cpp.o
[2543/3560] Building CXX object tools/mlir/lib/Dialect/SparseTensor/IR/CMakeFiles/obj.MLIRSparseTensorDialect.dir/SparseTensorDialect.cpp.o
[2544/3560] Building CXX object tools/mlir/lib/Dialect/SparseTensor/Transforms/CMakeFiles/obj.MLIRSparseTensorTransforms.dir/SparsificationAndBufferizationPass.cpp.o
[2545/3560] Building CXX object tools/mlir/lib/Dialect/SparseTensor/Transforms/CMakeFiles/obj.MLIRSparseTensorTransforms.dir/Utils/CodegenUtils.cpp.o
[2546/3560] Building CXX object tools/mlir/lib/Dialect/SparseTensor/Transforms/CMakeFiles/obj.MLIRSparseTensorTransforms.dir/Utils/SparseTensorDescriptor.cpp.o
[2547/3560] Building CXX object tools/mlir/lib/Dialect/OpenACC/IR/CMakeFiles/obj.MLIROpenACCDialect.dir/OpenACC.cpp.o
[2548/3560] Building CXX object tools/mlir/lib/Dialect/SPIRV/IR/CMakeFiles/obj.MLIRSPIRVDialect.dir/CastOps.cpp.o
[2549/3560] Building CXX object tools/mlir/lib/Dialect/SPIRV/IR/CMakeFiles/obj.MLIRSPIRVDialect.dir/AtomicOps.cpp.o
[2550/3560] Building CXX object tools/mlir/lib/Dialect/SPIRV/IR/CMakeFiles/obj.MLIRSPIRVDialect.dir/ArmGraphOps.cpp.o
[2551/3560] Building CXX object tools/mlir/lib/Dialect/SparseTensor/Utils/CMakeFiles/obj.MLIRSparseTensorUtils.dir/Merger.cpp.o
[2552/3560] Building CXX object tools/mlir/lib/Dialect/SPIRV/IR/CMakeFiles/obj.MLIRSPIRVDialect.dir/CooperativeMatrixOps.cpp.o
[2553/3560] Building CXX object tools/mlir/lib/Dialect/SPIRV/IR/CMakeFiles/obj.MLIRSPIRVDialect.dir/ControlFlowOps.cpp.o
[2554/3560] Building CXX object tools/mlir/lib/Dialect/SPIRV/IR/CMakeFiles/obj.MLIRSPIRVDialect.dir/DotProductOps.cpp.o
[2555/3560] Building CXX object tools/mlir/lib/Dialect/SPIRV/IR/CMakeFiles/obj.MLIRSPIRVDialect.dir/ImageOps.cpp.o
[2556/3560] Building CXX object tools/mlir/lib/Dialect/SPIRV/IR/CMakeFiles/obj.MLIRSPIRVDialect.dir/GroupOps.cpp.o
[2557/3560] Building CXX object tools/mlir/lib/Dialect/SparseTensor/Transforms/CMakeFiles/obj.MLIRSparseTensorTransforms.dir/Utils/SparseTensorIterator.cpp.o
[2558/3560] Building CXX object tools/mlir/lib/Dialect/SparseTensor/Transforms/CMakeFiles/obj.MLIRSparseTensorTransforms.dir/Utils/LoopEmitter.cpp.o
[2559/3560] Building CXX object tools/mlir/lib/Dialect/SPIRV/IR/CMakeFiles/obj.MLIRSPIRVDialect.dir/MemoryOps.cpp.o
[2560/3560] Building CXX object tools/mlir/lib/Dialect/SPIRV/IR/CMakeFiles/obj.MLIRSPIRVDialect.dir/MeshOps.cpp.o
[2561/3560] Building CXX object tools/mlir/lib/Dialect/SPIRV/IR/CMakeFiles/obj.MLIRSPIRVDialect.dir/SPIRVParsingUtils.cpp.o
[2562/3560] Building CXX object tools/mlir/lib/Dialect/LLVMIR/CMakeFiles/obj.MLIRNVVMDialect.dir/IR/NVVMDialect.cpp.o
[2563/3560] Building CXX object tools/mlir/lib/Dialect/SPIRV/IR/CMakeFiles/obj.MLIRSPIRVDialect.dir/TargetAndABI.cpp.o
[2564/3560] Building CXX object tools/mlir/lib/Dialect/SPIRV/IR/CMakeFiles/obj.MLIRSPIRVDialect.dir/SPIRVEnums.cpp.o
[2565/3560] Building CXX object tools/mlir/lib/Dialect/SPIRV/Transforms/CMakeFiles/obj.MLIRSPIRVTransforms.dir/CanonicalizeGLPass.cpp.o
[2566/3560] Building CXX object tools/mlir/lib/Dialect/SPIRV/IR/CMakeFiles/obj.MLIRSPIRVDialect.dir/SPIRVTypes.cpp.o
[2567/3560] Building CXX object tools/mlir/lib/Dialect/SPIRV/IR/CMakeFiles/obj.MLIRSPIRVDialect.dir/SPIRVGLCanonicalization.cpp.o
[2568/3560] Building CXX object tools/mlir/lib/Dialect/SPIRV/Linking/ModuleCombiner/CMakeFiles/obj.MLIRSPIRVModuleCombiner.dir/ModuleCombiner.cpp.o
[2569/3560] Building CXX object tools/mlir/lib/Dialect/SPIRV/IR/CMakeFiles/obj.MLIRSPIRVDialect.dir/SPIRVOpAvailability.cpp.o
[2570/3560] Building CXX object tools/mlir/lib/Dialect/Tensor/Extensions/CMakeFiles/obj.MLIRTensorAllExtensions.dir/AllExtensions.cpp.o
[2571/3560] Building CXX object tools/mlir/lib/Dialect/SPIRV/Utils/CMakeFiles/obj.MLIRSPIRVUtils.dir/LayoutUtils.cpp.o
[2572/3560] Building CXX object tools/mlir/lib/Dialect/SPIRV/IR/CMakeFiles/obj.MLIRSPIRVDialect.dir/SPIRVOps.cpp.o
[2573/3560] Building CXX object tools/mlir/lib/Dialect/SPIRV/Transforms/CMakeFiles/obj.MLIRSPIRVTransforms.dir/ConvertToReplicatedConstantCompositePass.cpp.o
[2574/3560] Building CXX object tools/mlir/lib/Dialect/SPIRV/Transforms/CMakeFiles/obj.MLIRSPIRVTransforms.dir/RewriteInsertsPass.cpp.o
[2575/3560] Building CXX object tools/mlir/lib/Dialect/SPIRV/Transforms/CMakeFiles/obj.MLIRSPIRVTransforms.dir/DecorateCompositeTypeLayoutPass.cpp.o
[2576/3560] Building CXX object tools/mlir/lib/Dialect/SPIRV/IR/CMakeFiles/obj.MLIRSPIRVDialect.dir/SPIRVCanonicalization.cpp.o
[2577/3560] Building CXX object tools/mlir/lib/Dialect/SPIRV/Transforms/CMakeFiles/obj.MLIRSPIRVTransforms.dir/SPIRVWebGPUTransforms.cpp.o
[2578/3560] Building CXX object tools/mlir/lib/Dialect/Tensor/Extensions/CMakeFiles/obj.MLIRTensorShardingExtensions.dir/ShardingExtensions.cpp.o
[2579/3560] Building CXX object tools/mlir/lib/Dialect/SPIRV/Transforms/CMakeFiles/obj.MLIRSPIRVTransforms.dir/UpdateVCEPass.cpp.o
[2580/3560] Building CXX object tools/mlir/lib/Dialect/Tensor/IR/CMakeFiles/obj.MLIRTensorDialect.dir/ValueBoundsOpInterfaceImpl.cpp.o
[2581/3560] Building CXX object tools/mlir/lib/Dialect/SPIRV/Transforms/CMakeFiles/obj.MLIRSPIRVTransforms.dir/LowerABIAttributesPass.cpp.o
[2582/3560] Building CXX object tools/mlir/lib/Dialect/SPIRV/Transforms/CMakeFiles/obj.MLIRSPIRVTransforms.dir/UnifyAliasedResourcePass.cpp.o
[2583/3560] Building CXX object tools/mlir/lib/Dialect/SPIRV/Transforms/CMakeFiles/obj.MLIRSPIRVConversion.dir/SPIRVConversion.cpp.o
[2584/3560] Building CXX object tools/mlir/lib/Dialect/Tensor/IR/CMakeFiles/obj.MLIRTensorInferTypeOpInterfaceImpl.dir/TensorInferTypeOpInterfaceImpl.cpp.o
[2585/3560] Building CXX object tools/mlir/lib/Dialect/Tensor/Transforms/CMakeFiles/obj.MLIRTensorTransforms.dir/ConcatOpPatterns.cpp.o
[2586/3560] Building CXX object tools/mlir/lib/Dialect/Tensor/Transforms/CMakeFiles/obj.MLIRTensorTransforms.dir/EmptyOpPatterns.cpp.o
[2587/3560] Building CXX object tools/mlir/lib/Dialect/SPIRV/IR/CMakeFiles/obj.MLIRSPIRVDialect.dir/SPIRVAttributes.cpp.o
[2588/3560] Building CXX object tools/mlir/lib/Dialect/Tensor/IR/CMakeFiles/obj.MLIRTensorTilingInterfaceImpl.dir/TensorTilingInterfaceImpl.cpp.o
[2589/3560] Building CXX object tools/mlir/lib/Dialect/Tensor/Transforms/CMakeFiles/obj.MLIRTensorTransforms.dir/ExtractSliceFromReshapeUtils.cpp.o
[2590/3560] Building CXX object tools/mlir/lib/Dialect/Tensor/Transforms/CMakeFiles/obj.MLIRTensorTransforms.dir/IndependenceTransforms.cpp.o
[2591/3560] Building CXX object tools/mlir/lib/Dialect/Tensor/IR/CMakeFiles/obj.MLIRTensorDialect.dir/TensorDialect.cpp.o
[2592/3560] Building CXX object tools/mlir/lib/Dialect/Tensor/Transforms/CMakeFiles/obj.MLIRTensorTransforms.dir/MergeConsecutiveInsertExtractSlicePatterns.cpp.o
[2593/3560] Building CXX object tools/mlir/lib/Dialect/Tensor/Transforms/CMakeFiles/obj.MLIRTensorTransforms.dir/RewriteAsConstant.cpp.o
[2594/3560] Building CXX object tools/mlir/lib/Dialect/Tensor/Transforms/CMakeFiles/obj.MLIRTensorTransforms.dir/SwapExtractSliceWithProducerPatterns.cpp.o
[2595/3560] Building CXX object tools/mlir/lib/Dialect/Tensor/Transforms/CMakeFiles/obj.MLIRTensorTransforms.dir/SubsetInsertionOpInterfaceImpl.cpp.o
[2596/3560] Building CXX object tools/mlir/lib/Dialect/Tensor/Transforms/CMakeFiles/obj.MLIRTensorTransforms.dir/BufferizableOpInterfaceImpl.cpp.o
[2597/3560] Building CXX object tools/mlir/lib/Dialect/Tensor/Transforms/CMakeFiles/obj.MLIRTensorTransforms.dir/FoldTensorSubsetOps.cpp.o
[2598/3560] Building CXX object tools/mlir/lib/Dialect/Tensor/Transforms/CMakeFiles/obj.MLIRTensorTransforms.dir/RuntimeOpVerification.cpp.o
[2599/3560] Building CXX object tools/mlir/lib/Dialect/Tensor/Transforms/CMakeFiles/obj.MLIRTensorTransforms.dir/ReshapePatterns.cpp.o
[2600/3560] Building CXX object tools/mlir/lib/Dialect/Tensor/Utils/CMakeFiles/obj.MLIRTensorUtils.dir/Utils.cpp.o
[2601/3560] Building CXX object tools/mlir/lib/Dialect/Tosa/CMakeFiles/obj.MLIRTosaDialect.dir/Utils/QuantUtils.cpp.o
[2602/3560] Building CXX object tools/mlir/lib/Dialect/Tosa/CMakeFiles/obj.MLIRTosaDialect.dir/IR/TargetEnv.cpp.o
[2603/3560] Building CXX object tools/mlir/lib/Dialect/Tosa/CMakeFiles/obj.MLIRTosaDialect.dir/Utils/ConversionUtils.cpp.o
[2604/3560] Building CXX object tools/mlir/lib/Dialect/LLVMIR/CMakeFiles/obj.MLIRROCDLDialect.dir/IR/ROCDLDialect.cpp.o
[2605/3560] Building CXX object tools/mlir/lib/Dialect/Tosa/CMakeFiles/obj.MLIRTosaShardingInterfaceImpl.dir/IR/ShardingInterfaceImpl.cpp.o
[2606/3560] Building CXX object tools/mlir/lib/Dialect/Tosa/Transforms/CMakeFiles/obj.MLIRTosaTransforms.dir/TosaArithConstantToConst.cpp.o
[2607/3560] Building CXX object tools/mlir/lib/Dialect/Tosa/Transforms/CMakeFiles/obj.MLIRTosaTransforms.dir/TosaDecomposeDepthwise.cpp.o
[2608/3560] Building CXX object tools/mlir/lib/Dialect/Tosa/CMakeFiles/obj.MLIRTosaDialect.dir/IR/TosaCanonicalizations.cpp.o
[2609/3560] Building CXX object tools/mlir/lib/Dialect/Tosa/Transforms/CMakeFiles/obj.MLIRTosaTransforms.dir/TosaConvertIntegerTypeToSignless.cpp.o
[2610/3560] Building CXX object tools/mlir/lib/Dialect/Tosa/Transforms/CMakeFiles/obj.MLIRTosaTransforms.dir/TosaAttachTarget.cpp.o
[2611/3560] Building CXX object tools/mlir/lib/Dialect/Tosa/Transforms/CMakeFiles/obj.MLIRTosaTransforms.dir/TosaDecomposeTransposeConv.cpp.o
[2612/3560] Building CXX object tools/mlir/lib/Dialect/Tensor/TransformOps/CMakeFiles/obj.MLIRTensorTransformOps.dir/TensorTransformOps.cpp.o
[2613/3560] Building CXX object tools/mlir/lib/Dialect/Tosa/Transforms/CMakeFiles/obj.MLIRTosaTransforms.dir/TosaLayerwiseConstantFoldPass.cpp.o
[2614/3560] Building CXX object tools/mlir/lib/Dialect/Tosa/Transforms/CMakeFiles/obj.MLIRTosaTransforms.dir/TosaInferShapes.cpp.o
[2615/3560] Building CXX object tools/mlir/lib/Dialect/Tosa/Transforms/CMakeFiles/obj.MLIRTosaTransforms.dir/TosaFolders.cpp.o
[2616/3560] Building CXX object tools/mlir/lib/Dialect/Transform/DebugExtension/CMakeFiles/obj.MLIRTransformDebugExtension.dir/DebugExtension.cpp.o
[2617/3560] Building CXX object tools/mlir/lib/Dialect/Transform/Interfaces/CMakeFiles/obj.MLIRTransformDialectInterfaces.dir/MatchInterfaces.cpp.o
[2618/3560] Building CXX object tools/mlir/lib/Dialect/Transform/IR/CMakeFiles/obj.MLIRTransformDialect.dir/TransformAttrs.cpp.o
[2619/3560] Building CXX object tools/mlir/lib/Dialect/Transform/DebugExtension/CMakeFiles/obj.MLIRTransformDebugExtension.dir/DebugExtensionOps.cpp.o
[2620/3560] Building CXX object tools/mlir/lib/Dialect/Tosa/Transforms/CMakeFiles/obj.MLIRTosaTransforms.dir/TosaOptionalDecompositions.cpp.o
[2621/3560] Building CXX object tools/mlir/lib/Dialect/Tosa/Transforms/CMakeFiles/obj.MLIRTosaTransforms.dir/TosaTypeConverters.cpp.o
[2622/3560] Building CXX object tools/mlir/lib/Dialect/Tosa/Transforms/CMakeFiles/obj.MLIRTosaTransforms.dir/TosaMakeBroadcastable.cpp.o
[2623/3560] Building CXX object tools/mlir/lib/Dialect/Tensor/IR/CMakeFiles/obj.MLIRTensorDialect.dir/TensorOps.cpp.o
[2624/3560] Building CXX object tools/mlir/lib/Dialect/LLVMIR/CMakeFiles/obj.MLIRLLVMDialect.dir/IR/LLVMDialect.cpp.o
[2625/3560] Building CXX object tools/mlir/lib/Dialect/Tosa/Transforms/CMakeFiles/obj.MLIRTosaTransforms.dir/TosaReduceTransposes.cpp.o
[2626/3560] Building CXX object tools/mlir/lib/Dialect/Transform/IR/CMakeFiles/obj.MLIRTransformDialect.dir/Utils.cpp.o
[2627/3560] Linking CXX static library lib/libMLIRLLVMDialect.a
[2628/3560] Linking CXX static library lib/libMLIRROCDLDialect.a
[2629/3560] Linking CXX static library lib/libMLIRVCIXDialect.a
[2630/3560] Linking CXX static library lib/libMLIROpenMPDialect.a
[2631/3560] Building CXX object tools/mlir/lib/Dialect/Transform/IR/CMakeFiles/obj.MLIRTransformDialect.dir/TransformTypes.cpp.o
[2632/3560] Building CXX object tools/mlir/lib/Dialect/Transform/IRDLExtension/CMakeFiles/obj.MLIRTransformDialectIRDLExtension.dir/IRDLExtension.cpp.o
[2633/3560] Building CXX object tools/mlir/lib/Dialect/Transform/LoopExtension/CMakeFiles/obj.MLIRTransformLoopExtension.dir/LoopExtension.cpp.o
[2634/3560] Building CXX object tools/mlir/lib/Dialect/Transform/LoopExtension/CMakeFiles/obj.MLIRTransformLoopExtension.dir/LoopExtensionOps.cpp.o
[2635/3560] Building CXX object tools/mlir/lib/Dialect/Transform/IRDLExtension/CMakeFiles/obj.MLIRTransformDialectIRDLExtension.dir/IRDLExtensionOps.cpp.o
[2636/3560] Building CXX object tools/mlir/lib/Dialect/Tosa/Transforms/CMakeFiles/obj.MLIRTosaTransforms.dir/TosaNarrowI64ToI32.cpp.o
[2637/3560] Building CXX object tools/mlir/lib/Dialect/Transform/PDLExtension/CMakeFiles/obj.MLIRTransformPDLExtension.dir/PDLExtension.cpp.o
[2638/3560] Building CXX object tools/mlir/lib/Dialect/Tosa/Transforms/CMakeFiles/obj.MLIRTosaTransforms.dir/TosaValidation.cpp.o
[2639/3560] Building CXX object tools/mlir/lib/Dialect/Transform/Transforms/CMakeFiles/obj.MLIRTransformDialectTransforms.dir/InferEffects.cpp.o
[2640/3560] Building CXX object tools/mlir/lib/Dialect/Transform/SMTExtension/CMakeFiles/obj.MLIRTransformSMTExtension.dir/SMTExtension.cpp.o
[2641/3560] Building CXX object tools/mlir/lib/Dialect/Transform/Interfaces/CMakeFiles/obj.MLIRTransformDialectInterfaces.dir/TransformInterfaces.cpp.o
[2642/3560] Building CXX object tools/mlir/lib/Dialect/Transform/Transforms/CMakeFiles/obj.MLIRTransformDialectTransforms.dir/PreloadLibraryPass.cpp.o
[2643/3560] Building CXX object tools/mlir/lib/Dialect/Transform/Transforms/CMakeFiles/obj.MLIRTransformDialectTransforms.dir/CheckUses.cpp.o
[2644/3560] Building CXX object tools/mlir/lib/Dialect/Transform/Utils/CMakeFiles/obj.MLIRTransformDialectUtils.dir/DiagnosedSilenceableFailure.cpp.o
[2645/3560] Building CXX object tools/mlir/lib/Dialect/Transform/PDLExtension/CMakeFiles/obj.MLIRTransformPDLExtension.dir/PDLExtensionOps.cpp.o
[2646/3560] Building CXX object tools/mlir/lib/Dialect/Transform/TuneExtension/CMakeFiles/obj.MLIRTransformTuneExtension.dir/TuneExtension.cpp.o
[2647/3560] Building CXX object tools/mlir/lib/Dialect/Transform/Transforms/CMakeFiles/obj.MLIRTransformDialectTransforms.dir/InterpreterPass.cpp.o
[2648/3560] Building CXX object tools/mlir/lib/Dialect/Transform/SMTExtension/CMakeFiles/obj.MLIRTransformSMTExtension.dir/SMTExtensionOps.cpp.o
[2649/3560] Building CXX object tools/mlir/lib/Dialect/Transform/Transforms/CMakeFiles/obj.MLIRTransformDialectTransforms.dir/TransformInterpreterUtils.cpp.o
[2650/3560] Building CXX object tools/mlir/lib/Dialect/Transform/Utils/CMakeFiles/obj.MLIRTransformDialectUtils.dir/Utils.cpp.o
[2651/3560] Building CXX object tools/mlir/lib/Dialect/Utils/CMakeFiles/obj.MLIRDialectUtils.dir/StructuredOpsUtils.cpp.o
[2652/3560] Building CXX object tools/mlir/lib/Dialect/UB/IR/CMakeFiles/obj.MLIRUBDialect.dir/UBOps.cpp.o
[2653/3560] Linking CXX static library lib/libMLIRUBDialect.a
[2654/3560] Building CXX object tools/mlir/lib/Dialect/Utils/CMakeFiles/obj.MLIRDialectUtils.dir/IndexingUtils.cpp.o
[2655/3560] Linking CXX static library lib/libMLIRArithDialect.a
[2656/3560] Linking CXX static library lib/libMLIRArithAttrToLLVMConversion.a
[2657/3560] Linking CXX static library lib/libMLIRComplexDialect.a
[2658/3560] Linking CXX static library lib/libMLIRControlFlowDialect.a
[2659/3560] Linking CXX static library lib/libMLIRFuncInlinerExtension.a
[2660/3560] Linking CXX static library lib/libMLIRMathDialect.a
[2661/3560] Linking CXX static library lib/libMLIRComplexDivisionConversion.a
[2662/3560] Building CXX object tools/mlir/lib/Dialect/Utils/CMakeFiles/obj.MLIRDialectUtils.dir/StaticValueUtils.cpp.o
[2663/3560] Building CXX object tools/mlir/lib/Dialect/Transform/TuneExtension/CMakeFiles/obj.MLIRTransformTuneExtension.dir/TuneExtensionOps.cpp.o
[2664/3560] Building CXX object tools/mlir/lib/Dialect/Vector/IR/CMakeFiles/obj.MLIRVectorDialect.dir/ScalableValueBoundsConstraintSet.cpp.o
[2665/3560] Building CXX object tools/mlir/lib/Dialect/Utils/CMakeFiles/obj.MLIRDialectUtils.dir/ReshapeOpsUtils.cpp.o
[2666/3560] Building CXX object tools/mlir/lib/Dialect/Vector/IR/CMakeFiles/obj.MLIRVectorDialect.dir/ValueBoundsOpInterfaceImpl.cpp.o
[2667/3560] Linking CXX static library lib/libMLIRDialectUtils.a
[2668/3560] Linking CXX static library lib/libMLIRArithUtils.a
[2669/3560] Linking CXX static library lib/libMLIRFuncUtils.a
[2670/3560] Linking CXX static library lib/libMLIRXeVMDialect.a
[2671/3560] Linking CXX static library lib/libMLIRShardDialect.a
[2672/3560] Linking CXX static library lib/libMLIRSparseTensorDialect.a
[2673/3560] Linking CXX static library lib/libMLIRTransformDialectUtils.a
[2674/3560] Building CXX object tools/mlir/lib/Dialect/Transform/IR/CMakeFiles/obj.MLIRTransformDialect.dir/TransformDialect.cpp.o
[2675/3560] Building CXX object tools/mlir/lib/Dialect/Vector/Transforms/CMakeFiles/obj.MLIRVectorTransforms.dir/BufferizableOpInterfaceImpl.cpp.o
[2676/3560] Building CXX object tools/mlir/lib/Dialect/Vector/Transforms/CMakeFiles/obj.MLIRVectorTransforms.dir/LowerVectorBitCast.cpp.o
[2677/3560] Building CXX object tools/mlir/lib/Dialect/Vector/Transforms/CMakeFiles/obj.MLIRVectorTransforms.dir/LowerVectorBroadcast.cpp.o
[2678/3560] Building CXX object tools/mlir/lib/Dialect/Vector/Transforms/CMakeFiles/obj.MLIRVectorTransforms.dir/LowerVectorGather.cpp.o
[2679/3560] Building CXX object tools/mlir/lib/Dialect/Vector/Transforms/CMakeFiles/obj.MLIRVectorTransforms.dir/LowerVectorInterleave.cpp.o
[2680/3560] Building CXX object tools/mlir/lib/Dialect/Vector/Transforms/CMakeFiles/obj.MLIRVectorTransforms.dir/LowerVectorContract.cpp.o
[2681/3560] Building CXX object tools/mlir/lib/Dialect/Vector/Transforms/CMakeFiles/obj.MLIRVectorTransforms.dir/LowerVectorMask.cpp.o
[2682/3560] Building CXX object tools/mlir/lib/Dialect/Vector/Transforms/CMakeFiles/obj.MLIRVectorTransforms.dir/LowerVectorScan.cpp.o
[2683/3560] Building CXX object tools/mlir/lib/Dialect/Vector/Transforms/CMakeFiles/obj.MLIRVectorTransforms.dir/LowerVectorShapeCast.cpp.o
[2684/3560] Building CXX object tools/mlir/lib/Dialect/Vector/Transforms/CMakeFiles/obj.MLIRVectorTransforms.dir/LowerVectorStep.cpp.o
[2685/3560] Building CXX object tools/mlir/lib/Dialect/Vector/Transforms/CMakeFiles/obj.MLIRVectorTransforms.dir/LowerVectorShuffle.cpp.o
[2686/3560] Building CXX object tools/mlir/lib/Dialect/Vector/Transforms/CMakeFiles/obj.MLIRVectorTransforms.dir/LowerVectorMultiReduction.cpp.o
[2687/3560] Building CXX object tools/mlir/lib/Dialect/Vector/Transforms/CMakeFiles/obj.MLIRVectorTransforms.dir/LowerVectorTranspose.cpp.o
[2688/3560] Building CXX object tools/mlir/lib/Dialect/Vector/Transforms/CMakeFiles/obj.MLIRVectorTransforms.dir/LowerVectorToFromElementsToShuffleTree.cpp.o
[2689/3560] Building CXX object tools/mlir/lib/Dialect/Vector/Transforms/CMakeFiles/obj.MLIRVectorTransforms.dir/SubsetOpInterfaceImpl.cpp.o
[2690/3560] Building CXX object tools/mlir/lib/Dialect/Vector/Transforms/CMakeFiles/obj.MLIRVectorTransforms.dir/LowerVectorTransfer.cpp.o
[2691/3560] Building CXX object tools/mlir/lib/Dialect/Vector/Transforms/CMakeFiles/obj.MLIRVectorTransforms.dir/VectorEmulateMaskedLoadStore.cpp.o
[2692/3560] Building CXX object tools/mlir/lib/Dialect/Tosa/Transforms/CMakeFiles/obj.MLIRTosaTransforms.dir/TosaProfileCompliance.cpp.o
[2693/3560] Building CXX object tools/mlir/lib/Dialect/Vector/Transforms/CMakeFiles/obj.MLIRVectorTransforms.dir/VectorDropLeadUnitDim.cpp.o
[2694/3560] Building CXX object tools/mlir/lib/Dialect/Vector/Transforms/CMakeFiles/obj.MLIRVectorTransforms.dir/VectorInsertExtractStridedSliceRewritePatterns.cpp.o
[2695/3560] Building CXX object tools/mlir/lib/Dialect/Transform/IR/CMakeFiles/obj.MLIRTransformDialect.dir/TransformOps.cpp.o
[2696/3560] Building CXX object tools/mlir/lib/Dialect/Vector/Transforms/CMakeFiles/obj.MLIRVectorTransforms.dir/VectorMaskElimination.cpp.o
[2697/3560] Building CXX object tools/mlir/lib/Dialect/Vector/Transforms/CMakeFiles/obj.MLIRVectorTransforms.dir/VectorEmulateNarrowType.cpp.o
[2698/3560] Building CXX object tools/mlir/lib/Dialect/Vector/Transforms/CMakeFiles/obj.MLIRVectorTransforms.dir/VectorLinearize.cpp.o
[2699/3560] Building CXX object tools/mlir/lib/Dialect/WasmSSA/IR/CMakeFiles/obj.MLIRWasmSSADialect.dir/WasmSSAInterfaces.cpp.o
[2700/3560] Building CXX object tools/mlir/lib/Dialect/WasmSSA/IR/CMakeFiles/obj.MLIRWasmSSADialect.dir/WasmSSATypes.cpp.o
[2701/3560] Building CXX object tools/mlir/lib/Dialect/Vector/Transforms/CMakeFiles/obj.MLIRVectorTransforms.dir/VectorTransferSplitRewritePatterns.cpp.o
[2702/3560] Building CXX object tools/mlir/lib/Dialect/Vector/Transforms/CMakeFiles/obj.MLIRVectorTransforms.dir/VectorTransferOpTransforms.cpp.o
[2703/3560] Building CXX object tools/mlir/lib/Dialect/Vector/Transforms/CMakeFiles/obj.MLIRVectorTransforms.dir/VectorDistribute.cpp.o
[2704/3560] Building CXX object tools/mlir/lib/Dialect/Vector/Transforms/CMakeFiles/obj.MLIRVectorTransforms.dir/VectorUnroll.cpp.o
[2705/3560] Building CXX object tools/mlir/lib/Dialect/Vector/Utils/CMakeFiles/obj.MLIRVectorUtils.dir/VectorUtils.cpp.o
[2706/3560] Building CXX object tools/mlir/lib/Dialect/Vector/Transforms/CMakeFiles/obj.MLIRVectorTransforms.dir/VectorTransforms.cpp.o
[2707/3560] Building CXX object tools/mlir/lib/Dialect/X86Vector/Transforms/CMakeFiles/obj.MLIRX86VectorTransforms.dir/LegalizeForLLVMExport.cpp.o
[2708/3560] Building CXX object tools/mlir/lib/Dialect/X86Vector/Transforms/CMakeFiles/obj.MLIRX86VectorTransforms.dir/VectorContractToFMA.cpp.o
[2709/3560] Building CXX object tools/mlir/lib/Dialect/X86Vector/Transforms/CMakeFiles/obj.MLIRX86VectorTransforms.dir/AVXTranspose.cpp.o
[2710/3560] Building CXX object tools/mlir/lib/Dialect/XeGPU/Transforms/CMakeFiles/obj.MLIRXeGPUTransforms.dir/XeGPUFoldAliasOps.cpp.o
[2711/3560] Building CXX object tools/mlir/lib/Dialect/X86Vector/TransformOps/CMakeFiles/obj.MLIRX86VectorTransformOps.dir/X86VectorTransformOps.cpp.o
[2712/3560] Building CXX object tools/mlir/lib/Dialect/X86Vector/Transforms/CMakeFiles/obj.MLIRX86VectorTransforms.dir/VectorContractToPackedTypeDotProduct.cpp.o
[2713/3560] Building CXX object tools/mlir/lib/Dialect/XeGPU/Transforms/CMakeFiles/obj.MLIRXeGPUTransforms.dir/XeGPUBlocking.cpp.o
[2714/3560] Building CXX object tools/mlir/lib/Dialect/X86Vector/IR/CMakeFiles/obj.MLIRX86VectorDialect.dir/X86VectorDialect.cpp.o
[2715/3560] Building CXX object tools/mlir/lib/Dialect/Vector/TransformOps/CMakeFiles/obj.MLIRVectorTransformOps.dir/VectorTransformOps.cpp.o
[2716/3560] Building CXX object tools/mlir/lib/Interfaces/CMakeFiles/obj.MLIRSubsetOpInterface.dir/SubsetOpInterface.cpp.o
[2717/3560] Building CXX object tools/mlir/lib/Dialect/XeGPU/Transforms/CMakeFiles/obj.MLIRXeGPUTransforms.dir/XeGPUUnroll.cpp.o
[2718/3560] Building CXX object tools/mlir/lib/Dialect/WasmSSA/IR/CMakeFiles/obj.MLIRWasmSSADialect.dir/WasmSSADialect.cpp.o
[2719/3560] Building CXX object tools/mlir/lib/Dialect/XeGPU/Transforms/CMakeFiles/obj.MLIRXeGPUTransforms.dir/XeGPUVectorLinearize.cpp.o
[2720/3560] Building CXX object tools/mlir/lib/Interfaces/CMakeFiles/obj.MLIRTilingInterface.dir/TilingInterface.cpp.o
[2721/3560] Linking CXX static library lib/libMLIRTilingInterface.a
[2722/3560] Building CXX object tools/mlir/lib/Dialect/WasmSSA/IR/CMakeFiles/obj.MLIRWasmSSADialect.dir/WasmSSAOps.cpp.o
[2723/3560] Linking CXX static library lib/libMLIRWasmSSADialect.a
[2724/3560] Building CXX object tools/mlir/lib/Dialect/XeGPU/IR/CMakeFiles/obj.MLIRXeGPUDialect.dir/XeGPUDialect.cpp.o
[2725/3560] Building CXX object tools/mlir/lib/Dialect/XeGPU/Transforms/CMakeFiles/obj.MLIRXeGPUTransforms.dir/XeGPUSubgroupDistribute.cpp.o
[2726/3560] Building CXX object tools/mlir/lib/Pass/CMakeFiles/obj.MLIRPass.dir/IRPrinting.cpp.o
[2727/3560] Building CXX object tools/mlir/lib/Interfaces/CMakeFiles/obj.MLIRValueBoundsOpInterface.dir/ValueBoundsOpInterface.cpp.o
[2728/3560] Linking CXX static library lib/libMLIRValueBoundsOpInterface.a
[2729/3560] Linking CXX static library lib/libMLIRArithValueBoundsOpInterfaceImpl.a
[2730/3560] Linking CXX static library lib/libMLIRMemRefDialect.a
[2731/3560] Building CXX object tools/mlir/lib/Pass/CMakeFiles/obj.MLIRPass.dir/PassManagerOptions.cpp.o
[2732/3560] Linking CXX static library lib/libMLIRAffineDialect.a
[2733/3560] Linking CXX static library lib/libMLIRGPUDialect.a
[2734/3560] Linking CXX static library lib/libMLIRMemRefUtils.a
[2735/3560] Linking CXX static library lib/libMLIRGPUUtils.a
[2736/3560] Building CXX object tools/mlir/lib/Dialect/Tosa/CMakeFiles/obj.MLIRTosaDialect.dir/IR/TosaOps.cpp.o
[2737/3560] Linking CXX static library lib/libMLIRMPIDialect.a
[2738/3560] Linking CXX static library lib/libMLIRNVGPUDialect.a
[2739/3560] Linking CXX static library lib/libMLIROpenACCDialect.a
[2740/3560] Linking CXX static library lib/libMLIRTensorDialect.a
[2741/3560] Linking CXX static library lib/libMLIROpenACCUtils.a
[2742/3560] Linking CXX static library lib/libMLIROpenACCAnalysis.a
[2743/3560] Linking CXX static library lib/libMLIRShardingInterface.a
[2744/3560] Linking CXX static library lib/libMLIRNVVMDialect.a
[2745/3560] Linking CXX static library lib/libMLIRTensorShardingExtensions.a
[2746/3560] Linking CXX static library lib/libMLIRFuncShardingExtensions.a
[2747/3560] Linking CXX static library lib/libMLIRTensorAllExtensions.a
[2748/3560] Linking CXX static library lib/libMLIRFuncAllExtensions.a
[2749/3560] Linking CXX static library lib/libMLIRTensorInferTypeOpInterfaceImpl.a
[2750/3560] Linking CXX static library lib/libMLIRTensorUtils.a
[2751/3560] Linking CXX static library lib/libMLIRShapeDialect.a
[2752/3560] Linking CXX static library lib/libMLIRSubsetOpInterface.a
[2753/3560] Linking CXX static library lib/libMLIRBufferizationDialect.a
[2754/3560] Building CXX object tools/mlir/lib/Pass/CMakeFiles/obj.MLIRPass.dir/PassCrashRecovery.cpp.o
[2755/3560] Linking CXX static library lib/libMLIRTosaDialect.a
[2756/3560] Linking CXX static library lib/libMLIRTosaShardingInterfaceImpl.a
[2757/3560] Building CXX object tools/mlir/lib/Pass/CMakeFiles/obj.MLIRPass.dir/PassStatistics.cpp.o
[2758/3560] Building CXX object tools/mlir/lib/Dialect/XeGPU/Transforms/CMakeFiles/obj.MLIRXeGPUTransforms.dir/XeGPUOptimizeBlockLoads.cpp.o
[2759/3560] Building CXX object tools/mlir/lib/Pass/CMakeFiles/obj.MLIRPass.dir/PassTiming.cpp.o
[2760/3560] Building CXX object tools/mlir/lib/Dialect/XeGPU/Transforms/CMakeFiles/obj.MLIRXeGPUTransforms.dir/XeGPUPropagateLayout.cpp.o
[2761/3560] Building CXX object tools/mlir/lib/Pass/CMakeFiles/obj.MLIRPass.dir/PassRegistry.cpp.o
[2762/3560] Building CXX object tools/mlir/lib/Pass/CMakeFiles/obj.MLIRPass.dir/Pass.cpp.o
[2763/3560] Linking CXX static library lib/libMLIRPass.a
[2764/3560] Linking CXX static library lib/libMLIRPDLToPDLInterp.a
[2765/3560] Building CXX object tools/mlir/lib/Query/CMakeFiles/obj.MLIRQuery.dir/Query.cpp.o
[2766/3560] Building CXX object tools/mlir/lib/Query/CMakeFiles/obj.MLIRQuery.dir/QueryParser.cpp.o
[2767/3560] Linking CXX static library lib/libMLIRQuery.a
[2768/3560] Building CXX object tools/mlir/lib/Reducer/CMakeFiles/obj.MLIRReduce.dir/Tester.cpp.o
[2769/3560] Building CXX object tools/mlir/lib/Reducer/CMakeFiles/obj.MLIRReduce.dir/ReductionNode.cpp.o
[2770/3560] Building CXX object tools/mlir/lib/Dialect/SPIRV/IR/CMakeFiles/obj.MLIRSPIRVDialect.dir/SPIRVDialect.cpp.o
[2771/3560] Building CXX object tools/mlir/lib/Target/IRDLToCpp/CMakeFiles/obj.MLIRTargetIRDLToCpp.dir/TranslationRegistration.cpp.o
[2772/3560] Building CXX object tools/mlir/lib/Dialect/XeGPU/Transforms/CMakeFiles/obj.MLIRXeGPUTransforms.dir/XeGPUWgToSgDistribute.cpp.o
[2773/3560] Building CXX object tools/mlir/lib/Target/Cpp/CMakeFiles/obj.MLIRTargetCpp.dir/TranslateRegistration.cpp.o
[2774/3560] Building CXX object tools/mlir/lib/Reducer/CMakeFiles/obj.MLIRReduce.dir/OptReductionPass.cpp.o
[2775/3560] Building CXX object tools/mlir/lib/Target/SPIRV/CMakeFiles/obj.MLIRSPIRVBinaryUtils.dir/SPIRVBinaryUtils.cpp.o
[2776/3560] Linking CXX static library lib/libMLIRSPIRVBinaryUtils.a
[2777/3560] Building CXX object tools/mlir/lib/Reducer/CMakeFiles/obj.MLIRReduce.dir/ReductionTreePass.cpp.o
[2778/3560] Building CXX object tools/mlir/lib/Dialect/XeGPU/IR/CMakeFiles/obj.MLIRXeGPUDialect.dir/XeGPUOps.cpp.o
[2779/3560] Building CXX object tools/mlir/lib/Dialect/XeGPU/Utils/CMakeFiles/obj.MLIRXeGPUUtils.dir/XeGPUUtils.cpp.o
[2780/3560] Building CXX object tools/mlir/lib/Dialect/SPIRV/IR/CMakeFiles/obj.MLIRSPIRVDialect.dir/SPIRVOpDefinition.cpp.o
[2781/3560] Building CXX object tools/mlir/lib/Dialect/Vector/IR/CMakeFiles/obj.MLIRVectorDialect.dir/VectorOps.cpp.o
[2782/3560] Building CXX object tools/mlir/lib/Dialect/XeGPU/TransformOps/CMakeFiles/obj.MLIRXeGPUTransformOps.dir/XeGPUTransformOps.cpp.o
[2783/3560] Linking CXX static library lib/libMLIRVectorDialect.a
[2784/3560] Linking CXX static library lib/libMLIRAMDGPUDialect.a
[2785/3560] Linking CXX static library lib/libMLIRAMDGPUUtils.a
[2786/3560] Linking CXX static library lib/libMLIRArmSVEDialect.a
[2787/3560] Linking CXX static library lib/libMLIRNVGPUUtils.a
[2788/3560] Building CXX object tools/mlir/lib/Target/Cpp/CMakeFiles/obj.MLIRTargetCpp.dir/TranslateToCpp.cpp.o
[2789/3560] Linking CXX static library lib/libMLIRTargetCpp.a
[2790/3560] Building CXX object tools/mlir/lib/Target/LLVMIR/CMakeFiles/obj.MLIRTargetLLVMIRExport.dir/Dialect/OpenMPCommon.cpp.o
[2791/3560] Building CXX object tools/mlir/lib/Target/IRDLToCpp/CMakeFiles/obj.MLIRTargetIRDLToCpp.dir/IRDLToCpp.cpp.o
[2792/3560] Linking CXX static library lib/libMLIRTargetIRDLToCpp.a
[2793/3560] Building CXX object tools/mlir/lib/Target/LLVMIR/CMakeFiles/obj.MLIRTargetLLVMIRExport.dir/TypeToLLVM.cpp.o
[2794/3560] Linking CXX executable bin/mlir-irdl-to-cpp
[2794/3560] Building native mlir-irdl-to-cpp...
[1/582] Building Passes.h.inc...
[2/582] Building AffineOpsDialect.h.inc...
[3/582] Building AffineOps.cpp.inc...
[4/582] Building AffineTransformOps.cpp.inc...
[5/582] Building AffineOpsDialect.cpp.inc...
[6/582] Building AffineOpsTypes.cpp.inc...
[7/582] Building AffineTransformOps.h.inc...
[8/582] Building AffineOpsTypes.h.inc...
[9/582] Building Passes.h.inc...
[10/582] Building AffineOps.h.inc...
[11/582] Building AMDGPUTypes.h.inc...
[12/582] Building AMDGPUDialect.cpp.inc...
[13/582] Building AMDGPUDialect.h.inc...
[14/582] Building AMDGPUTypes.cpp.inc...
[15/582] Building AMDGPUEnums.cpp.inc...
[16/582] Building AMDGPU.cpp.inc...
[17/582] Building AMDGPUEnums.h.inc...
[18/582] Building AMX.cpp.inc...
[19/582] Building AMDGPU.h.inc...
[20/582] Building AMXDialect.cpp.inc...
[21/582] Building AMX.h.inc...
[22/582] Building AMXDialect.h.inc...
[23/582] Building Passes.h.inc...
[24/582] Building AMXTypes.h.inc...
[25/582] Building ArithOpsTypes.h.inc...
[26/582] Building ArithOpsDialect.cpp.inc...
[27/582] Building ArithOpsDialect.h.inc...
[28/582] Building AMXTypes.cpp.inc...
[29/582] Building ArithOpsTypes.cpp.inc...
[30/582] Building ArmNeon.cpp.inc...
[31/582] Building ArithOps.h.inc...
[32/582] Building ArmNeon.h.inc...
[33/582] Building ArmNeonDialect.cpp.inc...
[34/582] Building AMDGPUAttributes.h.inc...
[35/582] Building AMDGPUAttributes.cpp.inc...
[36/582] Building ArmNeonDialect.h.inc...
[37/582] Building ArmNeonTypes.cpp.inc...
[38/582] Building ArmSME.cpp.inc...
[39/582] Building ArmSME.h.inc...
[40/582] Building ArmNeonConversions.inc...
[41/582] Building ArmSMEDialect.h.inc...
[42/582] Building ArmNeonTypes.h.inc...
[43/582] Building ArmSMEDialect.cpp.inc...
[44/582] Building ArmSMETypes.cpp.inc...
[45/582] Building ArmSMETypes.h.inc...
[46/582] Building ArithOps.cpp.inc...
[47/582] Building ArmSMEEnums.cpp.inc...
[48/582] Building ArmSMEAttrDefs.cpp.inc...
[49/582] Building Passes.h.inc...
[50/582] Building PassesEnums.h.inc...
[51/582] Building PassesEnums.cpp.inc...
[52/582] Building ArmSMEAttrDefs.h.inc...
[53/582] Building ArmSMEEnums.h.inc...
[54/582] Building ArmNeonVectorTransformOps.cpp.inc...
[55/582] Building ArmNeonVectorTransformOps.h.inc...
[56/582] Building ArmSVEDialect.cpp.inc...
[57/582] Building Passes.h.inc...
[58/582] Building Passes.capi.cpp.inc...
[59/582] Building ArmSVE.h.inc...
[60/582] Building ArmSVEVectorTransformOps.cpp.inc...
[61/582] Building ArmSMEOps.h.inc...
[62/582] Building Passes.capi.h.inc...
[63/582] Building ArmSVE.cpp.inc...
[64/582] Building ArmSVEDialect.h.inc...
[65/582] Building ArmSVEConversions.inc...
[66/582] Building Passes.h.inc...
[67/582] Building ArmSMEOps.cpp.inc...
[68/582] Building ArmSVEVectorTransformOps.h.inc...
[69/582] Building ArmSVETypes.cpp.inc...
[70/582] Building ArmSVETypes.h.inc...
[71/582] Building AsyncOpsTypes.h.inc...
[72/582] Building AsyncOpsDialect.h.inc...
[73/582] Building AsyncOpsDialect.cpp.inc...
[74/582] Building AsyncOpsTypes.cpp.inc...
[75/582] Building BufferizationOpsDialect.cpp.inc...
[76/582] Building BufferizationOpsDialect.h.inc...
[77/582] Building BufferizationOpsTypes.h.inc...
[78/582] Building AsyncOps.h.inc...
[79/582] Building BufferizationOps.cpp.inc...
[80/582] Building BufferizationOpsTypes.cpp.inc...
[81/582] Building AsyncOps.cpp.inc...
[82/582] Building BufferizationEnums.cpp.inc...
[83/582] Building Passes.h.inc...
[84/582] Building BufferizationOps.h.inc...
[85/582] Building BufferizationEnums.h.inc...
[86/582] Building BufferizationTransformOps.cpp.inc...
[87/582] Building BufferizationTransformOps.h.inc...
[88/582] Building ComplexOpsTypes.h.inc...
[89/582] Building ComplexAttributes.cpp.inc...
[90/582] Building ComplexOpsDialect.h.inc...
[91/582] Building ComplexEnums.cpp.inc...
[92/582] Building ComplexOps.h.inc...
[93/582] Building ComplexOpsDialect.cpp.inc...
[94/582] Building ComplexOpsTypes.cpp.inc...
[95/582] Building ArmSMEOpsConversions.inc...
[96/582] Building ComplexOps.cpp.inc...
[97/582] Building ComplexEnums.h.inc...
[98/582] Building ControlFlowOps.h.inc...
[99/582] Building ControlFlowOpsDialect.h.inc...
[100/582] Building ComplexAttributes.h.inc...
[101/582] Building ControlFlowOps.cpp.inc...
[102/582] Building DLTI.cpp.inc...
[103/582] Building BufferizationTypeInterfaces.h.inc...
[104/582] Building ControlFlowOpsTypes.h.inc...
[105/582] Building DLTI.h.inc...
[106/582] Building BufferizationTypeInterfaces.cpp.inc...
[107/582] Building ControlFlowOpsTypes.cpp.inc...
[108/582] Building ArmSMEOpInterfaces.h.inc...
[109/582] Building ControlFlowOpsDialect.cpp.inc...
[110/582] Building DLTIDialect.cpp.inc...
[111/582] Building DLTIDialect.h.inc...
[112/582] Building DLTITypes.cpp.inc...
[113/582] Building DLTITypes.h.inc...
[114/582] Building DLTIAttrs.cpp.inc...
[115/582] Building ArmSMEOpInterfaces.cpp.inc...
[116/582] Building DLTIAttrs.h.inc...
[117/582] Building DLTITransformOps.h.inc...
[118/582] Building DLTITransformOps.cpp.inc...
[119/582] Building EmitC.h.inc...
[120/582] Building EmitCDialect.cpp.inc...
[121/582] Building EmitCAttributes.cpp.inc...
[122/582] Building EmitCAttributes.h.inc...
[123/582] Building EmitCEnums.cpp.inc...
[124/582] Building EmitC.cpp.inc...
[125/582] Building EmitCDialect.h.inc...
[126/582] Building EmitCTypes.cpp.inc...
[127/582] Building EmitCTypes.h.inc...
[128/582] Building EmitCEnums.h.inc...
[129/582] Building Passes.h.inc...
[130/582] Building FuncOps.h.inc...
[131/582] Building FuncOps.cpp.inc...
[132/582] Building FuncOpsDialect.cpp.inc...
[133/582] Building Passes.h.inc...
[134/582] Building FuncOpsDialect.h.inc...
[135/582] Building GPUOpInterfaces.cpp.inc...
[136/582] Building FuncTransformOps.h.inc...
[137/582] Building ArmSMEIntrinsicConversions.inc...
[138/582] Building ArmSMEIntrinsicOps.cpp.inc...
[139/582] Building FuncTransformOps.cpp.inc...
[140/582] Building GPUOpInterfaces.h.inc...
[141/582] Building Passes.capi.h.inc...
[142/582] Building Passes.h.inc...
[143/582] Building GPUOpsTypes.cpp.inc...
[144/582] Building Passes.capi.cpp.inc...
[145/582] Building GPUTransformOps.cpp.inc...
[146/582] Building GPUOpsDialect.h.inc...
[147/582] Building ArmSMEIntrinsicOps.h.inc...
[148/582] Building IndexAttrs.cpp.inc...
[149/582] Building GPUOps.cpp.inc...
[150/582] Building GPUOpsDialect.cpp.inc...
[151/582] Building GPUOpsTypes.h.inc...
[152/582] Building GPUTransformOps.h.inc...
[153/582] Building IndexAttrs.h.inc...
[154/582] Building IndexEnums.cpp.inc...
[155/582] Building IndexEnums.h.inc...
[156/582] Building ParallelLoopMapperEnums.h.inc...
[157/582] Building GPUOps.h.inc...
[158/582] Building ParallelLoopMapperEnums.cpp.inc...
[159/582] Building IRDLDialect.cpp.inc...
[160/582] Building IndexOpsDialect.h.inc...
[161/582] Building IndexOpsTypes.cpp.inc...
[162/582] Building IRDL.cpp.inc...
[163/582] Building IndexOps.h.inc...
[164/582] Building IndexOpsDialect.cpp.inc...
[165/582] Building IRDL.h.inc...
[166/582] Building IRDLDialect.h.inc...
[167/582] Building Passes.capi.cpp.inc...
[168/582] Building Passes.capi.h.inc...
[169/582] Generating LinalgNamedStructuredOps.yamlgen.td, LinalgNamedStructuredOps.yamlgen.cpp.inc
[170/582] Building IndexOps.cpp.inc...
[171/582] Building IndexOpsTypes.h.inc...
[172/582] Building IRDLTypes.cpp.inc...
[173/582] Building IRDLTypes.h.inc...
[174/582] Building Passes.h.inc...
[175/582] Building LinalgMatchOps.cpp.inc...
[176/582] Building GPUOpsEnums.cpp.inc...
[177/582] Building LinalgMatchOps.h.inc...
[178/582] Building LLVMOpsAttrDefs.cpp.inc...
[179/582] Building GPUOpsEnums.h.inc...
[180/582] Building LLVMOpsAttrDefs.h.inc...
[181/582] Building LinalgOps.cpp.inc...
[182/582] Building LLVMOpsDialect.cpp.inc...
[183/582] Building LLVMOpsDialect.h.inc...
[184/582] Building LLVMOpsEnums.cpp.inc...
[185/582] Building LinalgOps.h.inc...
[186/582] Building LinalgOpsDialect.cpp.inc...
[187/582] Building LinalgOpsDialect.h.inc...
[188/582] Building LinalgOpsTypes.cpp.inc...
[189/582] Building LinalgOpsTypes.h.inc...
[190/582] Building LinalgOpsEnums.cpp.inc...
[191/582] Building LinalgOpsEnums.h.inc...
[192/582] Building CompilationAttrInterfaces.cpp.inc...
[193/582] Building LLVMOpsEnums.h.inc...
[194/582] Building CompilationAttrInterfaces.h.inc...
[195/582] Building Passes.h.inc...
[196/582] Building LLVMOps.cpp.inc...
[197/582] Building Passes.h.inc...
[198/582] Building MathOpsDialect.cpp.inc...
[199/582] Building MathOpsDialect.h.inc...
[200/582] Building MathOpsTypes.h.inc...
[201/582] Building LLVMOps.h.inc...
[202/582] Building LinalgTransformOps.cpp.inc...
[203/582] Building MathOpsTypes.cpp.inc...
[204/582] Building LinalgOpsAttrDefs.h.inc...
[205/582] Building LinalgTransformOps.h.inc...
[206/582] Building MathOps.cpp.inc...
[207/582] Building MemRefOpsDialect.cpp.inc...
[208/582] Building MemRefOps.cpp.inc...
[209/582] Building GPUDeviceMapperEnums.cpp.inc...
[210/582] Building GPUDeviceMapperEnums.h.inc...
[211/582] Building MemRefOpsTypes.cpp.inc...
[212/582] Building MathOps.h.inc...
[213/582] Building MemRefOps.h.inc...
[214/582] Building LinalgOpsAttrDefs.cpp.inc...
[215/582] Building MemRefOpsDialect.h.inc...
[216/582] Building MemRefOpsTypes.h.inc...
[217/582] Building MemRefTransformOps.h.inc...
[218/582] Building Passes.h.inc...
[219/582] Building LinalgTransformOpsEnums.cpp.inc...
[220/582] Building MemRefTransformOps.cpp.inc...
[221/582] Building LLVMTypes.cpp.inc...
[222/582] Building LLVMTypes.h.inc...
[223/582] Building ShardingInterface.cpp.inc...
[224/582] Building LinalgTransformOpsEnums.h.inc...
[225/582] Building ShardingInterface.h.inc...
[226/582] Building ShardAttributes.cpp.inc...
[227/582] Building ShardAttributes.h.inc...
[228/582] Building GPUOpsAttributes.cpp.inc...
[229/582] Building ShardDialect.h.inc...
[230/582] Building ShardDialect.cpp.inc...
[231/582] Building ShardEnums.h.inc...
[232/582] Building GPUOpsAttributes.h.inc...
[233/582] Building ShardEnums.cpp.inc...
[234/582] Building Passes.h.inc...
[235/582] Building ShardTypes.h.inc...
[236/582] Building ShardTypes.cpp.inc...
[237/582] Building Passes.h.inc...
[238/582] Building MLProgramOpsDialect.h.inc...
[239/582] Building ShardOps.h.inc...
[240/582] Building MLProgramOps.h.inc...
[241/582] Building MLProgramOpsTypes.cpp.inc...
[242/582] Building MLProgramOpsTypes.h.inc...
[243/582] Building LinalgStructuredOps.cpp.inc...
[244/582] Building MLProgramOps.cpp.inc...
[245/582] Building MLProgramOpsDialect.cpp.inc...
[246/582] Building ShardOps.cpp.inc...
[247/582] Building MLProgramAttributes.cpp.inc...
[248/582] Building MLProgramAttributes.h.inc...
[249/582] Building MPI.cpp.inc...
[250/582] Building MPI.h.inc...
[251/582] Building MPIDialect.h.inc...
[252/582] Building MPITypes.cpp.inc...
[253/582] Building MPIDialect.cpp.inc...
[254/582] Building MPITypes.h.inc...
[255/582] Building MPIOps.cpp.inc...
[256/582] Building NVGPU.cpp.inc...
[257/582] Building NVGPUDialect.cpp.inc...
[258/582] Building MLProgramTypes.cpp.inc...
[259/582] Building LinalgStructuredOps.h.inc...
[260/582] Building MPIOps.h.inc...
[261/582] Building NVGPU.h.inc...
[262/582] Building NVGPUTypes.cpp.inc...
[263/582] Building NVGPUTypes.h.inc...
[264/582] Building NVGPUDialect.h.inc...
[265/582] Building MLProgramTypes.h.inc...
[266/582] Building Passes.capi.cpp.inc...
[267/582] Building Passes.capi.h.inc...
[268/582] Building NVGPUOps.cpp.inc...
[269/582] Building Passes.h.inc...
[270/582] Building NVGPUTransformOps.cpp.inc...
[271/582] Building NVGPUTransformOps.h.inc...
[272/582] Building NVGPUOps.h.inc...
[273/582] Building MPITypesGen.cpp.inc...
[274/582] Building MPITypesGen.h.inc...
[275/582] Building LinalgRelayoutOps.cpp.inc...
[276/582] Building LinalgRelayoutOps.h.inc...
[277/582] Building LLVMIntrinsicOps.cpp.inc...
[278/582] Building OpenACCTypeInterfaces.cpp.inc...
[279/582] Building OpenACCTypeInterfaces.h.inc...
[280/582] Building OpenACCOpsTypes.h.inc...
[281/582] Building OpenACCOpsDialect.cpp.inc...
[282/582] Building Passes.h.inc...
[283/582] Building LLVMIntrinsicOps.h.inc...
[284/582] Building OpenACCOpsTypes.cpp.inc...
[285/582] Building LinalgInterfaces.h.inc...
[286/582] Building OpenACCOpsDialect.h.inc...
[287/582] Building PDLOps.cpp.inc...
[288/582] Building PDLOps.h.inc...
[289/582] Building MPIAttrDefs.cpp.inc...
[290/582] Building MPIAttrDefs.h.inc...
[291/582] Building LinalgInterfaces.cpp.inc...
[292/582] Building MPIEnums.h.inc...
[293/582] Building OpenACCOps.cpp.inc...
[294/582] Building NVGPUEnums.cpp.inc...
[295/582] Building NVGPUEnums.h.inc...
[296/582] Building MPIEnums.cpp.inc...
[297/582] Building PDLOpsDialect.cpp.inc...
[298/582] Building PDLOpsDialect.h.inc...
[299/582] Building PDLOpsTypes.cpp.inc...
[300/582] Building LLVMAttrInterfaces.cpp.inc...
[301/582] Building LLVMAttrInterfaces.h.inc...
[302/582] Building LLVMInterfaces.cpp.inc...
[303/582] Building LLVMTypeInterfaces.cpp.inc...
[304/582] Building LLVMInterfaces.h.inc...
[305/582] Building LLVMTypeInterfaces.h.inc...
[306/582] Building PDLOpsTypes.h.inc...
[307/582] Building OpenACCOps.h.inc...
[308/582] Building PDLInterpOps.h.inc...
[309/582] Building PDLInterpOpsDialect.cpp.inc...
[310/582] Building PDLInterpOps.cpp.inc...
[311/582] Building PDLInterpOpsTypes.cpp.inc...
[312/582] Building PDLInterpOpsTypes.h.inc...
[313/582] Building PDLInterpOpsDialect.h.inc...
[314/582] Building NVGPUAttrDefs.cpp.inc...
[315/582] Building NVGPUAttrDefs.h.inc...
[316/582] Building PtrOpsTypes.h.inc...
[317/582] Building PtrOps.h.inc...
[318/582] Building PtrOpsDialect.cpp.inc...
[319/582] Building PtrOpsAttrs.cpp.inc...
[320/582] Building PtrOpsTypes.cpp.inc...
[321/582] Building PtrOpsDialect.h.inc...
[322/582] Building PtrOps.cpp.inc...
[323/582] Building PtrOpsAttrs.h.inc...
[324/582] Building LLVMConversionEnumsFromLLVM.inc...
[325/582] Building NVGPUTypeDefs.h.inc...
[326/582] Building QuantOpsTypes.h.inc...
[327/582] Building Passes.h.inc...
[328/582] Building QuantOps.cpp.inc...
[329/582] Building QuantOps.h.inc...
[330/582] Building QuantOpsDialect.h.inc...
[331/582] Building QuantOpsTypes.cpp.inc...
[332/582] Building QuantDialectBytecode.cpp.inc...
[333/582] Building QuantOpsDialect.cpp.inc...
[334/582] Building NVGPUTypeDefs.cpp.inc...
[335/582] Building LLVMConversions.inc...
[336/582] Building SCFOps.cpp.inc...
[337/582] Building MemorySpaceAttrInterfaces.cpp.inc...
[338/582] Building MemorySpaceAttrInterfaces.h.inc...
[339/582] Building LLVMConversionEnumsToLLVM.inc...
[340/582] Building LLVMOpFromLLVMIRConversions.inc...
[341/582] Building SCFOps.h.inc...
[342/582] Building SCFOpsDialect.h.inc...
[343/582] Building SCFOpsTypes.cpp.inc...
[344/582] Building SCFOpsTypes.h.inc...
[345/582] Building Passes.h.inc...
[346/582] Building SCFOpsDialect.cpp.inc...
[347/582] Building SCFTransformOps.cpp.inc...
[348/582] Building SCFTransformOps.h.inc...
[349/582] Building ShapeOpsDialect.cpp.inc...
[350/582] Building Passes.h.inc...
[351/582] Building ShapeOps.cpp.inc...
[352/582] Building ShapeOpsDialect.h.inc...
[353/582] Building ShapeOpsTypes.h.inc...
[354/582] Building ShapeOpsTypes.cpp.inc...
[355/582] Building ShapeOps.h.inc...
[356/582] Building PtrOpsEnums.cpp.inc...
[357/582] Building PtrOpsEnums.h.inc...
[358/582] Building SMTDialect.h.inc...
[359/582] Building SMTDialect.cpp.inc...
[360/582] Building SMTTypes.cpp.inc...
[361/582] Building SMTTypes.h.inc...
[362/582] Building SparseTensorOpsDialect.cpp.inc...
[363/582] Building LLVMConvertibleLLVMIRIntrinsics.inc...
[364/582] Building LLVMIntrinsicConversions.inc...
[365/582] Building SMTAttributes.cpp.inc...
[366/582] Building SparseTensorOpsTypes.h.inc...
[367/582] Building SparseTensorOpsTypes.cpp.inc...
[368/582] Building SMTAttributes.h.inc...
[369/582] Building SMT.h.inc...
[370/582] Building SparseTensorOpsDialect.h.inc...
[371/582] Building SparseTensorAttrDefs.cpp.inc...
[372/582] Building Passes.capi.cpp.inc...
[373/582] Building SMT.cpp.inc...
[374/582] Building SparseTensorOps.cpp.inc...
[375/582] Building SparseTensorAttrDefs.h.inc...
[376/582] Building SparseTensorAttrEnums.cpp.inc...
[377/582] Building SparseTensorAttrEnums.h.inc...
[378/582] Building SparseTensorTransformOps.h.inc...
[379/582] Building Passes.capi.h.inc...
[380/582] Building Passes.h.inc...
[381/582] Building LLVMIntrinsicFromLLVMIRConversions.inc...
[382/582] Building SparseTensorOps.h.inc...
[383/582] Building SparseTensorTransformOps.cpp.inc...
[384/582] Building SMTEnums.h.inc...
[385/582] Building Passes.h.inc...
[386/582] Building SMTEnums.cpp.inc...
[387/582] Building LLVMDialectBytecode.cpp.inc...
[388/582] Building SparseTensorTypes.cpp.inc...
[389/582] Building TensorOpsDialect.cpp.inc...
[390/582] Building SparseTensorTypes.h.inc...
[391/582] Building TensorOpsTypes.cpp.inc...
[392/582] Building Passes.h.inc...
[393/582] Building TensorOpsDialect.h.inc...
[394/582] Building TensorOpsTypes.h.inc...
[395/582] Building TensorOps.h.inc...
[396/582] Building TensorOps.cpp.inc...
[397/582] Building SPIRVEnums.cpp.inc...
[398/582] Building BasicPtxBuilderInterface.cpp.inc...
[399/582] Building SPIRVEnums.h.inc...
[400/582] Building BasicPtxBuilderInterface.h.inc...
[401/582] Building SparseTensorInterfaces.cpp.inc...
[402/582] Building SparseTensorInterfaces.h.inc...
[403/582] Building SPIRVOpsTypes.cpp.inc...
[404/582] Building TensorTransformOps.cpp.inc...
[405/582] Building TensorTransformOps.h.inc...
[406/582] Building TosaOpsDialect.cpp.inc...
[407/582] Building SPIRVOpsTypes.h.inc...
[408/582] Building SPIRVOpsDialect.cpp.inc...
[409/582] Building SPIRVOpsDialect.h.inc...
[410/582] Building NVVMRequiresSMTraits.h.inc...
[411/582] Building TosaOpsDialect.h.inc...
[412/582] Building TosaOpsTypes.cpp.inc...
[413/582] Building TosaOpsTypes.h.inc...
[414/582] Building TosaOps.h.inc...
[415/582] Building NVVMRequiresSMTraits.cpp.inc...
[416/582] Building Passes.h.inc...
[417/582] Building TosaAttributes.cpp.inc...
[418/582] Building TosaOps.cpp.inc...
[419/582] Building DebugExtensionOps.cpp.inc...
[420/582] Building TransformDialect.cpp.inc...
[421/582] Building TosaAttributes.h.inc...
[422/582] Building TosaOpsTypesBase.cpp.inc...
[423/582] Building DebugExtensionOps.h.inc...
[424/582] Building TosaOpsTypesBase.h.inc...
[425/582] Building TransformDialect.h.inc...
[426/582] Building IRDLExtensionOps.h.inc...
[427/582] Building IRDLExtensionOps.cpp.inc...
[428/582] Building SPIRVCapabilityImplication.inc...
[429/582] Building SPIRVEnumAvailability.h.inc...
[430/582] Building SPIRVEnumAvailability.cpp.inc...
[431/582] Building SPIRVOps.h.inc...
[432/582] Building TosaDialectBytecode.cpp.inc...
[433/582] Building TransformTypes.cpp.inc...
[434/582] Building SPIRVOps.cpp.inc...
[435/582] Building TosaEnums.h.inc...
[436/582] Building TosaEnums.cpp.inc...
[437/582] Building NVVMConversions.inc...
[438/582] Building TransformTypes.h.inc...
[439/582] Building SPIRVAvailability.cpp.inc...
[440/582] Building NVVMOpsTypes.h.inc...
[441/582] Building NVVMOpsTypes.cpp.inc...
[442/582] Building SPIRVOpAvailabilityImpl.inc...
[443/582] Building TosaAvailability.h.inc...
[444/582] Building NVVMOpsAttributes.cpp.inc...
[445/582] Building NVVMOpsAttributes.h.inc...
[446/582] Building TosaAvailability.cpp.inc...
[447/582] Building NVVMOpsEnums.cpp.inc...
[448/582] Building TransformDialectEnums.cpp.inc...
[449/582] Building NVVMOpsDialect.cpp.inc...
[450/582] Building SPIRVAvailability.h.inc...
[451/582] Building TransformDialectEnums.h.inc...
[452/582] Building NVVMOpsDialect.h.inc...
[453/582] Building Passes.h.inc...
[454/582] Building TosaOpAvailabilityImpl.inc...
[455/582] Building NVVMOpsEnums.h.inc...
[456/582] Building LoopExtensionOps.cpp.inc...
[457/582] Building PDLExtensionOps.h.inc...
[458/582] Building UBOps.h.inc...
[459/582] Building PDLExtensionOps.cpp.inc...
[460/582] Building NVVMOps.cpp.inc...
[461/582] Building LoopExtensionOps.h.inc...
[462/582] Building TuneExtensionOps.cpp.inc...
[463/582] Building TuneExtensionOps.h.inc...
[464/582] Building NVVMConvertibleLLVMIRIntrinsics.inc...
[465/582] Building NVVMFromLLVMIRConversions.inc...
[466/582] Building UBOps.cpp.inc...
[467/582] Building TransformAttrs.cpp.inc...
[468/582] Building UBOpsAttributes.cpp.inc...
[469/582] Building UBOpsAttributes.h.inc...
[470/582] Building TransformAttrs.h.inc...
[471/582] Building UBOpsDialect.cpp.inc...
[472/582] Building UBOpsDialect.h.inc...
[473/582] Building DialectUtilsEnums.cpp.inc...
[474/582] Building NVVMOps.h.inc...
[475/582] Building DialectUtilsEnums.h.inc...
[476/582] Building Vector.cpp.inc...
[477/582] Building Vector.h.inc...
[478/582] Building VectorDialect.cpp.inc...
[479/582] Building VectorDialect.h.inc...
[480/582] Building VectorTypes.cpp.inc...
[481/582] Building VectorTypes.h.inc...
[482/582] Building UBOpsInterfaces.cpp.inc...
[483/582] Building TransformOpsDialect.cpp.inc...
[484/582] Building UBOpsInterfaces.h.inc...
[485/582] Building ROCDLOpsDialect.cpp.inc...
[486/582] Building ROCDLOpsTypes.cpp.inc...
[487/582] Building ROCDLOpsTypes.h.inc...
[488/582] Building TransformOps.h.inc...
[489/582] Building ROCDLOpsDialect.h.inc...
[490/582] Building TransformOpsTypes.cpp.inc...
[491/582] Building ROCDLOpsAttributes.cpp.inc...
[492/582] Building ROCDLOpsAttributes.h.inc...
[493/582] Building TransformOpsDialect.h.inc...
[494/582] Building TransformOpsTypes.h.inc...
[495/582] Building ROCDLConversions.inc...
[496/582] Building TransformOps.cpp.inc...
[497/582] Building Passes.h.inc...
[498/582] Building VectorTransformOps.cpp.inc...
[499/582] Building WasmSSAInterfaces.h.inc...
[500/582] Building SPIRVSerialization.inc...
[501/582] Building VectorTransformsEnums.cpp.inc...
[502/582] Building VectorTransformsEnums.h.inc...
[503/582] Building WasmSSAInterfaces.cpp.inc...
[504/582] Building WasmSSATypeConstraints.cpp.inc...
[505/582] Building VectorTransformOps.h.inc...
[506/582] Building WasmSSATypeConstraints.h.inc...
[507/582] Building X86Vector.cpp.inc...
[508/582] Building VCIXOps.h.inc...
[509/582] Building X86VectorDialect.cpp.inc...
[510/582] Building X86VectorDialect.h.inc...
[511/582] Building X86Vector.h.inc...
[512/582] Building VCIXOpsTypes.cpp.inc...
[513/582] Building VCIXOps.cpp.inc...
[514/582] Building VCIXOpsDialect.cpp.inc...
[515/582] Building VCIXOpsDialect.h.inc...
[516/582] Building VCIXConversions.inc...
[517/582] Building VCIXOpsAttributes.h.inc...
[518/582] Building VCIXOpsAttributes.cpp.inc...
[519/582] Building WasmSSAOpsDialect.cpp.inc...
[520/582] Building VCIXOpsTypes.h.inc...
[521/582] Building X86VectorTypes.cpp.inc...
[522/582] Building ROCDLOps.h.inc...
[523/582] Building WasmSSAOpsTypes.cpp.inc...
[524/582] Building X86VectorTypes.h.inc...
[525/582] Building WasmSSAOpsDialect.h.inc...
[526/582] Building X86VectorTransformOps.cpp.inc...
[527/582] Building X86VectorTransformOps.h.inc...
[528/582] Building SPIRVAttrUtils.inc...
[529/582] Building WasmSSAOps.cpp.inc...
[530/582] Building WasmSSAOpsTypes.h.inc...
[531/582] Building XeGPUDialect.cpp.inc...
[532/582] Building XeGPU.cpp.inc...
[533/582] Building XeGPU.h.inc...
[534/582] Building WasmSSAOps.h.inc...
[535/582] Building XeVMOpsDialect.h.inc...
[536/582] Building ROCDLOps.cpp.inc...
[537/582] Building XeVMOps.cpp.inc...
[538/582] Building XeVMOpsTypes.cpp.inc...
[539/582] Building XeVMOpsDialect.cpp.inc...
[540/582] Building XeVMConversions.inc...
[541/582] Building XeVMOpsAttributes.h.inc...
[542/582] Building XeVMOpsTypes.h.inc...
[543/582] Building XeVMOpsEnums.h.inc...
[544/582] Building XeVMOps.h.inc...
[545/582] Building XeVMOpsAttributes.cpp.inc...
[546/582] Building XeVMOpsEnums.cpp.inc...
[547/582] Building Passes.h.inc...
[548/582] Building XeGPUDialect.h.inc...
[549/582] Building Transforms.capi.cpp.inc...
[550/582] Building Transforms.capi.h.inc...
[551/582] Building XeGPUTypes.h.inc...
[552/582] Building Passes.h.inc...
[553/582] Building Passes.h.inc...
[554/582] Building XeGPUTypes.cpp.inc...
[555/582] Building XeGPUAttrs.h.inc...
[556/582] Building XeGPUAttrs.cpp.inc...
[557/582] Building SPIRVAttributes.cpp.inc...
[558/582] Building SPIRVAttributes.h.inc...
[559/582] Building XeGPUEnums.cpp.inc...
[560/582] Building XeGPUEnums.h.inc...
[561/582] Building XeGPUAttrInterface.cpp.inc...
[562/582] Building XeGPUAttrInterface.h.inc...
[563/582] Building CXX object tools/mlir/lib/Dialect/IRDL/CMakeFiles/obj.MLIRIRDL.dir/IRDLVerifiers.cpp.o
[564/582] Building CXX object tools/mlir/lib/Dialect/CMakeFiles/obj.MLIRDialect.dir/Traits.cpp.o
[565/582] Linking CXX static library lib/libMLIRDialect.a
[566/582] Building CXX object tools/mlir/lib/Interfaces/CMakeFiles/obj.MLIRSideEffectInterfaces.dir/SideEffectInterfaces.cpp.o
[567/582] Linking CXX static library lib/libMLIRSideEffectInterfaces.a
[568/582] Building CXX object tools/mlir/lib/Tools/mlir-translate/CMakeFiles/obj.MLIRTranslateLib.dir/Translation.cpp.o
[569/582] Building CXX object tools/mlir/lib/Dialect/IRDL/CMakeFiles/obj.MLIRIRDL.dir/IRDLSymbols.cpp.o
[570/582] Building CXX object tools/mlir/lib/Interfaces/CMakeFiles/obj.MLIRInferTypeOpInterface.dir/InferTypeOpInterface.cpp.o
[571/582] Linking CXX static library lib/libMLIRInferTypeOpInterface.a
[572/582] Building CXX object tools/mlir/lib/Tools/mlir-translate/CMakeFiles/obj.MLIRTranslateLib.dir/MlirTranslateMain.cpp.o
[573/582] Linking CXX static library lib/libMLIRTranslateLib.a
[574/582] Building CXX object tools/mlir/lib/Target/IRDLToCpp/CMakeFiles/obj.MLIRTargetIRDLToCpp.dir/TranslationRegistration.cpp.o
[575/582] Building CXX object tools/mlir/lib/Dialect/IRDL/CMakeFiles/obj.MLIRIRDL.dir/IR/IRDLOps.cpp.o
[576/582] Building CXX object tools/mlir/tools/mlir-irdl-to-cpp/CMakeFiles/mlir-irdl-to-cpp.dir/mlir-irdl-to-cpp.cpp.o
[577/582] Building CXX object tools/mlir/lib/Dialect/IRDL/CMakeFiles/obj.MLIRIRDL.dir/IRDLLoading.cpp.o
[578/582] Building CXX object tools/mlir/lib/Target/IRDLToCpp/CMakeFiles/obj.MLIRTargetIRDLToCpp.dir/IRDLToCpp.cpp.o
[579/582] Building CXX object tools/mlir/lib/Dialect/IRDL/CMakeFiles/obj.MLIRIRDL.dir/IR/IRDL.cpp.o
[580/582] Linking CXX static library lib/libMLIRIRDL.a
[581/582] Linking CXX static library lib/libMLIRTargetIRDLToCpp.a
[582/582] Linking CXX executable bin/mlir-irdl-to-cpp
[2818/3560] Building CXX object tools/mlir/lib/Target/LLVMIR/Dialect/ArmSME/CMakeFiles/obj.MLIRArmSMEToLLVMIRTranslation.dir/ArmSMEToLLVMIRTranslation.cpp.o
[2820/3560] Building CXX object tools/mlir/lib/Target/LLVMIR/CMakeFiles/obj.MLIRTargetLLVMIRExport.dir/ModuleTranslation.cpp.o
[2821/3560] Building CXX object tools/mlir/lib/Target/SPIRV/Serialization/CMakeFiles/obj.MLIRSPIRVSerialization.dir/SerializeOps.cpp.o
[2822/3560] Building CXX object tools/mlir/lib/Target/LLVMIR/Dialect/GPU/CMakeFiles/obj.MLIRGPUToLLVMIRTranslation.dir/SelectObjectAttr.cpp.o
[2823/3560] Building CXX object tools/mlir/lib/Target/LLVMIR/Dialect/LLVMIR/CMakeFiles/obj.MLIRLLVMIRToLLVMTranslation.dir/LLVMIRToLLVMTranslation.cpp.o
[2824/3560] Building CXX object tools/mlir/lib/Target/LLVMIR/CMakeFiles/obj.MLIRTargetLLVMIRImport.dir/ModuleImport.cpp.o
[2825/3560] Linking CXX static library lib/libMLIRTargetLLVMIRImport.a
[2826/3560] Linking CXX static library lib/libMLIRLLVMIRToLLVMTranslation.a
[2827/3560] Building CXX object tools/mlir/lib/Target/LLVMIR/Dialect/SPIRV/CMakeFiles/obj.MLIRSPIRVToLLVMIRTranslation.dir/SPIRVToLLVMIRTranslation.cpp.o
[2828/3560] Building CXX object tools/mlir/lib/Target/LLVMIR/Transforms/CMakeFiles/obj.MLIRTargetLLVMIRTransforms.dir/TargetToDataLayout.cpp.o
[2829/3560] Building CXX object tools/mlir/lib/Target/LLVMIR/Dialect/Ptr/CMakeFiles/obj.MLIRPtrToLLVMIRTranslation.dir/PtrToLLVMIRTranslation.cpp.o
[2830/3560] Building CXX object tools/mlir/lib/Target/LLVMIR/Dialect/VCIX/CMakeFiles/obj.MLIRVCIXToLLVMIRTranslation.dir/VCIXToLLVMIRTranslation.cpp.o
[2831/3560] Building CXX object tools/mlir/lib/Target/LLVMIR/Dialect/OpenACC/CMakeFiles/obj.MLIROpenACCToLLVMIRTranslation.dir/OpenACCToLLVMIRTranslation.cpp.o
[2832/3560] Building CXX object tools/mlir/lib/Target/LLVMIR/Transforms/CMakeFiles/obj.MLIRTargetLLVMIRTransforms.dir/TargetToTargetFeatures.cpp.o
[2833/3560] Building CXX object tools/mlir/lib/Target/LLVMIR/Dialect/XeVM/CMakeFiles/obj.MLIRXeVMToLLVMIRTranslation.dir/XeVMToLLVMIRTranslation.cpp.o
[2834/3560] Building CXX object tools/mlir/lib/Target/LLVMIR/Transforms/CMakeFiles/obj.MLIRTargetLLVMIRTransforms.dir/TargetUtils.cpp.o
[2835/3560] Linking CXX static library lib/libMLIRTargetLLVMIRTransforms.a
[2836/3560] Building CXX object tools/mlir/lib/Target/LLVMIR/Dialect/NVVM/CMakeFiles/obj.MLIRLLVMIRToNVVMTranslation.dir/LLVMIRToNVVMTranslation.cpp.o
[2837/3560] Linking CXX static library lib/libMLIRLLVMIRToNVVMTranslation.a
[2838/3560] Building CXX object tools/mlir/lib/Tools/mlir-pdll-lsp-server/CMakeFiles/MLIRPdllLspServerLib.dir/Protocol.cpp.o
[2839/3560] Linking CXX static library lib/libMLIRFromLLVMIRTranslationRegistration.a
[2840/3560] Building CXX object tools/mlir/lib/Target/Wasm/CMakeFiles/obj.MLIRTargetWasmImport.dir/TranslateRegistration.cpp.o
[2841/3560] Building CXX object tools/mlir/lib/Tools/mlir-pdll-lsp-server/CMakeFiles/MLIRPdllLspServerLib.dir/MlirPdllLspServerMain.cpp.o
[2842/3560] Building CXX object tools/mlir/lib/Target/LLVM/CMakeFiles/obj.MLIRTargetLLVM.dir/ModuleToObject.cpp.o
[2843/3560] Building CXX object tools/mlir/lib/Target/LLVMIR/Dialect/LLVMIR/CMakeFiles/obj.MLIRLLVMToLLVMIRTranslation.dir/LLVMToLLVMIRTranslation.cpp.o
[2844/3560] Building CXX object tools/mlir/lib/Tools/mlir-pdll-lsp-server/CMakeFiles/MLIRPdllLspServerLib.dir/LSPServer.cpp.o
[2845/3560] Building CXX object tools/mlir/lib/Tools/Plugins/CMakeFiles/obj.MLIRPluginsLib.dir/PassPlugin.cpp.o
[2846/3560] Building CXX object tools/mlir/lib/Tools/Plugins/CMakeFiles/obj.MLIRPluginsLib.dir/DialectPlugin.cpp.o
[2847/3560] Linking CXX static library lib/libMLIRPluginsLib.a
[2848/3560] Building CXX object tools/mlir/lib/Tools/mlir-reduce/CMakeFiles/obj.MLIRReduceLib.dir/MlirReduceMain.cpp.o
[2849/3560] Building CXX object tools/mlir/lib/Tools/mlir-query/CMakeFiles/obj.MLIRQueryLib.dir/MlirQueryMain.cpp.o
[2850/3560] Linking CXX static library lib/libMLIRQueryLib.a
[2851/3560] Building CXX object tools/mlir/lib/Tools/PDLL/CodeGen/CMakeFiles/obj.MLIRPDLLCodeGen.dir/CPPGen.cpp.o
[2852/3560] Building CXX object tools/mlir/lib/Target/LLVMIR/Dialect/ROCDL/CMakeFiles/obj.MLIRROCDLToLLVMIRTranslation.dir/ROCDLToLLVMIRTranslation.cpp.o
[2853/3560] Building CXX object tools/mlir/lib/Target/LLVMIR/Dialect/NVVM/CMakeFiles/obj.MLIRNVVMToLLVMIRTranslation.dir/NVVMToLLVMIRTranslation.cpp.o
[2854/3560] Building CXX object tools/mlir/lib/Target/LLVM/CMakeFiles/obj.MLIRROCDLTarget.dir/ROCDL/Target.cpp.o
[2855/3560] Building CXX object tools/mlir/lib/Tools/mlir-opt/CMakeFiles/obj.MLIROptLib.dir/MlirOptMain.cpp.o
[2856/3560] Building CXX object tools/mlir/lib/Tools/PDLL/CodeGen/CMakeFiles/obj.MLIRPDLLCodeGen.dir/MLIRGen.cpp.o
[2857/3560] Linking CXX static library lib/libMLIROptLib.a
[2858/3560] Linking CXX static library lib/libMLIRPDLLCodeGen.a
[2859/3560] Building CXX object tools/mlir/lib/Transforms/CMakeFiles/obj.MLIRTransforms.dir/CompositePass.cpp.o
[2860/3560] Linking CXX executable bin/mlir-pdll
[2860/3560] Building native mlir-pdll...
[1/23] Building CXX object tools/mlir/lib/Tools/PDLL/ODS/CMakeFiles/obj.MLIRPDLLODS.dir/Constraint.cpp.o
[2/23] Building CXX object tools/mlir/lib/Tools/PDLL/ODS/CMakeFiles/obj.MLIRPDLLODS.dir/Operation.cpp.o
[3/23] Building CXX object tools/mlir/lib/Tools/PDLL/ODS/CMakeFiles/obj.MLIRPDLLODS.dir/Dialect.cpp.o
[4/23] Building CXX object tools/mlir/lib/Tools/PDLL/AST/CMakeFiles/obj.MLIRPDLLAST.dir/Diagnostic.cpp.o
[5/23] Building CXX object tools/mlir/lib/Tools/PDLL/Parser/CMakeFiles/MLIRPDLLParser.dir/CodeComplete.cpp.o
[6/23] Building CXX object tools/mlir/lib/Tools/PDLL/AST/CMakeFiles/obj.MLIRPDLLAST.dir/Context.cpp.o
[7/23] Building CXX object tools/mlir/lib/Tools/PDLL/Parser/CMakeFiles/MLIRPDLLParser.dir/Lexer.cpp.o
[8/23] Building CXX object tools/mlir/lib/Tools/PDLL/AST/CMakeFiles/obj.MLIRPDLLAST.dir/Types.cpp.o
[9/23] Building CXX object tools/mlir/lib/Tools/PDLL/AST/CMakeFiles/obj.MLIRPDLLAST.dir/Nodes.cpp.o
[10/23] Building CXX object tools/mlir/lib/Tools/PDLL/ODS/CMakeFiles/obj.MLIRPDLLODS.dir/Context.cpp.o
[11/23] Linking CXX static library lib/libMLIRPDLLODS.a
[12/23] Building CXX object tools/mlir/lib/Tools/PDLL/AST/CMakeFiles/obj.MLIRPDLLAST.dir/NodePrinter.cpp.o
[13/23] Linking CXX static library lib/libMLIRPDLLAST.a
[14/23] Building CXX object tools/mlir/lib/Dialect/PDL/IR/CMakeFiles/obj.MLIRPDLDialect.dir/PDLTypes.cpp.o
[15/23] Building CXX object tools/mlir/lib/Tools/PDLL/CodeGen/CMakeFiles/obj.MLIRPDLLCodeGen.dir/CPPGen.cpp.o
[16/23] Building CXX object tools/mlir/tools/mlir-pdll/CMakeFiles/mlir-pdll.dir/mlir-pdll.cpp.o
[17/23] Building CXX object tools/mlir/lib/Tools/PDLL/CodeGen/CMakeFiles/obj.MLIRPDLLCodeGen.dir/MLIRGen.cpp.o
[18/23] Building CXX object tools/mlir/lib/Tools/PDLL/Parser/CMakeFiles/MLIRPDLLParser.dir/Parser.cpp.o
[19/23] Linking CXX static library lib/libMLIRPDLLParser.a
[20/23] Building CXX object tools/mlir/lib/Dialect/PDL/IR/CMakeFiles/obj.MLIRPDLDialect.dir/PDL.cpp.o
[21/23] Linking CXX static library lib/libMLIRPDLDialect.a
[22/23] Linking CXX static library lib/libMLIRPDLLCodeGen.a
[23/23] Linking CXX executable bin/mlir-pdll
[2901/3560] Building CXX object tools/mlir/lib/CAPI/Dialect/CMakeFiles/obj.MLIRCAPIControlFlow.dir/ControlFlow.cpp.o
[2903/3560] Building CXX object tools/mlir/lib/CAPI/Dialect/CMakeFiles/obj.MLIRCAPIEmitC.dir/EmitC.cpp.o
[2904/3560] Building CXX object tools/mlir/lib/CAPI/Dialect/CMakeFiles/obj.MLIRCAPIIndex.dir/Index.cpp.o
[2905/3560] Building CXX object tools/mlir/lib/Target/Wasm/CMakeFiles/obj.MLIRTargetWasmImport.dir/TranslateFromWasm.cpp.o
[2906/3560] Linking CXX static library lib/libMLIRTargetWasmImport.a
[2907/3560] Building CXX object tools/mlir/lib/CAPI/Dialect/CMakeFiles/obj.MLIRCAPIMath.dir/Math.cpp.o
[2908/3560] Building CXX object tools/mlir/lib/CAPI/Dialect/CMakeFiles/obj.MLIRCAPIIRDL.dir/IRDL.cpp.o
[2909/3560] Building CXX object tools/mlir/lib/Transforms/Utils/CMakeFiles/obj.MLIRTransformUtils.dir/RegionUtils.cpp.o
[2910/3560] Building CXX object tools/mlir/lib/CAPI/Dialect/CMakeFiles/obj.MLIRCAPIMemRef.dir/MemRef.cpp.o
[2911/3560] Building CXX object tools/mlir/lib/CAPI/Dialect/CMakeFiles/obj.MLIRCAPIMLProgram.dir/MLProgram.cpp.o
[2912/3560] Building CXX object tools/mlir/lib/CAPI/Dialect/CMakeFiles/obj.MLIRCAPIGPU.dir/GPU.cpp.o
[2913/3560] Building CXX object tools/mlir/lib/CAPI/Dialect/CMakeFiles/obj.MLIRCAPINVGPU.dir/NVGPU.cpp.o
[2914/3560] Building CXX object tools/mlir/lib/CAPI/Dialect/CMakeFiles/obj.MLIRCAPIGPU.dir/GPUPasses.cpp.o
[2915/3560] Building CXX object tools/mlir/lib/CAPI/Dialect/CMakeFiles/obj.MLIRCAPISPIRV.dir/SPIRV.cpp.o
[2916/3560] Building CXX object tools/mlir/lib/CAPI/Dialect/CMakeFiles/obj.MLIRCAPIFunc.dir/Func.cpp.o
[2917/3560] Building CXX object tools/mlir/lib/CAPI/Dialect/CMakeFiles/obj.MLIRCAPIShape.dir/Shape.cpp.o
[2918/3560] Building CXX object tools/mlir/lib/CAPI/Dialect/CMakeFiles/obj.MLIRCAPISCF.dir/SCF.cpp.o
[2919/3560] Building CXX object tools/mlir/lib/CAPI/Dialect/CMakeFiles/obj.MLIRCAPISparseTensor.dir/SparseTensorPasses.cpp.o
[2920/3560] Building CXX object tools/mlir/lib/CAPI/Dialect/CMakeFiles/obj.MLIRCAPILinalg.dir/Linalg.cpp.o
[2921/3560] Building CXX object tools/mlir/lib/CAPI/Dialect/CMakeFiles/obj.MLIRCAPISparseTensor.dir/SparseTensor.cpp.o
[2922/3560] Building CXX object tools/mlir/lib/CAPI/Dialect/CMakeFiles/obj.MLIRCAPITransformDialect.dir/Transform.cpp.o
[2923/3560] Building CXX object tools/mlir/lib/CAPI/Dialect/CMakeFiles/obj.MLIRCAPILLVM.dir/LLVM.cpp.o
[2924/3560] Building CXX object tools/mlir/lib/CAPI/Dialect/CMakeFiles/obj.MLIRCAPITransformDialectTransforms.dir/TransformInterpreter.cpp.o
[2925/3560] Building CXX object tools/mlir/lib/CAPI/Dialect/CMakeFiles/obj.MLIRCAPITensor.dir/Tensor.cpp.o
[2926/3560] Building CXX object tools/mlir/lib/CAPI/Dialect/CMakeFiles/obj.MLIRCAPIQuant.dir/Quant.cpp.o
[2927/3560] Building CXX object tools/mlir/lib/Transforms/Utils/CMakeFiles/obj.MLIRTransformUtils.dir/DialectConversion.cpp.o
[2928/3560] Linking CXX static library lib/libMLIRTransformUtils.a
[2929/3560] Building CXX object tools/mlir/lib/CAPI/IR/CMakeFiles/obj.MLIRCAPIIR.dir/AffineExpr.cpp.o
[2930/3560] Linking CXX static library lib/libMLIRComplexToLibm.a
[2931/3560] Linking CXX static library lib/libMLIRComplexToROCDLLibraryCalls.a
[2932/3560] Building CXX object tools/mlir/lib/CAPI/Dialect/CMakeFiles/obj.MLIRCAPIPDL.dir/PDL.cpp.o
[2933/3560] Linking CXX static library lib/libMLIRFuncToEmitC.a
[2934/3560] Linking CXX static library lib/libMLIRMathToEmitC.a
[2935/3560] Linking CXX static library lib/libMLIRReduce.a
[2936/3560] Linking CXX static library lib/libMLIRReduceLib.a
[2937/3560] Building CXX object tools/mlir/lib/CAPI/Dialect/CMakeFiles/obj.MLIRCAPILinalg.dir/LinalgPasses.cpp.o
[2938/3560] Linking CXX static library lib/libMLIRSCFDialect.a
[2939/3560] Building CXX object tools/mlir/lib/CAPI/IR/CMakeFiles/obj.MLIRCAPIIR.dir/AffineMap.cpp.o
[2940/3560] Linking CXX static library lib/libMLIRControlFlowToSCF.a
[2941/3560] Building CXX object tools/mlir/lib/CAPI/Dialect/CMakeFiles/obj.MLIRCAPISMT.dir/SMT.cpp.o
[2942/3560] Linking CXX static library lib/libMLIRTransforms.a
[2943/3560] Linking CXX static library lib/libMLIRAffineAnalysis.a
[2944/3560] Linking CXX static library lib/libMLIRArithToAMDGPU.a
[2945/3560] Linking CXX static library lib/libMLIRArmNeon2dToIntr.a
[2946/3560] Linking CXX static library lib/libMLIRArmSMEDialect.a
[2947/3560] Linking CXX static library lib/libMLIRComplexToStandard.a
[2948/3560] Linking CXX static library lib/libMLIRLLVMCommonConversion.a
[2949/3560] Building CXX object tools/mlir/lib/ExecutionEngine/CMakeFiles/MLIRJitRunner.dir/JitRunner.cpp.o
[2950/3560] Linking CXX static library lib/libMLIRArithToArmSME.a
[2951/3560] Linking CXX static library lib/libMLIRArmSMEToSCF.a
[2952/3560] Linking CXX static library lib/libMLIRAMDGPUToROCDL.a
[2953/3560] Linking CXX static library lib/libMLIRConvertToLLVMPass.a
[2954/3560] Linking CXX static library lib/libMLIRControlFlowToLLVM.a
[2955/3560] Linking CXX static library lib/libMLIRComplexToLLVM.a
[2956/3560] Linking CXX static library lib/libMLIRIndexToLLVM.a
[2957/3560] Building CXX object tools/mlir/lib/ExecutionEngine/CMakeFiles/MLIRExecutionEngine.dir/ExecutionEngine.cpp.o
[2958/3560] Linking CXX static library lib/libMLIRMathToLLVM.a
[2959/3560] Linking CXX static library lib/libMLIRMathToXeVM.a
[2960/3560] Linking CXX static library lib/libMLIRMemRefToEmitC.a
[2961/3560] Linking CXX static library lib/libMLIRMPIToLLVM.a
[2962/3560] Linking CXX static library lib/libMLIROpenACCToSCF.a
[2963/3560] Linking CXX static library lib/libMLIRNVVMToLLVM.a
[2964/3560] Linking CXX static library lib/libMLIRMemRefToLLVM.a
[2965/3560] Linking CXX static library lib/libMLIRPtrToLLVM.a
[2966/3560] Linking CXX static library lib/libMLIRReconcileUnrealizedCasts.a
[2967/3560] Linking CXX static library lib/libMLIRLinalgDialect.a
[2968/3560] Linking CXX static library lib/libMLIRSCFToOpenMP.a
[2969/3560] Linking CXX static library lib/libMLIRShapeToStandard.a
[2970/3560] Linking CXX static library lib/libMLIRUBToLLVM.a
[2971/3560] Linking CXX static library lib/libMLIRVectorToArmSME.a
[2972/3560] Linking CXX static library lib/libMLIRXeVMToLLVM.a
[2973/3560] Linking CXX static library lib/libMLIRArmNeonTransforms.a
[2974/3560] Linking CXX static library lib/libMLIRAMXDialect.a
[2975/3560] Linking CXX static library lib/libMLIRAffineUtils.a
[2976/3560] Linking CXX static library lib/libMLIRArmSVETransforms.a
[2977/3560] Linking CXX static library lib/libMLIREmitCTransforms.a
[2978/3560] Linking CXX static library lib/libMLIRAMXTransforms.a
[2979/3560] Linking CXX static library lib/libMLIRFuncTransforms.a
[2980/3560] Linking CXX static library lib/libMLIRLinalgUtils.a
[2981/3560] Linking CXX static library lib/libMLIRAMDGPUTransforms.a
[2982/3560] Linking CXX static library lib/libMLIRSCFToEmitC.a
[2983/3560] Linking CXX static library lib/libMLIRArithToEmitC.a
[2984/3560] Linking CXX static library lib/libMLIRBufferizationTransforms.a
[2985/3560] Linking CXX static library lib/libMLIRLLVMIRTransforms.a
[2986/3560] Linking CXX static library lib/libMLIRVectorToAMX.a
[2987/3560] Linking CXX static library lib/libMLIRBufferizationToMemRef.a
[2988/3560] Linking CXX static library lib/libMLIRShardTransforms.a
[2989/3560] Linking CXX static library lib/libMLIRConvertToEmitC.a
[2990/3560] Linking CXX static library lib/libMLIRMLProgramDialect.a
[2991/3560] Linking CXX static library lib/libMLIRControlFlowTransforms.a
[2992/3560] Linking CXX static library lib/libMLIROpenMPTransforms.a
[2993/3560] Linking CXX static library lib/libMLIRMLProgramTransforms.a
[2994/3560] Linking CXX static library lib/libMLIRSCFUtils.a
[2995/3560] Linking CXX static library lib/libMLIRQuantTransforms.a
[2996/3560] Linking CXX static library lib/libMLIRArithTransforms.a
[2997/3560] Linking CXX static library lib/libMLIROpenACCTransforms.a
[2998/3560] Linking CXX static library lib/libMLIRSparseTensorUtils.a
[2999/3560] Linking CXX static library lib/libMLIRShapeOpsTransforms.a
[3000/3560] Linking CXX static library lib/libMLIRTensorTilingInterfaceImpl.a
[3001/3560] Linking CXX static library lib/libMLIRArithToLLVM.a
[3002/3560] Linking CXX static library lib/libMLIRArithToAPFloat.a
[3003/3560] Linking CXX static library lib/libMLIRTransformDialectInterfaces.a
[3004/3560] Linking CXX static library lib/libMLIRVectorUtils.a
[3005/3560] Linking CXX static library lib/libMLIRX86VectorDialect.a
[3006/3560] Linking CXX static library lib/libMLIRFuncToLLVM.a
[3007/3560] Building CXX object tools/mlir/lib/CAPI/IR/CMakeFiles/obj.MLIRCAPIIR.dir/Diagnostics.cpp.o
[3008/3560] Linking CXX static library lib/libMLIRMathToFuncs.a
[3009/3560] Linking CXX static library lib/libMLIRAsyncToLLVM.a
[3010/3560] Building CXX object tools/mlir/lib/CAPI/IR/CMakeFiles/obj.MLIRCAPIIR.dir/DialectHandle.cpp.o
[3011/3560] Linking CXX static library lib/libMLIRMathToLibm.a
[3012/3560] Building CXX object tools/mlir/lib/CAPI/Dialect/CMakeFiles/obj.MLIRCAPIROCDL.dir/ROCDL.cpp.o
[3013/3560] Building CXX object tools/mlir/lib/CAPI/Dialect/CMakeFiles/obj.MLIRCAPIVector.dir/Vector.cpp.o
[3014/3560] Linking CXX static library lib/libMLIRXeGPUDialect.a
[3015/3560] Linking CXX static library lib/libMLIROpenMPToLLVM.a
[3016/3560] Linking CXX static library lib/libMLIRTransformDialect.a
[3017/3560] Linking CXX static library lib/libMLIRX86VectorTransforms.a
[3018/3560] Linking CXX static library lib/libMLIRNVGPUTransforms.a
[3019/3560] Linking CXX static library lib/libMLIRArmSVEVectorTransformOps.a
[3020/3560] Linking CXX static library lib/libMLIRMathTransforms.a
[3021/3560] Linking CXX static library lib/libMLIRAffineTransforms.a
[3022/3560] Linking CXX static library lib/libMLIRTargetLLVMIRExport.a
[3023/3560] Building CXX object tools/mlir/lib/CAPI/IR/CMakeFiles/obj.MLIRCAPIIR.dir/BuiltinTypes.cpp.o
[3024/3560] Linking CXX static library lib/libMLIRArmNeonVectorTransformOps.a
[3025/3560] Linking CXX static library lib/libMLIRBufferizationTransformOps.a
[3026/3560] Linking CXX static library lib/libMLIRDLTITransformOps.a
[3027/3560] Linking CXX static library lib/libMLIRAffineTransformOps.a
[3028/3560] Linking CXX static library lib/libMLIRAffineToStandard.a
[3029/3560] Linking CXX static library lib/libMLIRFuncTransformOps.a
[3030/3560] Linking CXX static library lib/libMLIRTransformDialectIRDLExtension.a
[3031/3560] Linking CXX static library lib/libMLIRTransformDebugExtension.a
[3032/3560] Linking CXX static library lib/libMLIRTransformLoopExtension.a
[3033/3560] Linking CXX static library lib/libMLIRTransformPDLExtension.a
[3034/3560] Linking CXX static library lib/libMLIRTransformTuneExtension.a
[3035/3560] Linking CXX static library lib/libMLIRTensorTransforms.a
[3036/3560] Linking CXX static library lib/libMLIRTransformSMTExtension.a
[3037/3560] Linking CXX static library lib/libMLIRMemRefTransforms.a
[3038/3560] Linking CXX static library lib/libMLIRTransformDialectTransforms.a
[3039/3560] Linking CXX static library lib/libMLIRX86VectorTransformOps.a
[3040/3560] Linking CXX static library lib/libMLIRArmNeonToLLVMIRTranslation.a
[3041/3560] Linking CXX static library lib/libMLIRTensorTransformOps.a
[3042/3560] Linking CXX static library lib/libMLIRTosaTransforms.a
[3043/3560] Linking CXX static library lib/libMLIRBufferizationPipelines.a
[3044/3560] Linking CXX static library lib/libMLIRArmSMEToLLVMIRTranslation.a
[3045/3560] Linking CXX static library lib/libMLIRArmSVEToLLVMIRTranslation.a
[3046/3560] Linking CXX static library lib/libMLIRTosaToArith.a
[3047/3560] Linking CXX static library lib/libMLIRBuiltinToLLVMIRTranslation.a
[3048/3560] Building CXX object tools/mlir/lib/CAPI/IR/CMakeFiles/obj.MLIRCAPIIR.dir/BuiltinAttributes.cpp.o
[3049/3560] Linking CXX static library lib/libMLIRTosaToMLProgram.a
[3050/3560] Linking CXX static library lib/libMLIRTosaToSCF.a
[3051/3560] Linking CXX static library lib/libMLIRTosaToTensor.a
[3052/3560] Linking CXX static library lib/libMLIRGPUToLLVMIRTranslation.a
[3053/3560] Linking CXX static library lib/libMLIRSCFTransforms.a
[3054/3560] Linking CXX static library lib/libMLIRTosaToLinalg.a
[3055/3560] Linking CXX static library lib/libMLIRSCFToControlFlow.a
[3056/3560] Linking CXX static library lib/libMLIROpenACCToLLVMIRTranslation.a
[3057/3560] Linking CXX static library lib/libMLIRVectorTransforms.a
[3058/3560] Linking CXX static library lib/libMLIRNVVMToLLVMIRTranslation.a
[3059/3560] Linking CXX static library lib/libMLIRROCDLToLLVMIRTranslation.a
[3060/3560] Linking CXX static library lib/libMLIRSPIRVDialect.a
[3061/3560] Linking CXX static library lib/libMLIRArmSMETransforms.a
[3062/3560] Linking CXX static library lib/libMLIRLLVMToLLVMIRTranslation.a
[3063/3560] Linking CXX static library lib/libMLIROpenMPToLLVMIRTranslation.a
[3064/3560] Linking CXX static library lib/libMLIRAsyncTransforms.a
[3065/3560] Linking CXX static library lib/libMLIRSCFTransformOps.a
[3066/3560] Linking CXX static library lib/libMLIRVectorToGPU.a
[3067/3560] Linking CXX static library lib/libMLIRVectorToLLVM.a
[3068/3560] Linking CXX static library lib/libMLIRSPIRVModuleCombiner.a
[3069/3560] Linking CXX static library lib/libMLIRVectorToSCF.a
[3070/3560] Linking CXX static library lib/libMLIRArmSMEToLLVM.a
[3071/3560] Building CXX object tools/mlir/lib/CAPI/IR/CMakeFiles/obj.MLIRCAPIIR.dir/IntegerSet.cpp.o
[3072/3560] Linking CXX static library lib/libMLIRSPIRVUtils.a
[3073/3560] Linking CXX static library lib/libMLIRMemRefTransformOps.a
[3074/3560] Linking CXX static library lib/libMLIRSPIRVConversion.a
[3075/3560] Linking CXX static library lib/libMLIRVectorToLLVMPass.a
[3076/3560] Linking CXX static library lib/libMLIRXeGPUUtils.a
[3077/3560] Linking CXX static library lib/libMLIRSPIRVToLLVMIRTranslation.a
[3078/3560] Linking CXX static library lib/libMLIRComplexToSPIRV.a
[3079/3560] Linking CXX static library lib/libMLIRPtrToLLVMIRTranslation.a
[3080/3560] Building CXX object tools/mlir/lib/CAPI/IR/CMakeFiles/obj.MLIRCAPIIR.dir/Support.cpp.o
[3081/3560] Linking CXX static library lib/libMLIRSPIRVDeserialization.a
[3082/3560] Linking CXX static library lib/libMLIRFuncToSPIRV.a
[3083/3560] Linking CXX static library lib/libMLIRControlFlowToSPIRV.a
[3084/3560] Linking CXX static library lib/libMLIRUBToSPIRV.a
[3085/3560] Linking CXX static library lib/libMLIRIndexToSPIRV.a
[3086/3560] Linking CXX static library lib/libMLIRVectorTransformOps.a
[3087/3560] Linking CXX static library lib/libMLIRVectorToXeGPU.a
[3088/3560] Linking CXX static library lib/libMLIRMemRefToSPIRV.a
[3089/3560] Linking CXX static library lib/libMLIRArithToSPIRV.a
[3090/3560] Linking CXX static library lib/libMLIRMathToSPIRV.a
[3091/3560] Linking CXX static library lib/libMLIRXeGPUToXeVM.a
[3092/3560] Linking CXX static library lib/libMLIRSPIRVSerialization.a
[3093/3560] Linking CXX static library lib/libMLIRVCIXToLLVMIRTranslation.a
[3094/3560] Linking CXX static library lib/libMLIRXeVMToLLVMIRTranslation.a
[3095/3560] Linking CXX static library lib/libMLIRSPIRVToLLVM.a
[3096/3560] Linking CXX static library lib/libMLIRVectorToSPIRV.a
[3097/3560] Linking CXX static library lib/libMLIRTensorToSPIRV.a
[3098/3560] Linking CXX static library lib/libMLIRSPIRVTransforms.a
[3099/3560] Linking CXX static library lib/libMLIRSCFToSPIRV.a
[3100/3560] Linking CXX static library lib/libMLIRSPIRVTranslateRegistration.a
[3101/3560] Linking CXX static library lib/libMLIRSPIRVTarget.a
[3102/3560] Linking CXX static library lib/libMLIRTargetLLVM.a
[3103/3560] Linking CXX static library lib/libMLIRToLLVMIRTranslationRegistration.a
[3104/3560] Linking CXX static library lib/libMLIRExecutionEngine.a
[3105/3560] Linking CXX static library lib/libMLIRXeGPUTransforms.a
[3106/3560] Linking CXX static library lib/libMLIRNVVMTarget.a
[3107/3560] Linking CXX static library lib/libMLIRGPUToSPIRV.a
[3108/3560] Linking CXX static library lib/libMLIRROCDLTarget.a
[3109/3560] Linking CXX static library lib/libMLIRXeVMTarget.a
[3110/3560] Linking CXX static library lib/libMLIRXeGPUTransformOps.a
[3111/3560] Linking CXX static library lib/libMLIRGPUTransforms.a
[3112/3560] Linking CXX static library lib/libMLIRGPUToGPURuntimeTransforms.a
[3113/3560] Linking CXX static library lib/libMLIRGPUToLLVMSPV.a
[3114/3560] Linking CXX static library lib/libMLIRLinalgTransforms.a
[3115/3560] Linking CXX static library lib/libMLIRLinalgToStandard.a
[3116/3560] Linking CXX static library lib/libMLIRGPUToNVVMTransforms.a
[3117/3560] Building CXX object tools/mlir/lib/CAPI/IR/CMakeFiles/obj.MLIRCAPIIR.dir/Pass.cpp.o
[3118/3560] Linking CXX static library lib/libMLIRMathToROCDL.a
[3119/3560] Linking CXX static library lib/libMLIRShardToMPI.a
[3120/3560] Linking CXX static library lib/libMLIRNVGPUToNVVM.a
[3121/3560] Linking CXX static library lib/libMLIRGPUToROCDLTransforms.a
[3122/3560] Linking CXX static library lib/libMLIRTensorToLinalg.a
[3123/3560] Linking CXX static library lib/libMLIRSCFToGPU.a
[3124/3560] Linking CXX static library lib/libMLIRGPUTransformOps.a
[3125/3560] Linking CXX static library lib/libMLIRGPUPipelines.a
[3126/3560] Linking CXX static library lib/libMLIRNVGPUTransformOps.a
[3127/3560] Linking CXX static library lib/libMLIRLinalgTransformOps.a
[3128/3560] Linking CXX static library lib/libMLIRSparseTensorTransforms.a
[3129/3560] Linking CXX static library lib/libMLIRSparseTensorTransformOps.a
[3130/3560] Linking CXX static library lib/libMLIRSparseTensorPipelines.a
[3131/3560] Linking CXX static library lib/libMLIRRegisterAllDialects.a
[3132/3560] Building CXX object tools/mlir/lib/CAPI/RegisterEverything/CMakeFiles/obj.MLIRCAPIRegisterEverything.dir/RegisterEverything.cpp.o
[3133/3560] Linking CXX static library lib/libMLIRRegisterAllPasses.a
[3134/3560] Linking CXX static library lib/libMLIRRegisterAllExtensions.a
[3135/3560] Linking CXX static library lib/libMLIRJitRunner.a
[3136/3560] Building CXX object tools/mlir/lib/CAPI/Dialect/CMakeFiles/obj.MLIRCAPIOpenMP.dir/OpenMP.cpp.o
[3137/3560] Building CXX object tools/mlir/lib/CAPI/IR/CMakeFiles/obj.MLIRCAPIIR.dir/IR.cpp.o
[3138/3560] Linking CXX static library lib/libMLIRCAPIIR.a
[3139/3560] Linking CXX static library lib/libMLIRCAPIAMDGPU.a
[3140/3560] Linking CXX static library lib/libMLIRCAPIArith.a
[3141/3560] Building CXX object tools/mlir/lib/CAPI/Dialect/CMakeFiles/obj.MLIRCAPINVVM.dir/NVVM.cpp.o
[3142/3560] Linking CXX static library lib/libMLIRCAPIAsync.a
[3143/3560] Linking CXX static library lib/libMLIRCAPIControlFlow.a
[3144/3560] Linking CXX static library lib/libMLIRCAPIEmitC.a
[3145/3560] Linking CXX static library lib/libMLIRCAPIMath.a
[3146/3560] Building CXX object tools/mlir/lib/CAPI/Transforms/CMakeFiles/obj.MLIRCAPITransforms.dir/Passes.cpp.o
[3147/3560] Linking CXX static library lib/libMLIRCAPIMemRef.a
[3148/3560] Linking CXX static library lib/libMLIRCAPIGPU.a
[3149/3560] Linking CXX static library lib/libMLIRCAPIIndex.a
[3150/3560] Linking CXX static library lib/libMLIRCAPIIRDL.a
[3151/3560] Building CXX object tools/mlir/lib/CAPI/Target/CMakeFiles/obj.MLIRCAPIExportSMTLIB.dir/ExportSMTLIB.cpp.o
[3152/3560] Linking CXX static library lib/libMLIRCAPILinalg.a
[3153/3560] Linking CXX static library lib/libMLIRCAPILLVM.a
[3154/3560] Linking CXX static library lib/libMLIRCAPIMLProgram.a
[3155/3560] Linking CXX static library lib/libMLIRCAPINVGPU.a
[3156/3560] Linking CXX static library lib/libMLIRCAPINVVM.a
[3157/3560] Linking CXX static library lib/libMLIRCAPIROCDL.a
[3158/3560] Linking CXX static library lib/libMLIRCAPISCF.a
[3159/3560] Linking CXX static library lib/libMLIRCAPIShape.a
[3160/3560] Linking CXX static library lib/libMLIRCAPISparseTensor.a
[3161/3560] Linking CXX static library lib/libMLIRCAPITensor.a
[3162/3560] Linking CXX static library lib/libMLIRCAPIFunc.a
[3163/3560] Linking CXX static library lib/libMLIRCAPISPIRV.a
[3164/3560] Linking CXX static library lib/libMLIRCAPITransformDialect.a
[3165/3560] Linking CXX static library lib/libMLIRCAPITransformDialectTransforms.a
[3166/3560] Building CXX object tools/mlir/test/lib/Analysis/CMakeFiles/MLIRTestAnalysis.dir/TestLiveness.cpp.o
[3167/3560] Linking CXX static library lib/libMLIRCAPIQuant.a
[3168/3560] Linking CXX static library lib/libMLIRCAPIOpenMP.a
[3169/3560] Linking CXX static library lib/libMLIRCAPIPDL.a
[3170/3560] Linking CXX static library lib/libMLIRCAPIExportSMTLIB.a
[3171/3560] Linking CXX static library lib/libMLIRCAPISMT.a
[3172/3560] Linking CXX static library lib/libMLIRCAPIVector.a
[3173/3560] Building CXX object tools/mlir/test/lib/Analysis/CMakeFiles/MLIRTestAnalysis.dir/TestCallGraph.cpp.o
[3174/3560] Building CXX object tools/mlir/test/lib/Analysis/CMakeFiles/MLIRTestAnalysis.dir/TestCFGLoopInfo.cpp.o
[3175/3560] Building CXX object tools/mlir/test/lib/Analysis/CMakeFiles/MLIRTestAnalysis.dir/TestAliasAnalysis.cpp.o
[3176/3560] Building CXX object tools/mlir/lib/CAPI/Transforms/CMakeFiles/obj.MLIRCAPITransforms.dir/Rewrite.cpp.o
[3177/3560] Linking CXX static library lib/libMLIRCAPITransforms.a
[3178/3560] Linking CXX static library lib/libMLIRCAPIRegisterEverything.a
[3179/3560] Building CXX object tools/mlir/test/lib/Analysis/CMakeFiles/MLIRTestAnalysis.dir/TestMatchReduction.cpp.o
[3180/3560] Building CXX object tools/mlir/test/lib/Analysis/CMakeFiles/MLIRTestAnalysis.dir/TestDataFlowFramework.cpp.o
[3181/3560] Building CXX object tools/mlir/test/lib/Analysis/CMakeFiles/MLIRTestAnalysis.dir/TestSlice.cpp.o
[3182/3560] Building CXX object tools/mlir/test/lib/Analysis/CMakeFiles/MLIRTestAnalysis.dir/TestMemRefBoundCheck.cpp.o
[3183/3560] Building CXX object tools/mlir/test/lib/Analysis/CMakeFiles/MLIRTestAnalysis.dir/TestMemRefDependenceCheck.cpp.o
[3184/3560] Building CXX object tools/mlir/test/lib/Analysis/CMakeFiles/MLIRTestAnalysis.dir/TestTopologicalSort.cpp.o
[3185/3560] Building CXX object tools/mlir/test/lib/Analysis/CMakeFiles/MLIRTestAnalysis.dir/DataFlow/TestLivenessAnalysis.cpp.o
[3186/3560] Building CXX object tools/mlir/test/lib/Analysis/CMakeFiles/MLIRTestAnalysis.dir/TestMemRefStrideCalculation.cpp.o
[3187/3560] Building CXX object tools/mlir/lib/CAPI/ExecutionEngine/CMakeFiles/obj.MLIRCAPIExecutionEngine.dir/ExecutionEngine.cpp.o
[3188/3560] Building CXX object tools/mlir/test/lib/Analysis/CMakeFiles/MLIRTestAnalysis.dir/DataFlow/TestDeadCodeAnalysis.cpp.o
[3189/3560] Linking CXX static library lib/libMLIRCAPIExecutionEngine.a
[3190/3560] Building CXX object tools/mlir/test/lib/Analysis/CMakeFiles/MLIRTestAnalysis.dir/DataFlow/TestStridedMetadataRangeAnalysis.cpp.o
[3191/3560] Building CXX object tools/mlir/lib/CAPI/Target/CMakeFiles/obj.MLIRCAPITarget.dir/LLVMIR.cpp.o
[3192/3560] Linking CXX static library lib/libMLIRCAPITarget.a
[3193/3560] Building CXX object tools/mlir/test/lib/Analysis/CMakeFiles/MLIRTestAnalysis.dir/DataFlow/TestSparseBackwardDataFlowAnalysis.cpp.o
[3194/3560] Building CXX object tools/mlir/test/lib/Dialect/Affine/CMakeFiles/MLIRAffineTransformsTestPasses.dir/TestAffineLoopParametricTiling.cpp.o
[3195/3560] Building CXX object tools/mlir/test/lib/Conversion/VectorToSPIRV/CMakeFiles/MLIRTestVectorToSPIRV.dir/TestVectorReductionToSPIRVDotProd.cpp.o
[3196/3560] Building CXX object tools/mlir/test/lib/Dialect/Affine/CMakeFiles/MLIRAffineTransformsTestPasses.dir/TestAffineLoopUnswitching.cpp.o
[3197/3560] Linking CXX static library lib/libMLIRTestVectorToSPIRV.a
[3198/3560] Building CXX object tools/mlir/test/lib/Dialect/Affine/CMakeFiles/MLIRAffineTransformsTestPasses.dir/TestAffineDataCopy.cpp.o
[3199/3560] Building CXX object tools/mlir/test/lib/Dialect/Affine/CMakeFiles/MLIRAffineTransformsTestPasses.dir/TestAccessAnalysis.cpp.o
[3200/3560] Building CXX object tools/mlir/test/lib/Dialect/Affine/CMakeFiles/MLIRAffineTransformsTestPasses.dir/TestDecomposeAffineOps.cpp.o
[3201/3560] Building CXX object tools/mlir/test/lib/Conversion/MemRefToLLVM/CMakeFiles/MLIRTestMemRefToLLVMWithTransforms.dir/TestMemRefToLLVMWithTransforms.cpp.o
[3202/3560] Building CXX object tools/mlir/test/lib/Dialect/Affine/CMakeFiles/MLIRAffineTransformsTestPasses.dir/TestLoopFusion.cpp.o
[3203/3560] Building CXX object tools/mlir/lib/CAPI/Conversion/CMakeFiles/obj.MLIRCAPIConversion.dir/Passes.cpp.o
[3204/3560] Linking CXX static library lib/libMLIRCAPIConversion.a
[3205/3560] Building CXX object tools/mlir/test/lib/Conversion/ConvertToSPIRV/CMakeFiles/MLIRTestConvertToSPIRV.dir/TestSPIRVFuncSignatureConversion.cpp.o
[3206/3560] Building CXX object tools/mlir/test/lib/Conversion/ConvertToSPIRV/CMakeFiles/MLIRTestConvertToSPIRV.dir/TestSPIRVVectorUnrolling.cpp.o
[3207/3560] Linking CXX static library lib/libMLIRTestConvertToSPIRV.a
[3208/3560] Building CXX object tools/mlir/test/lib/Conversion/MathToVCIX/CMakeFiles/MLIRTestMathToVCIX.dir/TestMathToVCIXConversion.cpp.o
[3209/3560] Linking CXX static library lib/libMLIRTestMathToVCIX.a
[3210/3560] Building CXX object tools/mlir/test/lib/Dialect/Affine/CMakeFiles/MLIRAffineTransformsTestPasses.dir/TestLoopMapping.cpp.o
[3211/3560] Building CXX object tools/mlir/test/lib/Dialect/Affine/CMakeFiles/MLIRAffineTransformsTestPasses.dir/TestLoopPermutation.cpp.o
[3212/3560] Building CXX object tools/mlir/test/lib/Analysis/CMakeFiles/MLIRTestAnalysis.dir/DataFlow/TestDenseForwardDataFlowAnalysis.cpp.o
[3213/3560] Building CXX object tools/mlir/test/lib/Dialect/ArmSME/CMakeFiles/MLIRArmSMETestPasses.dir/TestLowerToArmSME.cpp.o
[3214/3560] Linking CXX static library lib/libMLIRArmSMETestPasses.a
[3215/3560] Building CXX object tools/mlir/test/lib/Analysis/CMakeFiles/MLIRTestAnalysis.dir/DataFlow/TestDenseBackwardDataFlowAnalysis.cpp.o
[3216/3560] Building CXX object tools/mlir/test/lib/Dialect/Bufferization/CMakeFiles/MLIRBufferizationTestPasses.dir/TestTensorCopyInsertion.cpp.o
[3217/3560] Building CXX object tools/mlir/test/lib/Conversion/FuncToLLVM/CMakeFiles/MLIRTestFuncToLLVM.dir/TestConvertFuncOp.cpp.o
[3218/3560] Building CXX object tools/mlir/test/lib/Dialect/Affine/CMakeFiles/MLIRAffineTransformsTestPasses.dir/TestVectorizationUtils.cpp.o
[3219/3560] Building CXX object tools/mlir/test/lib/Dialect/Bufferization/CMakeFiles/MLIRBufferizationTestPasses.dir/TestOneShotModuleBufferize.cpp.o
[3220/3560] Building CXX object tools/mlir/test/lib/Conversion/FuncToLLVM/CMakeFiles/MLIRTestFuncToLLVM.dir/TestConvertCallOp.cpp.o
[3221/3560] Building CXX object tools/mlir/test/lib/Dialect/Affine/CMakeFiles/MLIRAffineTransformsTestPasses.dir/TestReifyValueBounds.cpp.o
[3222/3560] Building CXX object tools/mlir/test/lib/Dialect/Bufferization/CMakeFiles/MLIRBufferizationTestPasses.dir/TestTensorLikeAndBufferLike.cpp.o
[3223/3560] Building CXX object tools/mlir/test/lib/Dialect/ControlFlow/CMakeFiles/MLIRControlFlowTestPasses.dir/TestAssert.cpp.o
[3224/3560] Linking CXX static library lib/libMLIRControlFlowTestPasses.a
[3225/3560] Building CXX object tools/mlir/test/lib/Dialect/Arith/CMakeFiles/MLIRArithTestPasses.dir/TestEmulateWideInt.cpp.o
[3226/3560] Linking CXX static library lib/libMLIRArithTestPasses.a
[3227/3560] Building CXX object tools/mlir/test/lib/Dialect/GPU/CMakeFiles/MLIRGPUTestPasses.dir/TestGpuMemoryPromotion.cpp.o
[3228/3560] Building CXX object tools/mlir/test/lib/Dialect/Linalg/CMakeFiles/MLIRLinalgTestPasses.dir/TestDataLayoutPropagation.cpp.o
[3229/3560] Building CXX object tools/mlir/test/lib/Dialect/Linalg/CMakeFiles/MLIRLinalgTestPasses.dir/TestLinalgDropUnitDims.cpp.o
[3230/3560] Building CXX object tools/mlir/test/lib/Dialect/DLTI/CMakeFiles/MLIRDLTITestPasses.dir/TestDataLayoutQuery.cpp.o
[3231/3560] Building CXX object tools/mlir/test/lib/Dialect/MemRef/CMakeFiles/MLIRMemRefTestPasses.dir/TestComposeSubView.cpp.o
[3232/3560] Building CXX object tools/mlir/test/lib/Dialect/Linalg/CMakeFiles/MLIRLinalgTestPasses.dir/TestLinalgDecomposeOps.cpp.o
[3233/3560] Building CXX object tools/mlir/test/lib/Dialect/OpenACC/CMakeFiles/MLIROpenACCTestPasses.dir/TestOpenACC.cpp.o
[3234/3560] Building CXX object tools/mlir/test/lib/Dialect/Func/CMakeFiles/MLIRFuncTestPasses.dir/TestDecomposeCallGraphTypes.cpp.o
[3235/3560] Building CXX object tools/mlir/test/lib/Dialect/Math/CMakeFiles/MLIRMathTestPasses.dir/TestAlgebraicSimplification.cpp.o
[3236/3560] Building CXX object tools/mlir/test/lib/Dialect/Linalg/CMakeFiles/MLIRLinalgTestPasses.dir/TestLinalgRankReduceContractionOps.cpp.o
[3237/3560] Building CXX object tools/mlir/test/lib/Dialect/Linalg/CMakeFiles/MLIRLinalgTestPasses.dir/TestLinalgElementwiseFusion.cpp.o
[3238/3560] Building CXX object tools/mlir/test/lib/Dialect/MemRef/CMakeFiles/MLIRMemRefTestPasses.dir/TestMultiBuffer.cpp.o
[3239/3560] Building CXX object tools/mlir/test/lib/Dialect/Linalg/CMakeFiles/MLIRLinalgTestPasses.dir/TestLinalgFusionTransforms.cpp.o
[3240/3560] Building CXX object tools/mlir/test/lib/Dialect/Linalg/CMakeFiles/MLIRLinalgTestPasses.dir/TestPadFusion.cpp.o
[3241/3560] Building CXX object tools/mlir/test/lib/Dialect/MemRef/CMakeFiles/MLIRMemRefTestPasses.dir/TestEmulateNarrowType.cpp.o
[3242/3560] Building CXX object tools/mlir/test/lib/Dialect/LLVM/CMakeFiles/MLIRLLVMTestPasses.dir/TestPatterns.cpp.o
[3243/3560] Building CXX object tools/mlir/test/lib/Dialect/LLVM/CMakeFiles/MLIRLLVMTestPasses.dir/TestLowerToLLVM.cpp.o
[3244/3560] Linking CXX static library lib/libMLIRLLVMTestPasses.a
[3245/3560] Building CXX object tools/mlir/test/lib/Dialect/Shard/CMakeFiles/MLIRShardTest.dir/TestOpLowering.cpp.o
[3246/3560] Building CXX object tools/mlir/test/lib/Dialect/Shard/CMakeFiles/MLIRShardTest.dir/TestSimplifications.cpp.o
[3247/3560] Building CXX object tools/mlir/test/lib/Dialect/GPU/CMakeFiles/MLIRGPUTestPasses.dir/TestGpuRewrite.cpp.o
[3248/3560] Linking CXX static library lib/libMLIRGPUTestPasses.a
[3249/3560] Building CXX object tools/mlir/test/lib/Dialect/Linalg/CMakeFiles/MLIRLinalgTestPasses.dir/TestLinalgTransforms.cpp.o
[3250/3560] Linking CXX static library lib/libMLIRLinalgTestPasses.a
[3251/3560] Building CXX object tools/mlir/test/lib/Dialect/Math/CMakeFiles/MLIRMathTestPasses.dir/TestPolynomialApproximation.cpp.o
[3252/3560] Linking CXX static library lib/libMLIRMathTestPasses.a
[3253/3560] Building CXX object tools/mlir/test/lib/Dialect/SCF/CMakeFiles/MLIRSCFTestPasses.dir/TestLoopParametricTiling.cpp.o
[3254/3560] Building CXX object tools/mlir/test/lib/Dialect/Shape/CMakeFiles/MLIRShapeTestPasses.dir/TestShapeMappingAnalysis.cpp.o
[3255/3560] Building CXX object tools/mlir/test/lib/Dialect/SCF/CMakeFiles/MLIRSCFTestPasses.dir/TestLoopUnrolling.cpp.o
[3256/3560] Building CXX object tools/mlir/test/lib/Dialect/OpenACC/CMakeFiles/MLIROpenACCTestPasses.dir/TestRecipePopulate.cpp.o
[3257/3560] Building CXX object tools/mlir/test/lib/Dialect/SCF/CMakeFiles/MLIRSCFTestPasses.dir/TestParallelLoopUnrolling.cpp.o
[3258/3560] Building CXX object tools/mlir/test/lib/Dialect/SCF/CMakeFiles/MLIRSCFTestPasses.dir/TestSCFWrapInZeroTripCheck.cpp.o
[3259/3560] Building CXX object tools/mlir/test/lib/Dialect/OpenACC/CMakeFiles/MLIROpenACCTestPasses.dir/TestOpenACCSupport.cpp.o
[3260/3560] Building CXX object tools/mlir/test/lib/Dialect/Shape/CMakeFiles/MLIRShapeTestPasses.dir/TestShapeFunctions.cpp.o
[3261/3560] Linking CXX static library lib/libMLIRShapeTestPasses.a
[3262/3560] Building CXX object tools/mlir/test/lib/Dialect/SCF/CMakeFiles/MLIRSCFTestPasses.dir/TestWhileOpBuilder.cpp.o
[3263/3560] Building CXX object tools/mlir/test/lib/Dialect/SCF/CMakeFiles/MLIRSCFTestPasses.dir/TestUpliftWhileToFor.cpp.o
[3264/3560] Building CXX object tools/mlir/test/lib/Dialect/OpenACC/CMakeFiles/MLIROpenACCTestPasses.dir/TestPointerLikeTypeInterface.cpp.o
[3265/3560] Linking CXX static library lib/libMLIROpenACCTestPasses.a
[3266/3560] Building CXX object tools/mlir/test/lib/Dialect/Shard/CMakeFiles/MLIRShardTest.dir/TestReshardingPartition.cpp.o
[3267/3560] Linking CXX static library lib/libMLIRShardTest.a
[3268/3560] Building CXX object tools/mlir/test/lib/Dialect/SCF/CMakeFiles/MLIRSCFTestPasses.dir/TestSCFUtils.cpp.o
[3269/3560] Building CXX object tools/mlir/test/lib/Dialect/Test/CMakeFiles/MLIRTestDialect.dir/TestInterfaces.cpp.o
[3270/3560] Linking CXX static library lib/libMLIRSCFTestPasses.a
[3271/3560] Building CXX object tools/mlir/test/lib/Dialect/Test/CMakeFiles/MLIRTestDialect.dir/TestFormatUtils.cpp.o
[3272/3560] Building CXX object tools/mlir/test/lib/Dialect/SPIRV/CMakeFiles/MLIRSPIRVTestPasses.dir/TestEntryPointAbi.cpp.o
[3273/3560] Building CXX object tools/mlir/test/lib/Dialect/SPIRV/CMakeFiles/MLIRSPIRVTestPasses.dir/TestModuleCombiner.cpp.o
[3274/3560] Building CXX object tools/mlir/test/lib/Dialect/NVGPU/CMakeFiles/MLIRNVGPUTestPasses.dir/TestNVGPUTransforms.cpp.o
[3275/3560] Linking CXX static library lib/libMLIRNVGPUTestPasses.a
[3276/3560] Building CXX object tools/mlir/test/lib/Dialect/Tensor/CMakeFiles/MLIRTensorTestPasses.dir/TestTensorTransforms.cpp.o
[3277/3560] Linking CXX static library lib/libMLIRTensorTestPasses.a
[3278/3560] Building CXX object tools/mlir/test/lib/Dialect/SPIRV/CMakeFiles/MLIRSPIRVTestPasses.dir/TestAvailability.cpp.o
[3279/3560] Linking CXX static library lib/libMLIRSPIRVTestPasses.a
[3280/3560] Building CXX object tools/mlir/test/lib/Dialect/Test/CMakeFiles/MLIRTestDialect.dir/TestOps.cpp.o
[3281/3560] Building CXX object tools/mlir/test/lib/Dialect/Test/CMakeFiles/MLIRTestDialect.dir/TestTraits.cpp.o
[3282/3560] Building CXX object tools/mlir/test/lib/Dialect/Test/CMakeFiles/MLIRTestDialect.dir/TestDialectInterfaces.cpp.o
[3283/3560] Building CXX object tools/mlir/test/lib/Dialect/Test/CMakeFiles/MLIRTestDialect.dir/TestDialect.cpp.o
[3284/3560] Building CXX object tools/mlir/test/lib/Dialect/Test/CMakeFiles/MLIRTestDialect.dir/TestOpDefs.cpp.o
[3285/3560] Building CXX object tools/mlir/test/lib/Dialect/Test/CMakeFiles/MLIRTestDialect.dir/TestTypes.cpp.o
[3286/3560] Building CXX object tools/mlir/test/lib/Dialect/Test/CMakeFiles/MLIRTestDialect.dir/TestAttributes.cpp.o
[3287/3560] Building CXX object tools/mlir/test/lib/Dialect/Test/CMakeFiles/MLIRTestDialect.dir/TestOps.0.cpp.o
[3288/3560] Building CXX object tools/mlir/test/lib/Dialect/Test/CMakeFiles/MLIRTestDialect.dir/TestOps.3.cpp.o
[3289/3560] Building CXX object tools/mlir/test/lib/Dialect/Test/CMakeFiles/MLIRTestDialect.dir/TestOps.2.cpp.o
[3290/3560] Building CXX object tools/mlir/test/lib/Dialect/Test/CMakeFiles/MLIRTestDialect.dir/TestOps.4.cpp.o
[3291/3560] Building CXX object tools/mlir/test/lib/Dialect/Test/CMakeFiles/MLIRTestDialect.dir/TestOps.5.cpp.o
[3292/3560] Building CXX object tools/mlir/test/lib/Dialect/Test/CMakeFiles/MLIRTestDialect.dir/TestOps.1.cpp.o
[3293/3560] Building CXX object tools/mlir/test/lib/Dialect/Test/CMakeFiles/MLIRTestDialect.dir/TestOps.6.cpp.o
[3294/3560] Building CXX object tools/mlir/test/lib/Dialect/Test/CMakeFiles/MLIRTestDialect.dir/TestOps.7.cpp.o
[3295/3560] Building CXX object tools/mlir/test/lib/Dialect/Test/CMakeFiles/MLIRTestDialect.dir/TestOps.9.cpp.o
[3296/3560] Building test_irdl_to_cpp.irdl.mlir...
[3297/3560] Building CXX object tools/mlir/test/lib/Dialect/TestDyn/CMakeFiles/MLIRTestDynDialect.dir/TestDynDialect.cpp.o
[3298/3560] Building CXX object tools/mlir/test/lib/Dialect/Test/CMakeFiles/MLIRTestDialect.dir/TestOps.8.cpp.o
[3299/3560] Linking CXX static library lib/libMLIRTestDynDialect.a
[3300/3560] Building CXX object tools/mlir/test/lib/Dialect/Test/CMakeFiles/MLIRTestDialect.dir/TestOps.12.cpp.o
[3301/3560] Building CXX object tools/mlir/test/lib/Dialect/Test/CMakeFiles/MLIRTestDialect.dir/TestOps.10.cpp.o
[3302/3560] Building CXX object tools/mlir/test/lib/Dialect/Test/CMakeFiles/MLIRTestDialect.dir/TestOps.11.cpp.o
[3303/3560] Building CXX object tools/mlir/test/lib/Dialect/Transform/CMakeFiles/MLIRTestTransformDialect.dir/TestPassStateExtensionCommunication.cpp.o
[3304/3560] Building CXX object tools/mlir/test/lib/Dialect/Test/CMakeFiles/MLIRTestDialect.dir/TestOps.20.cpp.o
[3305/3560] Building CXX object tools/mlir/test/lib/Dialect/Tosa/CMakeFiles/MLIRTosaTestPasses.dir/TestAvailability.cpp.o
[3306/3560] Building CXX object tools/mlir/test/lib/Dialect/Transform/CMakeFiles/MLIRTestTransformDialect.dir/TestTransformDialectInterpreter.cpp.o
[3307/3560] Building CXX object tools/mlir/test/lib/Dialect/Test/CMakeFiles/MLIRTestDialect.dir/TestOps.13.cpp.o
[3308/3560] Building CXX object tools/mlir/test/lib/Dialect/Tosa/CMakeFiles/MLIRTosaTestPasses.dir/TosaTestPasses.cpp.o
[3309/3560] Linking CXX static library lib/libMLIRTosaTestPasses.a
[3310/3560] Building CXX object tools/mlir/test/lib/Dialect/Transform/CMakeFiles/MLIRTestTransformDialect.dir/TestTransformStateExtension.cpp.o
[3311/3560] Building CXX object tools/mlir/test/lib/Dialect/Test/CMakeFiles/MLIRTestDialect.dir/TestPatterns.cpp.o
[3312/3560] Building CXX object tools/mlir/test/lib/Dialect/Test/CMakeFiles/MLIRTestDialect.dir/TestOps.14.cpp.o
[3313/3560] Building CXX object tools/mlir/test/lib/Interfaces/LoopLikeInterface/CMakeFiles/MLIRLoopLikeInterfaceTestPasses.dir/TestBlockInLoop.cpp.o
[3314/3560] Linking CXX static library lib/libMLIRLoopLikeInterfaceTestPasses.a
[3315/3560] Building CXX object tools/mlir/test/lib/Dialect/Test/CMakeFiles/MLIRTestDialect.dir/TestOps.15.cpp.o
[3316/3560] Building CXX object tools/mlir/test/lib/IR/CMakeFiles/MLIRTestIR.dir/TestAffineWalk.cpp.o
[3317/3560] Building CXX object tools/mlir/test/lib/Dialect/Test/CMakeFiles/MLIRTestDialect.dir/TestOps.17.cpp.o
[3318/3560] Building CXX object tools/mlir/test/lib/Dialect/TestIRDLToCpp/CMakeFiles/MLIRTestIRDLToCppDialect.dir/TestIRDLToCppDialect.cpp.o
[3319/3560] Building CXX object tools/mlir/test/lib/Dialect/Test/CMakeFiles/MLIRTestDialect.dir/TestOps.18.cpp.o
[3320/3560] Building CXX object tools/mlir/test/lib/Dialect/Test/CMakeFiles/MLIRTestFromLLVMIRTranslation.dir/TestFromLLVMIRTranslation.cpp.o
[3321/3560] Building CXX object tools/mlir/test/lib/IR/CMakeFiles/MLIRTestIR.dir/TestBuiltinAttributeInterfaces.cpp.o
[3322/3560] Building CXX object tools/mlir/test/lib/Dialect/Test/CMakeFiles/MLIRTestDialect.dir/TestOps.16.cpp.o
[3323/3560] Building CXX object tools/mlir/test/lib/Dialect/Test/CMakeFiles/MLIRTestToLLVMIRTranslation.dir/TestToLLVMIRTranslation.cpp.o
[3324/3560] Building CXX object tools/mlir/test/lib/Dialect/Test/CMakeFiles/MLIRTestDialect.dir/TestOps.19.cpp.o
[3325/3560] Building CXX object tools/mlir/test/lib/IR/CMakeFiles/MLIRTestIR.dir/TestDiagnosticsMetadata.cpp.o
[3326/3560] Building CXX object tools/mlir/test/lib/IR/CMakeFiles/MLIRTestIR.dir/TestDiagnostics.cpp.o
[3327/3560] Building CXX object tools/mlir/test/lib/IR/CMakeFiles/MLIRTestIR.dir/TestDominance.cpp.o
[3328/3560] Building CXX object tools/mlir/test/lib/IR/CMakeFiles/MLIRTestIR.dir/TestInterfaces.cpp.o
[3329/3560] Building CXX object tools/mlir/test/lib/IR/CMakeFiles/MLIRTestIR.dir/TestBuiltinDistinctAttributes.cpp.o
[3330/3560] Building CXX object tools/mlir/test/lib/IR/CMakeFiles/MLIRTestIR.dir/TestFunc.cpp.o
[3331/3560] Building CXX object tools/mlir/test/lib/IR/CMakeFiles/MLIRTestIR.dir/TestOpaqueLoc.cpp.o
[3332/3560] Building CXX object tools/mlir/test/lib/IR/CMakeFiles/MLIRTestIR.dir/TestOperationEquals.cpp.o
[3333/3560] Building CXX object tools/mlir/test/lib/Dialect/XeGPU/CMakeFiles/MLIRXeGPUTestPasses.dir/TestXeGPUTransforms.cpp.o
[3334/3560] Linking CXX static library lib/libMLIRXeGPUTestPasses.a
[3335/3560] Building CXX object tools/mlir/test/lib/IR/CMakeFiles/MLIRTestIR.dir/TestPrintDefUse.cpp.o
[3336/3560] Building CXX object tools/mlir/test/lib/IR/CMakeFiles/MLIRTestIR.dir/TestPrintInvalid.cpp.o
[3337/3560] Building CXX object tools/mlir/test/lib/IR/CMakeFiles/MLIRTestIR.dir/TestMatchers.cpp.o
[3338/3560] Building CXX object tools/mlir/test/lib/IR/CMakeFiles/MLIRTestIR.dir/TestPrintNesting.cpp.o
[3339/3560] Building CXX object tools/mlir/test/lib/IR/CMakeFiles/MLIRTestIR.dir/TestLazyLoading.cpp.o
[3340/3560] Building CXX object tools/mlir/test/lib/Dialect/Vector/CMakeFiles/MLIRVectorTestPasses.dir/TestVectorTransforms.cpp.o
[3341/3560] Linking CXX static library lib/libMLIRVectorTestPasses.a
[3342/3560] Building CXX object tools/mlir/test/lib/IR/CMakeFiles/MLIRTestIR.dir/TestClone.cpp.o
[3343/3560] Building CXX object tools/mlir/test/lib/IR/CMakeFiles/MLIRTestIR.dir/TestUseListOrders.cpp.o
[3344/3560] Building CXX object tools/mlir/test/lib/IR/CMakeFiles/MLIRTestIR.dir/TestVisitors.cpp.o
[3345/3560] Building CXX object tools/mlir/test/lib/Pass/CMakeFiles/MLIRTestPass.dir/TestDynamicPipeline.cpp.o
[3346/3560] Building TestPDLLPatterns.h.inc...
[3347/3560] Building CXX object tools/mlir/test/lib/IR/CMakeFiles/MLIRTestIR.dir/TestBytecodeRoundtrip.cpp.o
[3348/3560] Building TestDialectConversionPDLLPatterns.h.inc...
[3349/3560] Building CXX object tools/mlir/test/lib/Interfaces/TilingInterface/CMakeFiles/MLIRTilingInterfaceTestPasses.dir/TestTilingInterfaceTransformOps.cpp.o
[3350/3560] Linking CXX static library lib/libMLIRTilingInterfaceTestPasses.a
[3351/3560] Building CXX object tools/mlir/test/lib/IR/CMakeFiles/MLIRTestIR.dir/TestSlicing.cpp.o
[3352/3560] Building CXX object tools/mlir/test/lib/IR/CMakeFiles/MLIRTestIR.dir/TestRegions.cpp.o
[3353/3560] Building CXX object tools/mlir/test/lib/Reducer/CMakeFiles/MLIRTestReducer.dir/MLIRTestReducer.cpp.o
[3354/3560] Linking CXX static library lib/libMLIRTestReducer.a
[3355/3560] Building CXX object tools/mlir/test/lib/Dialect/Test/CMakeFiles/MLIRTestDialect.dir/TestOpsSyntax.cpp.o
[3356/3560] Linking CXX static library lib/libMLIRTestDialect.a
[3357/3560] Building CXX object tools/mlir/test/lib/IR/CMakeFiles/MLIRTestIR.dir/TestTypes.cpp.o
[3358/3560] Building CXX object tools/mlir/test/lib/Pass/CMakeFiles/MLIRTestPass.dir/TestRemarksPass.cpp.o
[3359/3560] Linking CXX static library lib/libMLIRTestAnalysis.a
[3360/3560] Linking CXX static library lib/libMLIRTestFuncToLLVM.a
[3361/3560] Linking CXX static library lib/libMLIRTestMemRefToLLVMWithTransforms.a
[3362/3560] Linking CXX static library lib/libMLIRAffineTransformsTestPasses.a
[3363/3560] Linking CXX static library lib/libMLIRDLTITestPasses.a
[3364/3560] Linking CXX static library lib/libMLIRFuncTestPasses.a
[3365/3560] Linking CXX static library lib/libMLIRBufferizationTestPasses.a
[3366/3560] Linking CXX static library lib/libMLIRMemRefTestPasses.a
[3367/3560] Linking CXX static library lib/libMLIRTestFromLLVMIRTranslation.a
[3368/3560] Linking CXX static library lib/libMLIRTestToLLVMIRTranslation.a
[3369/3560] Linking CXX static library lib/libMLIRTestIRDLToCppDialect.a
[3370/3560] Building CXX object tools/mlir/test/lib/Rewrite/CMakeFiles/MLIRTestRewrite.dir/TestPDLByteCode.cpp.o
[3371/3560] Building CXX object tools/mlir/test/lib/Transforms/CMakeFiles/MLIRTestTransforms.dir/TestCompositePass.cpp.o
[3372/3560] Linking CXX static library lib/libMLIRTestRewrite.a
[3373/3560] Building CXX object tools/mlir/test/lib/Transforms/CMakeFiles/MLIRTestTransforms.dir/TestControlFlowSink.cpp.o
[3374/3560] Building CXX object tools/mlir/test/lib/IR/CMakeFiles/MLIRTestIR.dir/TestSideEffects.cpp.o
[3375/3560] Building CXX object tools/mlir/tools/mlir-lsp-server/CMakeFiles/mlir-lsp-server.dir/mlir-lsp-server.cpp.o
[3376/3560] Building CXX object tools/mlir/tools/mlir-pdll-lsp-server/CMakeFiles/mlir-pdll-lsp-server.dir/mlir-pdll-lsp-server.cpp.o
[3377/3560] Building CXX object tools/mlir/test/lib/IR/CMakeFiles/MLIRTestIR.dir/TestSymbolUses.cpp.o
[3378/3560] Linking CXX executable bin/mlir-pdll-lsp-server
[3379/3560] Building CXX object tools/mlir/test/lib/IR/CMakeFiles/MLIRTestIR.dir/TestVisitorsGeneric.cpp.o
[3380/3560] Linking CXX static library lib/libMLIRTestIR.a
[3381/3560] Building CXX object tools/mlir/tools/mlir-opt/CMakeFiles/MLIRMlirOptMain.dir/mlir-opt.cpp.o
[3382/3560] Building CXX object tools/mlir/test/lib/Transforms/CMakeFiles/MLIRTestTransforms.dir/TestSingleFold.cpp.o
[3383/3560] Building CXX object tools/mlir/tools/mlir-translate/CMakeFiles/mlir-translate.dir/mlir-translate.cpp.o
[3384/3560] Building CXX object tools/mlir/tools/mlir-reduce/CMakeFiles/mlir-reduce.dir/mlir-reduce.cpp.o
[3385/3560] Building CXX object tools/mlir/tools/mlir-opt/CMakeFiles/mlir-opt.dir/mlir-opt.cpp.o
[3386/3560] Building CXX object tools/mlir/test/lib/Transforms/CMakeFiles/MLIRTestTransforms.dir/TestCommutativityUtils.cpp.o
[3387/3560] Building CXX object tools/mlir/test/lib/Tools/PDLL/CMakeFiles/MLIRTestPDLL.dir/TestPDLL.cpp.o
[3388/3560] Linking CXX static library lib/libMLIRTestPDLL.a
[3389/3560] Building CXX object tools/mlir/tools/tblgen-to-irdl/CMakeFiles/tblgen-to-irdl.dir/tblgen-to-irdl.cpp.o
[3390/3560] Building CXX object tools/mlir/test/lib/Pass/CMakeFiles/MLIRTestPass.dir/TestConvertToSPIRVPass.cpp.o
[3391/3560] Building CXX object tools/mlir/tools/mlir-query/CMakeFiles/mlir-query.dir/mlir-query.cpp.o
[3392/3560] Building CXX object tools/mlir/test/lib/Dialect/Transform/CMakeFiles/MLIRTestTransformDialect.dir/TestTransformDialectExtension.cpp.o
[3393/3560] Linking CXX static library lib/libMLIRTestTransformDialect.a
[3394/3560] Linking CXX executable bin/mlir-translate
[3395/3560] Linking CXX executable bin/llvm-readobj
[3396/3560] Generating ../../bin/llvm-readelf
[3397/3560] Linking CXX executable bin/llvm-profgen
[3398/3560] Building CXX object tools/mlir/test/lib/Pass/CMakeFiles/MLIRTestPass.dir/TestSPIRVCPURunnerPipeline.cpp.o
[3399/3560] Building CXX object tools/mlir/examples/minimal-opt/CMakeFiles/mlir-minimal-opt.dir/mlir-minimal-opt.cpp.o
[3400/3560] Linking CXX executable bin/llvm-readtapi
[3401/3560] Linking CXX executable bin/mlir-minimal-opt
[3402/3560] Building CXX object tools/mlir/tools/mlir-rewrite/CMakeFiles/mlir-rewrite.dir/mlir-rewrite.cpp.o
[3403/3560] Building CXX object tools/mlir/test/lib/Pass/CMakeFiles/MLIRTestPass.dir/TestPassManager.cpp.o
[3404/3560] Linking CXX executable bin/mlir-reduce
[3405/3560] Building CXX object tools/mlir/test/lib/Transforms/CMakeFiles/MLIRTestTransforms.dir/TestTransformsOps.cpp.o
[3406/3560] Building CXX object tools/llvm-reduce/CMakeFiles/llvm-reduce.dir/deltas/ReduceGlobalVarInitializers.cpp.o
[3407/3560] Building CXX object tools/llvm-reduce/CMakeFiles/llvm-reduce.dir/deltas/ReduceInstructions.cpp.o
[3408/3560] Building CXX object tools/llvm-reduce/CMakeFiles/llvm-reduce.dir/deltas/ReduceGlobalVars.cpp.o
[3409/3560] Building CXX object tools/mlir/examples/minimal-opt/CMakeFiles/mlir-minimal-opt-canonicalize.dir/mlir-minimal-opt-canonicalize.cpp.o
[3410/3560] Linking CXX executable bin/mlir-query
[3411/3560] Building CXX object tools/llvm-reduce/CMakeFiles/llvm-reduce.dir/deltas/ReduceInstructionFlags.cpp.o
[3412/3560] Linking CXX executable bin/mlir-minimal-opt-canonicalize
[3413/3560] Building CXX object tools/llvm-reduce/CMakeFiles/llvm-reduce.dir/deltas/ReduceInlineCallSites.cpp.o
[3414/3560] Building CXX object tools/mlir/tools/tblgen-to-irdl/CMakeFiles/tblgen-to-irdl.dir/OpDefinitionsGen.cpp.o
[3415/3560] Building CXX object tools/llvm-reduce/CMakeFiles/llvm-reduce.dir/deltas/ReduceModuleData.cpp.o
[3416/3560] Building CXX object tools/mlir/test/lib/Transforms/CMakeFiles/MLIRTestTransforms.dir/TestInlining.cpp.o
[3417/3560] Linking CXX executable bin/tblgen-to-irdl
[3418/3560] Building CXX object tools/mlir/test/lib/Transforms/CMakeFiles/MLIRTestTransforms.dir/TestDialectConversion.cpp.o
[3419/3560] Building CXX object tools/llvm-reduce/CMakeFiles/llvm-reduce.dir/deltas/ReduceSpecialGlobals.cpp.o
[3420/3560] Building CXX object tools/llvm-reduce/CMakeFiles/llvm-reduce.dir/deltas/ReduceInvokes.cpp.o
[3421/3560] Linking CXX executable bin/mlir-rewrite
[3422/3560] Building CXX object tools/mlir/examples/transform-opt/CMakeFiles/mlir-transform-opt.dir/mlir-transform-opt.cpp.o
[3423/3560] Building CXX object tools/mlir/test/lib/Transforms/CMakeFiles/MLIRTestTransforms.dir/TestInliningCallback.cpp.o
[3424/3560] Building CXX object tools/llvm-reduce/CMakeFiles/llvm-reduce.dir/deltas/ReduceMetadata.cpp.o
[3425/3560] Building CXX object tools/llvm-reduce/CMakeFiles/llvm-reduce.dir/deltas/ReduceMemoryOperations.cpp.o
[3426/3560] Building CXX object tools/mlir/test/lib/Pass/CMakeFiles/MLIRTestPass.dir/TestVulkanRunnerPipeline.cpp.o
[3427/3560] Building CXX object tools/llvm-reduce/CMakeFiles/llvm-reduce.dir/deltas/ReduceOperandBundles.cpp.o
[3428/3560] Linking CXX static library lib/libMLIRTestPass.a
[3429/3560] Building CXX object tools/llvm-reduce/CMakeFiles/llvm-reduce.dir/deltas/ReduceOperands.cpp.o
[3430/3560] Building CXX object tools/mlir/test/lib/Transforms/CMakeFiles/MLIRTestTransforms.dir/TestMakeIsolatedFromAbove.cpp.o
[3431/3560] Linking CXX static library lib/libMLIRTestTransforms.a
[3432/3560] Building CXX object tools/llvm-reduce/CMakeFiles/llvm-reduce.dir/deltas/ReduceOpcodes.cpp.o
[3433/3560] Linking CXX static library lib/libMLIRMlirOptMain.a
[3434/3560] Building CXX object tools/llvm-reduce/CMakeFiles/llvm-reduce.dir/deltas/ReduceOperandsSkip.cpp.o
[3435/3560] Building CXX object tools/llvm-reduce/CMakeFiles/llvm-reduce.dir/deltas/ReduceValuesToReturn.cpp.o
[3436/3560] Building CXX object tools/llvm-reduce/CMakeFiles/llvm-reduce.dir/deltas/ReduceInstructionFlagsMIR.cpp.o
[3437/3560] Building CXX object tools/llvm-reduce/CMakeFiles/llvm-reduce.dir/deltas/ReduceTargetFeaturesAttr.cpp.o
[3438/3560] Building CXX object tools/llvm-reduce/CMakeFiles/llvm-reduce.dir/deltas/ReduceIRReferences.cpp.o
[3439/3560] Building CXX object tools/llvm-reduce/CMakeFiles/llvm-reduce.dir/deltas/ReduceVirtualRegisters.cpp.o
[3440/3560] Building CXX object tools/mlir/tools/mlir-runner/CMakeFiles/mlir-runner.dir/mlir-runner.cpp.o
[3441/3560] Building CXX object tools/llvm-reduce/CMakeFiles/llvm-reduce.dir/deltas/ReduceSinkDefsToUses.cpp.o
[3442/3560] Building CXX object tools/llvm-reduce/CMakeFiles/llvm-reduce.dir/deltas/ReduceRegisterMasks.cpp.o
[3443/3560] Building CXX object tools/llvm-reduce/CMakeFiles/llvm-reduce.dir/deltas/SimplifyInstructions.cpp.o
[3444/3560] Building CXX object tools/llvm-reduce/CMakeFiles/llvm-reduce.dir/deltas/ReduceInstructionsMIR.cpp.o
[3445/3560] Building CXX object tools/llvm-reduce/CMakeFiles/llvm-reduce.dir/deltas/ReduceOperandsToArgs.cpp.o
[3446/3560] Building CXX object tools/llvm-reduce/CMakeFiles/llvm-reduce.dir/deltas/ReduceRegisterUses.cpp.o
[3447/3560] Linking CXX executable bin/mlir-transform-opt
[3448/3560] Building CXX object tools/llvm-reduce/CMakeFiles/llvm-reduce.dir/deltas/ReduceRegisterDefs.cpp.o
[3449/3560] Building CXX object tools/llvm-remarkutil/CMakeFiles/llvm-remarkutil.dir/RemarkConvert.cpp.o
[3450/3560] Building CXX object tools/llvm-rust-demangle-fuzzer/CMakeFiles/llvm-rust-demangle-fuzzer.dir/DummyDemanglerFuzzer.cpp.o
[3451/3560] Building CXX object tools/llvm-reduce/CMakeFiles/llvm-reduce.dir/deltas/ReduceUsingSimplifyCFG.cpp.o
[3452/3560] Building CXX object tools/llvm-remarkutil/CMakeFiles/llvm-remarkutil.dir/RemarkUtil.cpp.o
[3453/3560] Building Opts.inc...
[3454/3560] Building CXX object tools/llvm-rust-demangle-fuzzer/CMakeFiles/llvm-rust-demangle-fuzzer.dir/llvm-rust-demangle-fuzzer.cpp.o
[3455/3560] Linking CXX executable bin/llvm-rust-demangle-fuzzer
[3456/3560] Building CXX object tools/llvm-reduce/CMakeFiles/llvm-reduce.dir/deltas/StripDebugInfo.cpp.o
[3457/3560] Building CXX object tools/llvm-remarkutil/CMakeFiles/llvm-remarkutil.dir/RemarkCount.cpp.o
[3458/3560] Building CXX object tools/llvm-special-case-list-fuzzer/CMakeFiles/llvm-special-case-list-fuzzer.dir/DummySpecialCaseListFuzzer.cpp.o
[3459/3560] Building CXX object tools/llvm-remarkutil/CMakeFiles/llvm-remarkutil.dir/RemarkUtilRegistry.cpp.o
[3460/3560] Building CXX object tools/llvm-size/CMakeFiles/llvm-size.dir/llvm-size-driver.cpp.o
[3461/3560] Building Opts.inc...
[3462/3560] Building CXX object tools/llvm-reduce/CMakeFiles/llvm-reduce.dir/llvm-reduce.cpp.o
[3463/3560] Building Opts.inc...
[3464/3560] Building CXX object tools/llvm-remarkutil/CMakeFiles/llvm-remarkutil.dir/RemarkFilter.cpp.o
[3465/3560] Building CXX object tools/llvm-remarkutil/CMakeFiles/llvm-remarkutil.dir/RemarkUtilHelpers.cpp.o
[3466/3560] Building Opts.inc...
[3467/3560] Linking CXX executable bin/mlir-runner
[3468/3560] Linking CXX executable bin/mlir-lsp-server
[3469/3560] Building CXX object tools/llvm-special-case-list-fuzzer/CMakeFiles/llvm-special-case-list-fuzzer.dir/special-case-list-fuzzer.cpp.o
[3470/3560] Linking CXX executable bin/llvm-special-case-list-fuzzer
[3471/3560] Building CXX object tools/llvm-symbolizer/CMakeFiles/llvm-symbolizer.dir/llvm-symbolizer-driver.cpp.o
[3472/3560] Linking CXX executable bin/mlir-opt
[3473/3560] Building CXX object tools/llvm-remarkutil/CMakeFiles/llvm-remarkutil.dir/RemarkInstructionMix.cpp.o
[3474/3560] Building CXX object tools/llvm-xray/CMakeFiles/llvm-xray.dir/llvm-xray.cpp.o
[3475/3560] Building CXX object tools/llvm-remarkutil/CMakeFiles/llvm-remarkutil.dir/RemarkSummary.cpp.o
[3476/3560] Building CXX object tools/llvm-xray/CMakeFiles/llvm-xray.dir/xray-color-helper.cpp.o
[3477/3560] Building CXX object tools/llvm-remarkutil/CMakeFiles/llvm-remarkutil.dir/RemarkCounter.cpp.o
[3478/3560] Building CXX object tools/llvm-strings/CMakeFiles/llvm-strings.dir/llvm-strings.cpp.o
[3479/3560] Building CXX object tools/llvm-xray/CMakeFiles/llvm-xray.dir/func-id-helper.cpp.o
[3480/3560] Linking CXX executable bin/llvm-strings
[3481/3560] Building CXX object tools/llvm-yaml-numeric-parser-fuzzer/CMakeFiles/llvm-yaml-numeric-parser-fuzzer.dir/DummyYAMLNumericParserFuzzer.cpp.o
[3482/3560] Building CXX object tools/llvm-remarkutil/CMakeFiles/llvm-remarkutil.dir/RemarkSizeDiff.cpp.o
[3483/3560] Linking CXX executable bin/llvm-remarkutil
[3484/3560] Building CXX object tools/llvm-yaml-parser-fuzzer/CMakeFiles/llvm-yaml-parser-fuzzer.dir/DummyYAMLParserFuzzer.cpp.o
[3485/3560] Building CXX object tools/llvm-xray/CMakeFiles/llvm-xray.dir/xray-registry.cpp.o
[3486/3560] Building CXX object tools/llvm-reduce/CMakeFiles/llvm-reduce.dir/deltas/RunIRPasses.cpp.o
[3487/3560] Building CXX object tools/llvm-xray/CMakeFiles/llvm-xray.dir/xray-fdr-dump.cpp.o
[3488/3560] Building CXX object tools/llvm-yaml-numeric-parser-fuzzer/CMakeFiles/llvm-yaml-numeric-parser-fuzzer.dir/yaml-numeric-parser-fuzzer.cpp.o
[3489/3560] Linking CXX executable bin/llvm-yaml-numeric-parser-fuzzer
[3490/3560] Building CXX object tools/llvm-size/CMakeFiles/llvm-size.dir/llvm-size.cpp.o
[3491/3560] Building CXX object tools/llvm-yaml-parser-fuzzer/CMakeFiles/llvm-yaml-parser-fuzzer.dir/yaml-parser-fuzzer.cpp.o
[3492/3560] Building CXX object tools/llvm-stress/CMakeFiles/llvm-stress.dir/llvm-stress.cpp.o
[3493/3560] Linking CXX executable bin/llvm-yaml-parser-fuzzer
[3494/3560] Building CXX object tools/llvm-sim/CMakeFiles/llvm-sim.dir/llvm-sim.cpp.o
[3495/3560] Building CXX object tools/llvm-xray/CMakeFiles/llvm-xray.dir/xray-extract.cpp.o
[3496/3560] Linking CXX executable bin/llvm-size
[3497/3560] Linking CXX executable bin/llvm-stress
[3498/3560] Linking CXX executable bin/llvm-sim
[3499/3560] Building CXX object tools/llvm-tli-checker/CMakeFiles/llvm-tli-checker.dir/llvm-tli-checker.cpp.o
[3500/3560] Building CXX object tools/llvm-symbolizer/CMakeFiles/llvm-symbolizer.dir/llvm-symbolizer.cpp.o
[3501/3560] Linking CXX executable bin/llvm-tli-checker
[3502/3560] Linking CXX executable bin/llvm-symbolizer
[3503/3560] Generating ../../bin/llvm-addr2line
[3504/3560] Building CXX object tools/llvm-split/CMakeFiles/llvm-split.dir/llvm-split.cpp.o
[3505/3560] Building CXX object tools/obj2yaml/CMakeFiles/obj2yaml.dir/archive2yaml.cpp.o
[3506/3560] Linking CXX executable bin/llvm-reduce
[3507/3560] Building CXX object tools/obj2yaml/CMakeFiles/obj2yaml.dir/obj2yaml.cpp.o
[3508/3560] Building CXX object tools/obj2yaml/CMakeFiles/obj2yaml.dir/minidump2yaml.cpp.o
[3509/3560] Building CXX object tools/llvm-xray/CMakeFiles/llvm-xray.dir/xray-converter.cpp.o
[3510/3560] Building CXX object tools/llvm-xray/CMakeFiles/llvm-xray.dir/xray-graph-diff.cpp.o
[3511/3560] Building Opts.inc...
[3512/3560] Building CXX object tools/remarks-shlib/CMakeFiles/Remarks.dir/libremarks.cpp.o
[3513/3560] Linking CXX shared library lib/libRemarks.so.22.0git
[3514/3560] Creating library symlink lib/libRemarks.so
[3515/3560] Building CXX object tools/llvm-xray/CMakeFiles/llvm-xray.dir/xray-graph.cpp.o
[3516/3560] Building CXX object tools/opt/CMakeFiles/opt.dir/opt.cpp.o
[3517/3560] Building CXX object tools/llvm-rtdyld/CMakeFiles/llvm-rtdyld.dir/llvm-rtdyld.cpp.o
[3518/3560] Building CXX object tools/sancov/CMakeFiles/sancov.dir/sancov-driver.cpp.o
[3519/3560] Linking CXX executable bin/llvm-split
[3520/3560] Building CXX object tools/obj2yaml/CMakeFiles/obj2yaml.dir/offload2yaml.cpp.o
[3521/3560] Building CXX object tools/llvm-xray/CMakeFiles/llvm-xray.dir/xray-stacks.cpp.o
[3522/3560] Linking CXX executable bin/llvm-rtdyld
[3523/3560] Building CXX object tools/obj2yaml/CMakeFiles/obj2yaml.dir/coff2yaml.cpp.o
[3524/3560] Building CXX object tools/obj2yaml/CMakeFiles/obj2yaml.dir/dxcontainer2yaml.cpp.o
[3525/3560] Building CXX object tools/obj2yaml/CMakeFiles/obj2yaml.dir/xcoff2yaml.cpp.o
[3526/3560] Building CXX object tools/llvm-xray/CMakeFiles/llvm-xray.dir/xray-account.cpp.o
[3527/3560] Building CXX object tools/obj2yaml/CMakeFiles/obj2yaml.dir/dwarf2yaml.cpp.o
[3528/3560] Building CXX object tools/sanstats/CMakeFiles/sanstats.dir/sanstats.cpp.o
[3529/3560] Linking CXX executable bin/llvm-xray
[3530/3560] Copying llvm-locstats into /home/zick/prj/triton_custom/llvm-project/build/./bin
[3531/3560] Linking CXX executable bin/sanstats
[3532/3560] Building CXX object unittests/CodeGen/CGPluginTest/Plugin/CMakeFiles/CGTestPlugin.dir/CodeGenTestPass.cpp.o
[3533/3560] Building CXX object tools/obj2yaml/CMakeFiles/obj2yaml.dir/wasm2yaml.cpp.o
[3534/3560] Building CXX object unittests/CodeGen/CGPluginTest/Plugin/CMakeFiles/CGTestPlugin.dir/Plugin.cpp.o
[3535/3560] Linking CXX shared module lib/CGTestPlugin.so
[3536/3560] Building CXX object tools/verify-uselistorder/CMakeFiles/verify-uselistorder.dir/verify-uselistorder.cpp.o
[3537/3560] Linking CXX executable bin/verify-uselistorder
[3538/3560] Building CXX object tools/yaml2obj/CMakeFiles/yaml2obj.dir/yaml2obj.cpp.o
[3539/3560] Linking CXX executable bin/yaml2obj
[3540/3560] Building CXX object unittests/Analysis/InlineAdvisorPlugin/CMakeFiles/InlineAdvisorPlugin.dir/InlineAdvisorPlugin.cpp.o
[3541/3560] Linking CXX shared module unittests/Analysis/InlineAdvisorPlugin.so
[3542/3560] Building CXX object examples/Bye/CMakeFiles/Bye.dir/Bye.cpp.o
[3543/3560] Linking CXX shared module lib/Bye.so
[3544/3560] Building CXX object unittests/Analysis/InlineOrderPlugin/CMakeFiles/InlineOrderPlugin.dir/InlineOrderPlugin.cpp.o
[3545/3560] Linking CXX shared module unittests/Analysis/InlineOrderPlugin.so
[3546/3560] Building CXX object examples/IRTransforms/CMakeFiles/ExampleIRTransforms.dir/SimplifyCFG.cpp.o
[3547/3560] Linking CXX shared module lib/ExampleIRTransforms.so
[3548/3560] Building CXX object tools/obj2yaml/CMakeFiles/obj2yaml.dir/macho2yaml.cpp.o
[3549/3560] Building CXX object unittests/Passes/Plugins/TestPlugin/CMakeFiles/TestPlugin.dir/TestPlugin.cpp.o
[3550/3560] Linking CXX shared module unittests/Passes/Plugins/TestPlugin.so
[3551/3560] Building CXX object tools/sancov/CMakeFiles/sancov.dir/sancov.cpp.o
[3552/3560] Building CXX object unittests/Passes/Plugins/DoublerPlugin/CMakeFiles/DoublerPlugin.dir/DoublerPlugin.cpp.o
[3553/3560] Linking CXX shared module unittests/Passes/Plugins/DoublerPlugin.so
[3554/3560] Linking CXX executable bin/sancov
[3555/3560] Building CXX object tools/opt/CMakeFiles/LLVMOptDriver.dir/optdriver.cpp.o
[3556/3560] Building CXX object tools/opt/CMakeFiles/LLVMOptDriver.dir/NewPMDriver.cpp.o
[3557/3560] Linking CXX static library lib/libLLVMOptDriver.a
[3558/3560] Linking CXX executable bin/opt
[3559/3560] Building CXX object tools/obj2yaml/CMakeFiles/obj2yaml.dir/elf2yaml.cpp.o
[3560/3560] Linking CXX executable bin/obj2yaml
